Dataset index,Type,Air temperature [K],Process temperature [K],Rotational speed [rpm],Torque [Nm],Tool wear [min],Temperature difference [K],Power [W],Overstrain indicator,Actual failure,Failure probability,Corrective action,Preventive action,Predictive action
2997,L,300.5,309.8,1345,62.7,153,9.300000000000011,8831.174028873587,9593.1,0,0.0162779101506212,CONTINUE OPERATION,CONTINUE OPERATION,CONTINUE OPERATION
4871,L,303.7,312.4,1513,40.1,135,8.699999999999989,6353.483678791414,5413.5,0,0.00363972720324028,CONTINUE OPERATION,CONTINUE OPERATION,CONTINUE OPERATION
3858,L,302.5,311.4,1559,37.6,209,8.899999999999977,6138.504493506264,7858.400000000001,0,0.10141758648405956,CONTINUE OPERATION,PERFORM MAINTENANCE,PERFORM MAINTENANCE
951,H,295.6,306.3,1509,35.8,60,10.699999999999989,5657.191555025283,2148.0,0,0.003666379768970011,CONTINUE OPERATION,CONTINUE OPERATION,CONTINUE OPERATION
6463,H,300.5,310.0,1358,60.4,102,9.5,8589.449418130878,6160.8,0,0.006074443919949894,CONTINUE OPERATION,CONTINUE OPERATION,CONTINUE OPERATION
3264,H,301.3,310.1,1455,44.1,188,8.800000000000011,6719.395447130529,8290.800000000001,0,0.0038545381115071297,CONTINUE OPERATION,CONTINUE OPERATION,CONTINUE OPERATION
4508,L,302.4,310.0,1426,46.6,102,7.600000000000023,6958.795279309583,4753.2,0,0.005684833748382577,CONTINUE OPERATION,CONTINUE OPERATION,CONTINUE OPERATION
2100,M,299.3,309.3,1471,46.0,42,10.0,7085.966949926898,1932.0,0,0.0037282145871133736,CONTINUE OPERATION,CONTINUE OPERATION,CONTINUE OPERATION
7885,L,300.7,312.3,1590,36.3,93,11.600000000000023,6044.110106241402,3375.8999999999996,0,0.0036634374763982293,CONTINUE OPERATION,CONTINUE OPERATION,CONTINUE OPERATION
2421,L,298.9,308.2,2384,15.0,19,9.300000000000011,3744.7784430790334,285.0,0,0.005314053911080812,CONTINUE OPERATION,CONTINUE OPERATION,CONTINUE OPERATION
128,L,299.0,308.6,1587,38.6,124,9.600000000000023,6414.9437030711415,4786.400000000001,0,0.0036416472546152274,CONTINUE OPERATION,CONTINUE OPERATION,CONTINUE OPERATION
7717,L,300.5,311.6,1365,53.0,85,11.100000000000023,7575.950684131786,4505.0,0,0.00397778344961758,CONTINUE OPERATION,CONTINUE OPERATION,CONTINUE OPERATION
6204,M,300.9,310.8,1519,34.9,73,9.900000000000034,5551.518850134035,2547.7,0,0.0036424622941318998,CONTINUE OPERATION,CONTINUE OPERATION,CONTINUE OPERATION
289,L,298.1,308.4,1436,46.7,103,10.299999999999955,7022.632442030528,4810.1,0,0.0036502417199430976,CONTINUE OPERATION,CONTINUE OPERATION,CONTINUE OPERATION
921,H,295.5,305.9,1593,37.2,197,10.399999999999977,6205.65080048899,7328.400000000001,0,0.00465417653172209,CONTINUE OPERATION,CONTINUE OPERATION,CONTINUE OPERATION
5086,L,304.0,313.0,1541,45.9,64,9.0,7407.027247148262,2937.6,0,0.003780426597262794,CONTINUE OPERATION,CONTINUE OPERATION,CONTINUE OPERATION
5106,L,304.0,313.3,1519,36.7,117,9.300000000000011,5837.84360458221,4293.900000000001,0,0.0037261548965134067,CONTINUE OPERATION,CONTINUE OPERATION,CONTINUE OPERATION
4851,L,303.7,312.1,1363,51.8,90,8.400000000000034,7393.570758615386,4662.0,1,0.7466417915966137,REPAIR AFTER FAILURE,CONTINUE OPERATION,PERFORM MAINTENANCE
8749,L,297.2,308.4,1677,26.4,146,11.199999999999989,4636.236774461673,3854.3999999999996,0,0.003773233722368534,CONTINUE OPERATION,CONTINUE OPERATION,CONTINUE OPERATION
132,M,298.7,308.4,1441,43.2,132,9.699999999999989,6518.930419904966,5702.400000000001,0,0.0036401305849835795,CONTINUE OPERATION,CONTINUE OPERATION,CONTINUE OPERATION
7381,L,299.7,310.3,1495,43.1,101,10.600000000000023,6747.565061257717,4353.1,0,0.003639864083070806,CONTINUE OPERATION,CONTINUE OPERATION,CONTINUE OPERATION
1391,L,298.9,310.2,2737,8.8,142,11.300000000000011,2522.2381339100775,1249.6000000000001,1,0.9929629539239251,REPAIR AFTER FAILURE,CONTINUE OPERATION,PERFORM MAINTENANCE
1739,H,298.5,307.9,1260,54.2,141,9.399999999999977,7151.521516631806,7642.200000000001,0,0.003978967364088041,CONTINUE OPERATION,CONTINUE OPERATION,CONTINUE OPERATION
4176,M,302.3,310.7,1544,39.7,141,8.399999999999977,6418.985885618762,5597.700000000001,0,0.003638926025097612,CONTINUE OPERATION,CONTINUE OPERATION,CONTINUE OPERATION
9601,L,298.9,310.1,2109,18.0,61,11.200000000000045,3975.3713438525247,1098.0,0,0.003919823437833254,CONTINUE OPERATION,CONTINUE OPERATION,CONTINUE OPERATION
6044,M,300.8,310.9,1522,41.7,115,10.099999999999966,6646.290586081494,4795.5,0,0.003638926025097612,CONTINUE OPERATION,CONTINUE OPERATION,CONTINUE OPERATION
884,L,295.8,306.4,1356,48.0,99,10.599999999999966,6815.999421228415,4752.0,0,0.003806245682824475,CONTINUE OPERATION,CONTINUE OPERATION,CONTINUE OPERATION
7435,L,299.9,311.3,1504,40.7,20,11.400000000000034,6410.18942618871,814.0,0,0.003643394490715871,CONTINUE OPERATION,CONTINUE OPERATION,CONTINUE OPERATION
2047,L,299.3,309.2,1775,24.2,125,9.899999999999977,4498.237081164985,3025.0,0,0.00368806050207376,CONTINUE OPERATION,CONTINUE OPERATION,CONTINUE OPERATION
5209,M,303.8,312.7,1507,38.5,180,8.899999999999977,6075.7878321651015,6930.0,0,0.0036517944669343877,CONTINUE OPERATION,CONTINUE OPERATION,CONTINUE OPERATION
1732,H,298.4,307.9,1700,28.2,120,9.5,5020.265060436489,3384.0,0,0.0036536452321299074,CONTINUE OPERATION,CONTINUE OPERATION,CONTINUE OPERATION
2446,L,299.3,308.6,1422,48.9,83,9.300000000000011,7281.771948049637,4058.7,0,0.0038102103034984456,CONTINUE OPERATION,CONTINUE OPERATION,CONTINUE OPERATION
1039,L,296.7,307.7,1524,36.8,82,11.0,5873.0189703269025,3017.6,0,0.003656019427789882,CONTINUE OPERATION,CONTINUE OPERATION,CONTINUE OPERATION
3438,L,301.4,310.4,1471,37.5,193,9.0,5776.6034917882325,7237.5,0,0.0037679691682786995,CONTINUE OPERATION,CONTINUE OPERATION,CONTINUE OPERATION
8826,M,297.2,308.8,1485,47.9,143,11.600000000000023,7448.873261294079,6849.7,0,0.0036438007503955872,CONTINUE OPERATION,CONTINUE OPERATION,CONTINUE OPERATION
3104,M,299.8,309.2,1678,29.8,202,9.399999999999977,5236.448522905515,6019.6,0,0.005798808426226401,CONTINUE OPERATION,PERFORM MAINTENANCE,CONTINUE OPERATION
4667,H,303.3,311.4,1651,30.6,50,8.099999999999966,5290.504860498284,1530.0,0,0.0036708329196660262,CONTINUE OPERATION,CONTINUE OPERATION,CONTINUE OPERATION
7293,L,300.1,310.5,1627,29.2,95,10.399999999999977,4975.068014126845,2774.0,0,0.003722386451140967,CONTINUE OPERATION,CONTINUE OPERATION,CONTINUE OPERATION
6894,L,301.1,311.7,1408,46.3,135,10.599999999999966,6826.722724152667,6250.5,0,0.0036841605668019224,CONTINUE OPERATION,CONTINUE OPERATION,CONTINUE OPERATION
5596,M,302.7,312.0,1538,36.7,74,9.300000000000011,5910.864689827148,2715.8,0,0.0036447873321095933,CONTINUE OPERATION,CONTINUE OPERATION,CONTINUE OPERATION
4495,L,302.6,310.4,1359,57.2,67,7.7999999999999545,8140.369220275728,3832.4,1,0.989155730898962,REPAIR AFTER FAILURE,CONTINUE OPERATION,PERFORM MAINTENANCE
8378,M,298.8,309.9,1331,61.6,46,11.099999999999966,8585.930834358856,2833.6,0,0.005916134246091866,CONTINUE OPERATION,CONTINUE OPERATION,CONTINUE OPERATION
2119,M,299.3,308.9,1858,24.7,101,9.599999999999966,4805.861833804498,2494.7,0,0.0036536452321299074,CONTINUE OPERATION,CONTINUE OPERATION,CONTINUE OPERATION
8582,M,297.5,308.1,1334,72.0,151,10.600000000000023,10058.123039733082,10872.0,1,0.9294728695575845,REPAIR AFTER FAILURE,CONTINUE OPERATION,PERFORM MAINTENANCE
9276,L,298.1,308.7,1691,30.3,49,10.599999999999966,5365.557508992544,1484.7,0,0.003640115871559538,CONTINUE OPERATION,CONTINUE OPERATION,CONTINUE OPERATION
5403,L,302.7,312.3,1858,25.4,2,9.600000000000023,4942.060347313127,50.8,0,0.0036814463083971695,CONTINUE OPERATION,CONTINUE OPERATION,CONTINUE OPERATION
1561,L,298.2,308.4,1388,53.8,137,10.199999999999989,7819.884881707521,7370.599999999999,0,0.0036869175336831073,CONTINUE OPERATION,CONTINUE OPERATION,CONTINUE OPERATION
553,M,297.4,309.3,1564,36.0,126,11.900000000000034,5896.141092257324,4536.0,0,0.0036404426947292596,CONTINUE OPERATION,CONTINUE OPERATION,CONTINUE OPERATION
7009,L,300.5,310.5,1536,36.2,12,10.0,5822.753487869467,434.40000000000003,0,0.0036512178976840434,CONTINUE OPERATION,CONTINUE OPERATION,CONTINUE OPERATION
1683,M,297.9,307.4,1403,52.8,0,9.5,7757.471907656203,0.0,0,0.004213554252534233,CONTINUE OPERATION,CONTINUE OPERATION,CONTINUE OPERATION
9808,M,298.2,309.0,1441,44.2,147,10.800000000000011,6669.831587032395,6497.400000000001,0,0.0036504090480398953,CONTINUE OPERATION,CONTINUE OPERATION,CONTINUE OPERATION
405,L,297.3,308.5,1350,57.6,186,11.199999999999989,8143.008158104744,10713.6,0,0.012929622005789159,CONTINUE OPERATION,CONTINUE OPERATION,CONTINUE OPERATION
1725,M,298.3,307.8,1392,50.4,101,9.5,7346.802915978947,5090.4,0,0.0036529232298975573,CONTINUE OPERATION,CONTINUE OPERATION,CONTINUE OPERATION
5182,L,303.9,313.1,1586,31.9,108,9.200000000000045,5298.128458670994,3445.2,0,0.00363972720324028,CONTINUE OPERATION,CONTINUE OPERATION,CONTINUE OPERATION
7967,M,301.0,312.2,1629,32.6,69,11.199999999999989,5561.18448353158,2249.4,0,0.003638926025097612,CONTINUE OPERATION,CONTINUE OPERATION,CONTINUE OPERATION
8742,L,297.4,308.8,1467,39.0,128,11.400000000000034,5991.3313496610945,4992.0,0,0.003638926025097612,CONTINUE OPERATION,CONTINUE OPERATION,CONTINUE OPERATION
6369,H,300.0,309.5,1781,24.9,70,9.5,4643.99650831604,1743.0,0,0.0037080405980715486,CONTINUE OPERATION,CONTINUE OPERATION,CONTINUE OPERATION
9146,L,297.6,308.6,1528,40.0,123,11.0,6400.471432913605,4920.0,0,0.0036404426947292596,CONTINUE OPERATION,CONTINUE OPERATION,CONTINUE OPERATION
3659,M,302.2,311.5,1734,25.0,116,9.300000000000011,4539.601384437251,2900.0,0,0.003654648657325635,CONTINUE OPERATION,CONTINUE OPERATION,CONTINUE OPERATION
6590,L,301.7,310.7,1763,25.9,3,9.0,4781.682042347368,77.69999999999999,0,0.0036487950836439744,CONTINUE OPERATION,CONTINUE OPERATION,CONTINUE OPERATION
1427,L,298.7,309.8,1394,40.3,11,11.100000000000023,5882.967347063271,443.29999999999995,0,0.0038159901141200077,CONTINUE OPERATION,CONTINUE OPERATION,CONTINUE OPERATION
5436,M,302.9,312.5,1679,30.9,79,9.600000000000023,5432.976087338579,2441.1,0,0.0036874723421090458,CONTINUE OPERATION,CONTINUE OPERATION,CONTINUE OPERATION
2484,H,298.8,308.6,1524,37.7,170,9.800000000000011,6016.652586449029,6409.000000000001,0,0.003721624815328227,CONTINUE OPERATION,CONTINUE OPERATION,CONTINUE OPERATION
215,L,298.3,308.6,1548,40.3,140,10.300000000000011,6532.879091286903,5642.0,0,0.0036416472546152274,CONTINUE OPERATION,CONTINUE OPERATION,CONTINUE OPERATION
9664,L,299.1,310.2,1317,54.8,231,11.099999999999966,7557.792278594038,12658.8,1,0.9889382879890393,REPAIR AFTER FAILURE,PERFORM MAINTENANCE,PERFORM MAINTENANCE
4632,M,302.9,311.2,1330,53.7,200,8.300000000000011,7479.189630401221,10740.0,1,0.7657193756383591,REPAIR AFTER FAILURE,PERFORM MAINTENANCE,PERFORM MAINTENANCE
866,L,295.9,306.6,1678,26.7,53,10.700000000000045,4691.717300724069,1415.1,0,0.003640100013952964,CONTINUE OPERATION,CONTINUE OPERATION,CONTINUE OPERATION
6283,L,301.3,310.8,1719,29.5,62,9.5,5310.3911419955075,1829.0,0,0.0036548009341311498,CONTINUE OPERATION,CONTINUE OPERATION,CONTINUE OPERATION
7017,M,300.7,310.6,1474,37.0,33,9.900000000000034,5711.206004716006,1221.0,0,0.00367816211769864,CONTINUE OPERATION,CONTINUE OPERATION,CONTINUE OPERATION
1231,M,297.2,308.5,1604,40.7,158,11.300000000000011,6836.398829525725,6430.6,0,0.003642583908816232,CONTINUE OPERATION,CONTINUE OPERATION,CONTINUE OPERATION
1290,L,298.6,309.7,1429,45.8,113,11.099999999999966,6853.719477022517,5175.4,0,0.0037879070943749537,CONTINUE OPERATION,CONTINUE OPERATION,CONTINUE OPERATION
6742,H,301.7,311.2,1639,30.0,161,9.5,5149.070359233671,4830.0,0,0.003709283706723457,CONTINUE OPERATION,CONTINUE OPERATION,CONTINUE OPERATION
1849,L,297.7,307.2,1668,32.7,31,9.5,5711.792435344675,1013.7,0,0.0036500748186349364,CONTINUE OPERATION,CONTINUE OPERATION,CONTINUE OPERATION
1019,L,296.3,307.3,1398,52.7,31,11.0,7715.186070538886,1633.7,0,0.003700806033447993,CONTINUE OPERATION,CONTINUE OPERATION,CONTINUE OPERATION
3964,M,302.3,311.6,1668,33.2,52,9.300000000000011,5799.128711114471,1726.4,0,0.0037340927976225297,CONTINUE OPERATION,CONTINUE OPERATION,CONTINUE OPERATION
351,M,297.6,308.4,1611,31.0,48,10.799999999999955,5229.809290430929,1488.0,0,0.0036537559654900424,CONTINUE OPERATION,CONTINUE OPERATION,CONTINUE OPERATION
5039,H,304.1,313.3,1689,32.5,134,9.199999999999989,5748.329157905923,4355.0,0,0.003640115871559538,CONTINUE OPERATION,CONTINUE OPERATION,CONTINUE OPERATION
7055,L,300.8,310.6,1663,30.6,139,9.800000000000011,5328.957954578223,4253.400000000001,0,0.0044400367385752345,CONTINUE OPERATION,CONTINUE OPERATION,CONTINUE OPERATION
8107,H,300.3,311.9,1390,49.0,194,11.599999999999966,7132.4625212000265,9506.0,0,0.004487580144249238,CONTINUE OPERATION,CONTINUE OPERATION,CONTINUE OPERATION
4617,M,303.1,311.4,1831,23.3,161,8.299999999999955,4467.585608841461,3751.3,0,0.0037386476805963296,CONTINUE OPERATION,CONTINUE OPERATION,CONTINUE OPERATION
585,L,297.6,309.5,2001,20.5,220,11.899999999999977,4295.656714886004,4510.0,0,0.044169252070384864,CONTINUE OPERATION,PERFORM MAINTENANCE,CONTINUE OPERATION
6299,L,301.2,310.6,1385,49.2,105,9.400000000000034,7135.813553363857,5166.0,0,0.0037858824645446557,CONTINUE OPERATION,CONTINUE OPERATION,CONTINUE OPERATION
2137,L,299.3,308.9,1623,31.1,152,9.599999999999966,5285.7610555913625,4727.2,0,0.0036532360542813522,CONTINUE OPERATION,CONTINUE OPERATION,CONTINUE OPERATION
9317,L,298.5,309.5,1480,38.1,160,11.0,5904.937551687375,6096.0,0,0.003641068642956774,CONTINUE OPERATION,CONTINUE OPERATION,CONTINUE OPERATION
9924,M,298.5,308.6,1384,54.4,44,10.100000000000023,7884.308475057136,2393.6,0,0.003777349847703053,CONTINUE OPERATION,CONTINUE OPERATION,CONTINUE OPERATION
80,H,298.8,308.8,1445,49.9,4,10.0,7550.870302780627,199.6,0,0.0040170206881278755,CONTINUE OPERATION,CONTINUE OPERATION,CONTINUE OPERATION
555,M,297.4,309.4,1539,42.2,134,12.0,6801.108272050401,5654.8,0,0.003694934748844466,CONTINUE OPERATION,CONTINUE OPERATION,CONTINUE OPERATION
3474,M,301.9,310.8,1557,35.3,65,8.900000000000034,5755.617652862252,2294.5,0,0.0036447873321095933,CONTINUE OPERATION,CONTINUE OPERATION,CONTINUE OPERATION
5821,L,301.3,311.1,1303,49.2,212,9.800000000000011,6713.332173309101,10430.400000000001,0,0.028956358116387304,CONTINUE OPERATION,PERFORM MAINTENANCE,CONTINUE OPERATION
6220,L,301.1,310.8,1470,49.3,116,9.699999999999989,7589.145373276862,5718.799999999999,0,0.0038920562346947143,CONTINUE OPERATION,CONTINUE OPERATION,CONTINUE OPERATION
3026,M,300.4,309.5,1888,21.9,221,9.100000000000023,4329.868658883596,4839.9,0,0.0712043638246902,CONTINUE OPERATION,PERFORM MAINTENANCE,CONTINUE OPERATION
7973,L,301.1,312.3,1682,29.7,83,11.199999999999989,5231.317254904651,2465.1,0,0.003645477640388993,CONTINUE OPERATION,CONTINUE OPERATION,CONTINUE OPERATION
3916,L,302.6,311.6,1453,37.0,135,9.0,5629.838754988029,4995.0,0,0.003667176243316557,CONTINUE OPERATION,CONTINUE OPERATION,CONTINUE OPERATION
221,H,298.4,308.5,1827,24.3,153,10.100000000000023,4649.148720267927,3717.9,0,0.003642496438592583,CONTINUE OPERATION,CONTINUE OPERATION,CONTINUE OPERATION
8704,L,297.1,308.5,1425,40.0,35,11.399999999999977,5969.026041820606,1400.0,0,0.0037133518527916903,CONTINUE OPERATION,CONTINUE OPERATION,CONTINUE OPERATION
4111,M,302.0,310.6,1563,41.0,184,8.600000000000023,6710.756067333157,7544.0,0,0.004159356464756678,CONTINUE OPERATION,CONTINUE OPERATION,CONTINUE OPERATION
4231,L,302.2,310.8,1340,47.8,54,8.600000000000023,6707.509754924447,2581.2,0,0.9792368438998856,CONTINUE OPERATION,CONTINUE OPERATION,PERFORM MAINTENANCE
7884,L,300.8,312.4,1465,59.1,91,11.599999999999966,9066.793477892823,5378.1,1,0.2774172489078196,REPAIR AFTER FAILURE,CONTINUE OPERATION,PERFORM MAINTENANCE
871,L,295.8,306.4,1339,53.2,67,10.599999999999966,7459.690811997941,3564.4,0,0.003694655881390638,CONTINUE OPERATION,CONTINUE OPERATION,CONTINUE OPERATION
6750,M,301.7,311.0,1505,44.0,187,9.300000000000011,6934.54218402387,8228.0,0,0.0038778569918397317,CONTINUE OPERATION,CONTINUE OPERATION,CONTINUE OPERATION
5953,M,300.7,310.9,1486,38.9,106,10.199999999999989,6053.367332593981,4123.4,0,0.003638926025097612,CONTINUE OPERATION,CONTINUE OPERATION,CONTINUE OPERATION
4381,L,301.9,309.6,1446,43.2,225,7.7000000000000455,6541.549887010811,9720.0,0,0.03681037137268041,CONTINUE OPERATION,PERFORM MAINTENANCE,CONTINUE OPERATION
3640,H,302.4,311.6,1544,39.1,70,9.200000000000045,6321.973504475909,2737.0,0,0.0036404426947292596,CONTINUE OPERATION,CONTINUE OPERATION,CONTINUE OPERATION
9837,M,298.4,309.3,1355,50.6,8,10.900000000000034,7179.900570269234,404.8,0,0.003762162683778769,CONTINUE OPERATION,CONTINUE OPERATION,CONTINUE OPERATION
7621,L,300.5,311.5,1490,38.4,67,11.0,5991.645508926454,2572.7999999999997,0,0.0036461514053436296,CONTINUE OPERATION,CONTINUE OPERATION,CONTINUE OPERATION
3977,M,302.2,311.3,1510,36.6,91,9.100000000000023,5787.441986443117,3330.6,0,0.003648039527592778,CONTINUE OPERATION,CONTINUE OPERATION,CONTINUE OPERATION
5496,M,302.9,312.5,1924,24.0,17,9.600000000000023,4835.539412405409,408.0,0,0.003759777929517085,CONTINUE OPERATION,CONTINUE OPERATION,CONTINUE OPERATION
2790,L,300.4,309.6,1356,45.9,64,9.200000000000045,6517.79944654967,2937.6,0,0.00374968731250412,CONTINUE OPERATION,CONTINUE OPERATION,CONTINUE OPERATION
3132,L,300.1,309.5,1557,40.6,59,9.399999999999977,6619.775544085197,2395.4,0,0.0036413826600562222,CONTINUE OPERATION,CONTINUE OPERATION,CONTINUE OPERATION
2261,M,299.1,308.2,1435,45.2,45,9.099999999999966,6792.332756571373,2034.0000000000002,0,0.004443525358359034,CONTINUE OPERATION,CONTINUE OPERATION,CONTINUE OPERATION
1426,M,298.7,309.7,1622,34.6,8,11.0,5876.99832102145,276.8,0,0.003639864083070806,CONTINUE OPERATION,CONTINUE OPERATION,CONTINUE OPERATION
1733,L,298.4,308.0,1515,42.8,125,9.600000000000023,6790.238361468979,5350.0,0,0.0036401305849835795,CONTINUE OPERATION,CONTINUE OPERATION,CONTINUE OPERATION
3080,M,299.9,309.2,1539,43.2,132,9.300000000000011,6962.271975179557,5702.400000000001,0,0.0036802611259730937,CONTINUE OPERATION,CONTINUE OPERATION,CONTINUE OPERATION
6538,L,301.4,310.7,1487,44.6,88,9.300000000000011,6945.035103486861,3924.8,0,0.0037186307177410234,CONTINUE OPERATION,CONTINUE OPERATION,CONTINUE OPERATION
8023,H,300.9,312.0,1397,42.7,212,11.100000000000023,6246.732360422433,9052.400000000001,0,0.015367756317906761,CONTINUE OPERATION,PERFORM MAINTENANCE,CONTINUE OPERATION
7225,M,299.8,309.7,1910,21.8,141,9.899999999999977,4360.321163672394,3073.8,0,0.0036652159666682414,CONTINUE OPERATION,CONTINUE OPERATION,CONTINUE OPERATION
3836,L,302.4,311.2,1466,43.9,152,8.800000000000011,6739.491168137991,6672.8,0,0.003641693686385657,CONTINUE OPERATION,CONTINUE OPERATION,CONTINUE OPERATION
5448,L,303.0,312.7,1551,41.8,111,9.699999999999989,6789.170219966759,4639.799999999999,0,0.003699620527811877,CONTINUE OPERATION,CONTINUE OPERATION,CONTINUE OPERATION
6434,M,300.3,309.9,1494,38.5,33,9.599999999999966,6023.37559472771,1270.5,0,0.003683222904782198,CONTINUE OPERATION,CONTINUE OPERATION,CONTINUE OPERATION
196,H,298.3,308.6,1432,49.5,91,10.300000000000011,7422.955121901963,4504.5,0,0.003702614280711861,CONTINUE OPERATION,CONTINUE OPERATION,CONTINUE OPERATION
561,M,297.5,309.4,1678,34.4,148,11.899999999999977,6044.759368723145,5091.2,0,0.003656658503105451,CONTINUE OPERATION,CONTINUE OPERATION,CONTINUE OPERATION
9174,L,297.8,308.9,1871,25.6,200,11.099999999999966,5015.824942819416,5120.0,1,0.004162851683917574,REPAIR AFTER FAILURE,PERFORM MAINTENANCE,CONTINUE OPERATION
4566,L,302.8,310.8,1402,50.5,30,8.0,7414.263382227032,1515.0,0,0.005392423671451023,CONTINUE OPERATION,CONTINUE OPERATION,CONTINUE OPERATION
9025,L,297.5,308.4,1440,35.9,13,10.899999999999977,5413.592460665931,466.7,0,0.0037458071642917264,CONTINUE OPERATION,CONTINUE OPERATION,CONTINUE OPERATION
986,H,296.4,307.1,1638,32.5,146,10.700000000000045,5574.756163795088,4745.0,0,0.003665103677490755,CONTINUE OPERATION,CONTINUE OPERATION,CONTINUE OPERATION
9744,L,298.8,310.1,1574,36.2,181,11.300000000000011,5966.80598301207,6552.200000000001,0,0.003646655543777412,CONTINUE OPERATION,CONTINUE OPERATION,CONTINUE OPERATION
7874,L,300.7,312.3,1548,37.9,58,11.600000000000023,6143.824257066343,2198.2,0,0.0036634374763982293,CONTINUE OPERATION,CONTINUE OPERATION,CONTINUE OPERATION
3806,M,302.3,310.9,1360,44.0,67,8.599999999999966,6266.430146360441,2948.0,1,0.7071335733168256,REPAIR AFTER FAILURE,CONTINUE OPERATION,PERFORM MAINTENANCE
6707,L,301.3,310.6,1556,39.0,72,9.300000000000011,6354.813619681434,2808.0,0,0.0036412438728719277,CONTINUE OPERATION,CONTINUE OPERATION,CONTINUE OPERATION
9801,M,298.4,309.3,1496,45.6,129,10.900000000000034,7143.730366850903,5882.400000000001,0,0.003649030665881822,CONTINUE OPERATION,CONTINUE OPERATION,CONTINUE OPERATION
1848,H,297.7,307.2,1429,44.1,26,9.5,6599.323775910328,1146.6000000000001,0,0.004046803612056624,CONTINUE OPERATION,CONTINUE OPERATION,CONTINUE OPERATION
1916,L,298.0,307.7,1387,50.8,204,9.699999999999989,7378.512057829178,10363.199999999999,0,0.006791551828955404,CONTINUE OPERATION,PERFORM MAINTENANCE,CONTINUE OPERATION
4966,L,303.8,312.6,1793,28.1,170,8.800000000000011,5276.126838120355,4777.0,0,0.003647646880831668,CONTINUE OPERATION,CONTINUE OPERATION,CONTINUE OPERATION
3678,L,302.2,311.5,1567,33.1,168,9.300000000000011,5431.572842619978,5560.8,0,0.003649992889951012,CONTINUE OPERATION,CONTINUE OPERATION,CONTINUE OPERATION
8358,L,298.7,309.7,1547,37.4,0,11.0,6058.85464776225,0.0,0,0.0036413826600562222,CONTINUE OPERATION,CONTINUE OPERATION,CONTINUE OPERATION
8751,M,297.4,308.5,1472,42.0,150,11.100000000000023,6474.194140517845,6300.0,0,0.003638926025097612,CONTINUE OPERATION,CONTINUE OPERATION,CONTINUE OPERATION
7384,L,299.7,310.4,1614,36.2,108,10.699999999999989,6118.440188425338,3909.6000000000004,0,0.0036413826600562222,CONTINUE OPERATION,CONTINUE OPERATION,CONTINUE OPERATION
7252,H,300.2,310.4,1501,42.9,212,10.199999999999989,6743.20871944474,9094.8,0,0.012555213326511919,CONTINUE OPERATION,PERFORM MAINTENANCE,CONTINUE OPERATION
3417,L,301.6,310.6,1621,33.7,137,9.0,5720.599366750239,4616.900000000001,0,0.0036432634722745674,CONTINUE OPERATION,CONTINUE OPERATION,CONTINUE OPERATION
1429,M,298.9,310.0,1456,43.8,15,11.100000000000023,6678.271999295039,657.0,0,0.0036897096721393344,CONTINUE OPERATION,CONTINUE OPERATION,CONTINUE OPERATION
6438,L,300.4,310.0,1581,30.3,42,9.600000000000023,5016.526565178718,1272.6000000000001,0,0.0036942775800747328,CONTINUE OPERATION,CONTINUE OPERATION,CONTINUE OPERATION
7398,M,299.7,310.7,1498,37.8,146,11.0,5929.693301797663,5518.799999999999,0,0.0037167979948423266,CONTINUE OPERATION,CONTINUE OPERATION,CONTINUE OPERATION
2747,L,299.7,309.2,1616,31.6,175,9.5,5347.577127038498,5530.0,0,0.0037698488821957263,CONTINUE OPERATION,CONTINUE OPERATION,CONTINUE OPERATION
1664,L,298.2,308.0,1535,38.0,179,9.800000000000011,6108.3033161297535,6802.0,0,0.0037541007208772544,CONTINUE OPERATION,CONTINUE OPERATION,CONTINUE OPERATION
2671,M,299.7,309.3,1399,41.9,221,9.600000000000023,6138.473077579729,9259.9,1,0.010174420988640027,REPAIR AFTER FAILURE,PERFORM MAINTENANCE,CONTINUE OPERATION
7684,M,300.7,311.8,1407,42.4,224,11.100000000000023,6247.245487222519,9497.6,0,0.008913641809503488,CONTINUE OPERATION,PERFORM MAINTENANCE,CONTINUE OPERATION
4339,L,301.7,309.9,1524,46.6,104,8.199999999999989,7437.029456990045,4846.400000000001,0,0.004152875341508534,CONTINUE OPERATION,CONTINUE OPERATION,CONTINUE OPERATION
7605,H,300.4,311.3,2026,20.3,26,10.900000000000034,4306.893144610343,527.8000000000001,0,0.0036436362829872517,CONTINUE OPERATION,CONTINUE OPERATION,CONTINUE OPERATION
2324,L,299.3,308.8,1636,29.9,201,9.5,5122.513429335325,6009.9,0,0.004421019380810321,CONTINUE OPERATION,PERFORM MAINTENANCE,CONTINUE OPERATION
8991,M,297.3,308.0,1598,29.4,148,10.699999999999989,4919.859759227758,4351.2,0,0.0038459737210735654,CONTINUE OPERATION,CONTINUE OPERATION,CONTINUE OPERATION
8464,H,298.6,309.7,1672,27.5,54,11.099999999999966,4815.014340401957,1485.0,0,0.003737403149378718,CONTINUE OPERATION,CONTINUE OPERATION,CONTINUE OPERATION
8488,L,298.4,309.4,1385,43.2,119,11.0,6265.592388319485,5140.8,0,0.0037995011907429417,CONTINUE OPERATION,CONTINUE OPERATION,CONTINUE OPERATION
2700,L,299.9,309.3,1473,40.4,59,9.400000000000034,6231.788851366857,2383.6,0,0.003639864083070806,CONTINUE OPERATION,CONTINUE OPERATION,CONTINUE OPERATION
6495,M,300.6,309.8,1694,31.1,187,9.199999999999989,5516.992746871084,5815.7,0,0.0045174406674638005,CONTINUE OPERATION,CONTINUE OPERATION,CONTINUE OPERATION
6276,L,301.2,310.8,1233,64.6,45,9.600000000000023,8341.116990840115,2906.9999999999995,0,0.01673294906273723,CONTINUE OPERATION,CONTINUE OPERATION,CONTINUE OPERATION
3117,M,300.1,309.3,1469,43.9,20,9.199999999999989,6753.282759887251,878.0,0,0.0037752600473519643,CONTINUE OPERATION,CONTINUE OPERATION,CONTINUE OPERATION
2547,L,299.2,309.1,1578,38.1,109,9.900000000000034,6295.940173353161,4152.900000000001,0,0.0036416472546152274,CONTINUE OPERATION,CONTINUE OPERATION,CONTINUE OPERATION
2707,M,299.6,309.0,1539,36.1,76,9.399999999999977,5818.009682962546,2743.6,0,0.0036515914882665848,CONTINUE OPERATION,CONTINUE OPERATION,CONTINUE OPERATION
6432,M,300.3,309.9,1447,46.5,28,9.599999999999966,7046.121083103867,1302.0,0,0.004144211660335658,CONTINUE OPERATION,CONTINUE OPERATION,CONTINUE OPERATION
2444,L,299.2,308.6,1267,68.2,76,9.400000000000034,9048.77120803673,5183.2,1,0.9862338770083066,REPAIR AFTER FAILURE,CONTINUE OPERATION,PERFORM MAINTENANCE
3912,L,302.4,311.4,1475,40.4,126,9.0,6240.250207580526,5090.4,0,0.00363972720324028,CONTINUE OPERATION,CONTINUE OPERATION,CONTINUE OPERATION
7986,L,301.1,312.3,1587,34.5,115,11.199999999999989,5733.563672434051,3967.5,0,0.0036499932221228373,CONTINUE OPERATION,CONTINUE OPERATION,CONTINUE OPERATION
8744,M,297.4,308.7,1798,23.0,135,11.300000000000011,4330.580753218411,3105.0,0,0.0036412898604148898,CONTINUE OPERATION,CONTINUE OPERATION,CONTINUE OPERATION
1713,L,298.2,307.8,1515,46.7,74,9.600000000000023,7408.975034593489,3455.8,0,0.003645790433420232,CONTINUE OPERATION,CONTINUE OPERATION,CONTINUE OPERATION
3910,L,302.4,311.4,1831,26.9,121,9.0,5157.856346688211,3254.8999999999996,0,0.003644453318736493,CONTINUE OPERATION,CONTINUE OPERATION,CONTINUE OPERATION
2022,L,298.7,308.4,1373,46.9,60,9.699999999999989,6743.292495248836,2814.0,0,0.0036696716082291045,CONTINUE OPERATION,CONTINUE OPERATION,CONTINUE OPERATION
530,M,297.6,309.5,1709,32.2,65,11.899999999999977,5762.707180283854,2093.0,0,0.003640115871559538,CONTINUE OPERATION,CONTINUE OPERATION,CONTINUE OPERATION
597,H,297.6,309.6,1428,46.6,13,12.0,6968.555160486735,605.8000000000001,0,0.005083137123048869,CONTINUE OPERATION,CONTINUE OPERATION,CONTINUE OPERATION
11,H,298.6,309.1,1423,44.3,29,10.5,6601.41817101272,1284.6999999999998,0,0.004146341162713336,CONTINUE OPERATION,CONTINUE OPERATION,CONTINUE OPERATION
4887,L,303.7,312.5,1481,33.3,182,8.800000000000011,5164.495579162796,6060.599999999999,0,0.0037184653610523076,CONTINUE OPERATION,CONTINUE OPERATION,CONTINUE OPERATION
1303,L,298.7,309.9,1593,42.5,146,11.199999999999989,7089.789220988765,6205.0,0,0.00370165085568045,CONTINUE OPERATION,CONTINUE OPERATION,CONTINUE OPERATION
5967,L,300.4,310.8,1390,52.5,144,10.400000000000034,7641.9241298571715,7560.0,0,0.003737358890214979,CONTINUE OPERATION,CONTINUE OPERATION,CONTINUE OPERATION
9372,L,297.7,308.4,1487,41.4,84,10.699999999999989,6446.736620725471,3477.6,0,0.003638926025097612,CONTINUE OPERATION,CONTINUE OPERATION,CONTINUE OPERATION
7682,M,300.7,311.7,1412,49.1,219,11.0,7260.136846641917,10752.9,0,0.019301400475035722,CONTINUE OPERATION,PERFORM MAINTENANCE,CONTINUE OPERATION
6802,M,301.1,310.7,1621,31.0,108,9.599999999999966,5262.272414518024,3348.0,0,0.0036536110876692245,CONTINUE OPERATION,CONTINUE OPERATION,CONTINUE OPERATION
2420,H,298.8,308.2,1450,44.7,14,9.399999999999977,6787.410928080749,625.8000000000001,0,0.003887836969267365,CONTINUE OPERATION,CONTINUE OPERATION,CONTINUE OPERATION
8600,L,297.5,308.3,1435,40.3,197,10.800000000000011,6055.995798447484,7939.099999999999,0,0.004126804460563406,CONTINUE OPERATION,CONTINUE OPERATION,CONTINUE OPERATION
1449,H,299.0,310.4,1677,30.8,73,11.399999999999977,5408.942903538619,2248.4,0,0.003650670159345358,CONTINUE OPERATION,CONTINUE OPERATION,CONTINUE OPERATION
2742,L,299.6,309.1,1369,51.4,164,9.5,7368.773120603051,8429.6,0,0.0037703712482187136,CONTINUE OPERATION,CONTINUE OPERATION,CONTINUE OPERATION
7100,L,300.7,310.2,1569,32.8,31,9.5,5389.213701674074,1016.8,0,0.0036500748186349364,CONTINUE OPERATION,CONTINUE OPERATION,CONTINUE OPERATION
6945,M,300.8,311.4,1852,22.2,53,10.599999999999966,4305.48989989174,1176.6,0,0.0036448261294491774,CONTINUE OPERATION,CONTINUE OPERATION,CONTINUE OPERATION
2050,M,299.5,309.3,1675,29.2,132,9.800000000000011,5121.843222902559,3854.4,0,0.0037315437752029517,CONTINUE OPERATION,CONTINUE OPERATION,CONTINUE OPERATION
7561,L,300.3,311.1,1388,49.4,128,10.800000000000011,7180.3403932407355,6323.2,0,0.0037447608227829804,CONTINUE OPERATION,CONTINUE OPERATION,CONTINUE OPERATION
6933,L,300.8,311.4,1492,40.6,20,10.599999999999966,6343.420110324415,812.0,0,0.00369412519736624,CONTINUE OPERATION,CONTINUE OPERATION,CONTINUE OPERATION
8962,L,297.3,307.9,1628,30.2,80,10.599999999999966,5148.609592311145,2416.0,0,0.003638926025097612,CONTINUE OPERATION,CONTINUE OPERATION,CONTINUE OPERATION
3763,L,302.3,311.0,1428,47.9,174,8.699999999999989,7162.956913890871,8334.6,0,0.004222773325494622,CONTINUE OPERATION,CONTINUE OPERATION,CONTINUE OPERATION
2704,M,299.7,309.2,1608,34.4,68,9.5,5792.594198395004,2339.2,0,0.0037447394494231493,CONTINUE OPERATION,CONTINUE OPERATION,CONTINUE OPERATION
4699,L,303.5,311.6,1428,46.2,139,8.100000000000023,6908.739236362386,6421.8,0,0.007092244095011182,CONTINUE OPERATION,CONTINUE OPERATION,CONTINUE OPERATION
2030,L,298.9,308.6,1400,49.5,79,9.700000000000045,7257.079029792421,3910.5,0,0.0036915431963342937,CONTINUE OPERATION,CONTINUE OPERATION,CONTINUE OPERATION
8603,H,297.3,308.0,1384,49.1,206,10.699999999999989,7116.168127303408,10114.6,0,0.009000555279123416,CONTINUE OPERATION,PERFORM MAINTENANCE,CONTINUE OPERATION
8482,L,298.4,309.5,1520,38.1,106,11.100000000000023,6064.530458489738,4038.6000000000004,0,0.003641068642956774,CONTINUE OPERATION,CONTINUE OPERATION,CONTINUE OPERATION
5422,M,302.7,312.4,1422,44.5,49,9.699999999999989,6626.5613842169505,2180.5,0,0.003940659518154807,CONTINUE OPERATION,CONTINUE OPERATION,CONTINUE OPERATION
8276,L,298.8,310.5,1384,52.8,200,11.699999999999989,7652.417049320161,10560.0,0,0.008315088343489038,CONTINUE OPERATION,PERFORM MAINTENANCE,CONTINUE OPERATION
647,L,297.7,309.3,1559,36.9,145,11.600000000000023,6024.223824744179,5350.5,0,0.0037170646508366163,CONTINUE OPERATION,CONTINUE OPERATION,CONTINUE OPERATION
842,M,296.6,307.5,1566,35.0,201,10.899999999999977,5739.689778108552,7035.0,0,0.004338927722163656,CONTINUE OPERATION,PERFORM MAINTENANCE,CONTINUE OPERATION
7297,L,300.1,310.5,1500,39.8,107,10.399999999999977,6251.769380643688,4258.599999999999,0,0.003647883336413078,CONTINUE OPERATION,CONTINUE OPERATION,CONTINUE OPERATION
6397,M,300.0,309.6,1587,32.6,152,9.600000000000023,5417.802194821742,4955.2,0,0.0036529662389663655,CONTINUE OPERATION,CONTINUE OPERATION,CONTINUE OPERATION
6501,M,300.9,310.0,1600,36.0,204,9.100000000000023,6031.857894892403,7344.0,0,0.008028888706203193,CONTINUE OPERATION,PERFORM MAINTENANCE,CONTINUE OPERATION
9503,M,299.2,310.3,1551,44.8,18,11.100000000000023,7276.431240538535,806.4,0,0.00384158396064718,CONTINUE OPERATION,CONTINUE OPERATION,CONTINUE OPERATION
4126,M,302.0,310.6,1623,34.3,9,8.600000000000023,5829.6335757808265,308.7,0,0.003751440293620413,CONTINUE OPERATION,CONTINUE OPERATION,CONTINUE OPERATION
5590,M,302.5,311.9,1340,59.4,60,9.399999999999977,8335.27362850444,3564.0,0,0.012692491912722662,CONTINUE OPERATION,CONTINUE OPERATION,CONTINUE OPERATION
5171,M,304.2,313.4,1329,54.5,75,9.199999999999989,7584.904223194518,4087.5,0,0.004591998767871879,CONTINUE OPERATION,CONTINUE OPERATION,CONTINUE OPERATION
8831,H,297.4,308.7,1726,26.8,158,11.300000000000011,4844.000768619078,4234.400000000001,0,0.003933297254717422,CONTINUE OPERATION,CONTINUE OPERATION,CONTINUE OPERATION
6090,L,300.9,310.8,1708,29.1,14,9.900000000000034,5204.865044761426,407.40000000000003,0,0.0038008468481532413,CONTINUE OPERATION,CONTINUE OPERATION,CONTINUE OPERATION
8838,L,297.5,309.0,1320,54.7,179,11.5,7561.185198659914,9791.300000000001,0,0.004006068646586643,CONTINUE OPERATION,CONTINUE OPERATION,CONTINUE OPERATION
9743,L,298.9,310.2,1562,42.5,179,11.300000000000011,6951.820943618614,7607.5,0,0.0038404893143142785,CONTINUE OPERATION,CONTINUE OPERATION,CONTINUE OPERATION
8677,M,297.3,308.5,1664,28.9,174,11.199999999999989,5035.931135802391,5028.599999999999,0,0.004631816494470755,CONTINUE OPERATION,CONTINUE OPERATION,CONTINUE OPERATION
5068,M,304.3,313.3,1540,39.0,14,9.0,6289.468492486766,546.0,0,0.0038104883689028548,CONTINUE OPERATION,CONTINUE OPERATION,CONTINUE OPERATION
3409,M,301.2,310.4,1697,30.0,120,9.199999999999989,5331.282733141879,3600.0,0,0.003696879810013525,CONTINUE OPERATION,CONTINUE OPERATION,CONTINUE OPERATION
6251,M,300.8,310.2,1598,36.5,195,9.399999999999977,6107.989156864394,7117.5,0,0.0038302738937676844,CONTINUE OPERATION,CONTINUE OPERATION,CONTINUE OPERATION
6152,M,301.1,311.1,1592,35.7,174,10.0,5951.684450372792,6211.8,0,0.0036527147992689497,CONTINUE OPERATION,CONTINUE OPERATION,CONTINUE OPERATION
6729,H,301.5,310.9,1524,40.4,124,9.399999999999977,6447.553434815403,5009.599999999999,0,0.0036786419130641567,CONTINUE OPERATION,CONTINUE OPERATION,CONTINUE OPERATION
197,M,298.4,308.6,1527,40.9,96,10.200000000000045,6540.199002169767,3926.3999999999996,0,0.0036404426947292596,CONTINUE OPERATION,CONTINUE OPERATION,CONTINUE OPERATION
1040,L,296.7,307.7,1502,43.9,84,11.0,6904.990269129101,3687.6,0,0.003638926025097612,CONTINUE OPERATION,CONTINUE OPERATION,CONTINUE OPERATION
9685,L,299.0,310.0,1360,48.1,37,11.0,6850.347500907665,1779.7,0,0.003966295225901823,CONTINUE OPERATION,CONTINUE OPERATION,CONTINUE OPERATION
3873,L,302.6,311.8,1638,35.1,17,9.199999999999989,6020.736656898695,596.7,0,0.0036760283038139627,CONTINUE OPERATION,CONTINUE OPERATION,CONTINUE OPERATION
5424,L,302.6,312.2,1377,45.5,54,9.599999999999966,6561.059177389604,2457.0,0,0.004576907545909817,CONTINUE OPERATION,CONTINUE OPERATION,CONTINUE OPERATION
5563,M,302.3,311.7,1640,31.5,199,9.399999999999977,5409.822549481624,6268.5,0,0.0038329954214870432,CONTINUE OPERATION,CONTINUE OPERATION,CONTINUE OPERATION
3820,L,302.3,310.8,1421,41.4,102,8.5,6160.600361836512,4222.8,0,0.00574027072474163,CONTINUE OPERATION,CONTINUE OPERATION,CONTINUE OPERATION
4223,L,302.0,310.7,1657,31.9,37,8.699999999999989,5535.3082320415115,1180.3,0,0.0036432634722745674,CONTINUE OPERATION,CONTINUE OPERATION,CONTINUE OPERATION
6986,L,300.7,311.1,1688,30.7,161,10.400000000000034,5426.745261908961,4942.7,0,0.00370064864825216,CONTINUE OPERATION,CONTINUE OPERATION,CONTINUE OPERATION
8250,M,299.0,310.4,1394,45.2,122,11.399999999999977,6598.266106383619,5514.400000000001,0,0.004008315942736664,CONTINUE OPERATION,CONTINUE OPERATION,CONTINUE OPERATION
926,L,295.6,306.1,1372,55.6,215,10.5,7988.358023744031,11954.0,1,0.9336321675049666,REPAIR AFTER FAILURE,PERFORM MAINTENANCE,PERFORM MAINTENANCE
3801,M,302.2,310.9,1771,27.6,54,8.699999999999989,5118.659742346922,1490.4,0,0.003644453318736493,CONTINUE OPERATION,CONTINUE OPERATION,CONTINUE OPERATION
3043,L,300.3,309.5,1551,37.9,42,9.199999999999989,6155.730893223449,1591.8,0,0.00364218383819889,CONTINUE OPERATION,CONTINUE OPERATION,CONTINUE OPERATION
8429,L,299.0,310.3,1577,40.0,181,11.300000000000011,6605.7221529481385,7240.0,0,0.0036703095140387656,CONTINUE OPERATION,CONTINUE OPERATION,CONTINUE OPERATION
9385,M,297.5,308.1,1907,23.5,125,10.600000000000023,4692.963465809993,2937.5,0,0.0036625574925106727,CONTINUE OPERATION,CONTINUE OPERATION,CONTINUE OPERATION
5365,L,303.1,312.6,1548,36.4,150,9.5,5900.664985678493,5460.0,0,0.0036515914882665848,CONTINUE OPERATION,CONTINUE OPERATION,CONTINUE OPERATION
4461,L,302.7,310.5,1642,30.8,195,7.800000000000011,5296.055007519625,6006.0,0,0.0038070981623072077,CONTINUE OPERATION,CONTINUE OPERATION,CONTINUE OPERATION
9673,M,299.0,310.1,1593,35.4,5,11.100000000000023,5905.377374658877,177.0,0,0.003670733518533043,CONTINUE OPERATION,CONTINUE OPERATION,CONTINUE OPERATION
9207,L,297.9,308.8,1386,48.6,75,10.900000000000034,7053.880816958234,3645.0,0,0.0038930058700730194,CONTINUE OPERATION,CONTINUE OPERATION,CONTINUE OPERATION
6247,L,300.8,310.2,1492,46.3,187,9.399999999999977,7233.998795764049,8658.1,0,0.00374940085442529,CONTINUE OPERATION,CONTINUE OPERATION,CONTINUE OPERATION
9506,H,299.3,310.4,1548,41.6,25,11.099999999999966,6743.617126489707,1040.0,0,0.004087435153559285,CONTINUE OPERATION,CONTINUE OPERATION,CONTINUE OPERATION
5541,L,302.4,311.8,1433,42.2,134,9.400000000000034,6332.675863449137,5654.8,0,0.0036952914615325377,CONTINUE OPERATION,CONTINUE OPERATION,CONTINUE OPERATION
8405,M,298.4,309.5,1484,41.7,119,11.100000000000023,6480.351662118882,4962.3,0,0.003641068642956774,CONTINUE OPERATION,CONTINUE OPERATION,CONTINUE OPERATION
4861,L,303.5,312.3,1946,21.1,112,8.800000000000011,4299.855977066302,2363.2000000000003,0,0.0036412898604148898,CONTINUE OPERATION,CONTINUE OPERATION,CONTINUE OPERATION
2339,L,299.2,308.2,1466,41.3,8,9.0,6340.341349523896,330.4,0,0.0036716502747138674,CONTINUE OPERATION,CONTINUE OPERATION,CONTINUE OPERATION
2808,L,299.9,309.3,1471,41.8,109,9.400000000000034,6438.987358846616,4556.2,0,0.003641068642956774,CONTINUE OPERATION,CONTINUE OPERATION,CONTINUE OPERATION
588,L,297.6,309.4,1628,33.4,229,11.799999999999955,5694.157628582525,7648.599999999999,0,0.012494880773887617,CONTINUE OPERATION,PERFORM MAINTENANCE,CONTINUE OPERATION
7858,L,300.5,311.9,1350,51.7,18,11.399999999999977,7308.915308576654,930.6,0,0.004068089854009254,CONTINUE OPERATION,CONTINUE OPERATION,CONTINUE OPERATION
3006,L,300.4,309.7,1488,35.7,177,9.300000000000011,5562.880943564519,6318.900000000001,0,0.0036765049476476927,CONTINUE OPERATION,CONTINUE OPERATION,CONTINUE OPERATION
7010,M,300.5,310.5,1469,42.9,14,10.0,6599.449439616471,600.6,0,0.0036461514053436296,CONTINUE OPERATION,CONTINUE OPERATION,CONTINUE OPERATION
8244,L,299.0,310.4,1512,38.8,109,11.399999999999977,6143.4472659479125,4229.2,0,0.0036933280628271906,CONTINUE OPERATION,CONTINUE OPERATION,CONTINUE OPERATION
3655,L,302.1,311.4,1686,30.9,106,9.299999999999955,5455.626970370963,3275.3999999999996,0,0.003687971104529218,CONTINUE OPERATION,CONTINUE OPERATION,CONTINUE OPERATION
991,M,296.1,307.0,1523,42.0,164,10.899999999999977,6698.503855984157,6888.0,0,0.0036669663455828143,CONTINUE OPERATION,CONTINUE OPERATION,CONTINUE OPERATION
7779,L,300.5,311.7,1811,26.8,47,11.199999999999989,5082.552370781664,1259.6000000000001,0,0.0037348329278818217,CONTINUE OPERATION,CONTINUE OPERATION,CONTINUE OPERATION
8390,M,298.8,309.8,1288,61.9,79,11.0,8349.012860376139,4890.099999999999,0,0.004799800592601625,CONTINUE OPERATION,CONTINUE OPERATION,CONTINUE OPERATION
8760,M,297.4,308.7,1392,46.4,174,11.300000000000011,6763.7233194726805,8073.599999999999,0,0.0037376445412851686,CONTINUE OPERATION,CONTINUE OPERATION,CONTINUE OPERATION
1326,L,298.9,310.2,1411,46.5,202,11.300000000000011,6870.820213033557,9393.0,0,0.004803882094860205,CONTINUE OPERATION,PERFORM MAINTENANCE,CONTINUE OPERATION
1024,L,296.2,307.3,1711,29.9,42,11.100000000000023,5357.347480191162,1255.8,0,0.0036636352747021123,CONTINUE OPERATION,CONTINUE OPERATION,CONTINUE OPERATION
575,M,297.9,309.9,1410,55.4,188,12.0,8180.078951417104,10415.199999999999,0,0.0069311029231218044,CONTINUE OPERATION,CONTINUE OPERATION,CONTINUE OPERATION
2396,M,299.1,308.5,1592,34.2,153,9.399999999999977,5701.613675147044,5232.6,0,0.0036925319146710023,CONTINUE OPERATION,CONTINUE OPERATION,CONTINUE OPERATION
1300,L,298.7,309.8,1322,57.0,140,11.100000000000023,7891.052427286843,7980.0,0,0.003801236638594782,CONTINUE OPERATION,CONTINUE OPERATION,CONTINUE OPERATION
1384,L,298.9,310.3,1484,43.8,124,11.400000000000034,6806.700306973788,5431.2,0,0.003638926025097612,CONTINUE OPERATION,CONTINUE OPERATION,CONTINUE OPERATION
1678,L,298.0,307.5,1644,32.8,215,9.5,5646.824299268437,7051.999999999999,0,0.03054678089904698,CONTINUE OPERATION,PERFORM MAINTENANCE,CONTINUE OPERATION
8288,M,298.8,310.6,1640,33.8,9,11.800000000000011,5804.82546579298,304.2,0,0.003664934698034887,CONTINUE OPERATION,CONTINUE OPERATION,CONTINUE OPERATION
9067,L,297.1,308.2,1351,56.6,126,11.099999999999966,8007.563626832975,7131.6,0,0.003697763548187154,CONTINUE OPERATION,CONTINUE OPERATION,CONTINUE OPERATION
1709,L,298.2,307.8,1749,26.1,66,9.600000000000023,4780.341629481837,1722.6000000000001,0,0.003651248807490289,CONTINUE OPERATION,CONTINUE OPERATION,CONTINUE OPERATION
4050,L,301.8,310.8,1456,46.6,35,9.0,7105.193496966868,1631.0,0,0.00406616862172861,CONTINUE OPERATION,CONTINUE OPERATION,CONTINUE OPERATION
913,L,295.5,306.0,1621,29.5,176,10.5,5007.64632994457,5192.0,0,0.004147602942701396,CONTINUE OPERATION,CONTINUE OPERATION,CONTINUE OPERATION
1067,L,296.9,307.8,1466,45.7,153,10.900000000000034,7015.82565794775,6992.1,0,0.0036410851372191766,CONTINUE OPERATION,CONTINUE OPERATION,CONTINUE OPERATION
3743,L,302.5,311.4,1759,24.6,124,8.899999999999977,4531.370411684846,3050.4,0,0.0036448261294491774,CONTINUE OPERATION,CONTINUE OPERATION,CONTINUE OPERATION
4315,M,301.4,310.0,1651,29.8,44,8.600000000000023,5152.191007936237,1311.2,0,0.0037751317420156617,CONTINUE OPERATION,CONTINUE OPERATION,CONTINUE OPERATION
1310,L,298.9,310.2,1498,50.2,160,11.300000000000011,7874.8836970963675,8032.0,0,0.0036956201773891708,CONTINUE OPERATION,CONTINUE OPERATION,CONTINUE OPERATION
2453,L,299.0,308.6,1648,30.8,98,9.600000000000023,5315.407218265738,3018.4,0,0.0036744674303733895,CONTINUE OPERATION,CONTINUE OPERATION,CONTINUE OPERATION
8638,L,297.6,308.5,1572,35.9,71,10.899999999999977,5909.838436226974,2548.9,0,0.0036404426947292596,CONTINUE OPERATION,CONTINUE OPERATION,CONTINUE OPERATION
8531,L,298.6,309.3,1449,46.5,26,10.699999999999989,7055.860020329997,1209.0,0,0.003656931525393173,CONTINUE OPERATION,CONTINUE OPERATION,CONTINUE OPERATION
318,L,297.8,308.4,1512,39.9,181,10.599999999999966,6317.617162662931,7221.9,0,0.00364089250824299,CONTINUE OPERATION,CONTINUE OPERATION,CONTINUE OPERATION
4877,M,303.7,312.4,1546,33.7,149,8.699999999999989,5455.920185685298,5021.3,0,0.0036412438728719277,CONTINUE OPERATION,CONTINUE OPERATION,CONTINUE OPERATION
4332,M,301.7,309.9,1452,41.5,86,8.199999999999989,6310.203004000458,3569.0,0,0.003916694783441947,CONTINUE OPERATION,CONTINUE OPERATION,CONTINUE OPERATION
1538,L,298.4,309.1,1798,29.6,81,10.700000000000045,5573.26914327239,2397.6,0,0.003640115871559538,CONTINUE OPERATION,CONTINUE OPERATION,CONTINUE OPERATION
9893,M,298.9,309.6,1284,55.3,166,10.700000000000045,7435.647156222465,9179.8,0,0.0037176242847015975,CONTINUE OPERATION,CONTINUE OPERATION,CONTINUE OPERATION
210,L,298.4,308.7,1523,36.1,126,10.300000000000011,5757.523552405431,4548.6,0,0.0036401305849835795,CONTINUE OPERATION,CONTINUE OPERATION,CONTINUE OPERATION
3424,L,301.5,310.5,1593,32.9,155,9.0,5488.330949894832,5099.5,0,0.003653245924089885,CONTINUE OPERATION,CONTINUE OPERATION,CONTINUE OPERATION
9019,L,297.2,308.1,1662,31.3,0,10.900000000000034,5447.584493177773,0.0,0,0.0036646760419584436,CONTINUE OPERATION,CONTINUE OPERATION,CONTINUE OPERATION
7409,L,299.8,310.9,2084,17.6,175,11.099999999999966,3840.9530661809295,3080.0000000000005,0,0.00418399258006859,CONTINUE OPERATION,CONTINUE OPERATION,CONTINUE OPERATION
9904,L,298.6,309.1,1537,35.7,198,10.5,5746.06721119534,7068.6,0,0.003669496486540113,CONTINUE OPERATION,CONTINUE OPERATION,CONTINUE OPERATION
5482,L,302.6,312.1,1782,26.8,198,9.5,5001.164177102663,5306.400000000001,0,0.003794924473631253,CONTINUE OPERATION,CONTINUE OPERATION,CONTINUE OPERATION
5812,L,301.4,311.1,1495,36.3,193,9.700000000000045,5682.984030711255,7005.9,0,0.0037026828102070313,CONTINUE OPERATION,CONTINUE OPERATION,CONTINUE OPERATION
2404,M,299.1,308.7,2008,20.3,178,9.599999999999966,4268.62854608962,3613.4,0,0.0036955427319442604,CONTINUE OPERATION,CONTINUE OPERATION,CONTINUE OPERATION
409,L,297.4,308.6,1459,41.3,196,11.200000000000045,6310.066868318802,8094.799999999999,0,0.0037781161978663264,CONTINUE OPERATION,CONTINUE OPERATION,CONTINUE OPERATION
679,L,297.8,309.2,1372,47.3,15,11.399999999999977,6795.851340343393,709.5,0,0.0038430135171656473,CONTINUE OPERATION,CONTINUE OPERATION,CONTINUE OPERATION
9394,L,297.7,308.2,1334,53.0,156,10.5,7403.896126470185,8268.0,0,0.0037127437706134026,CONTINUE OPERATION,CONTINUE OPERATION,CONTINUE OPERATION
2985,L,300.7,309.8,1596,31.5,123,9.100000000000023,5264.680968885776,3874.5,0,0.0037245092398320674,CONTINUE OPERATION,CONTINUE OPERATION,CONTINUE OPERATION
2161,L,299.4,309.1,1464,40.5,215,9.700000000000045,6209.043720554867,8707.5,0,0.06708089649120591,CONTINUE OPERATION,PERFORM MAINTENANCE,CONTINUE OPERATION
8505,L,298.4,309.7,1530,38.6,161,11.300000000000011,6184.539297856867,6214.6,0,0.0036404426947292596,CONTINUE OPERATION,CONTINUE OPERATION,CONTINUE OPERATION
1127,M,296.7,307.8,1672,32.4,113,11.100000000000023,5672.962350146306,3661.2,0,0.003638926025097612,CONTINUE OPERATION,CONTINUE OPERATION,CONTINUE OPERATION
5467,L,302.9,312.4,1383,51.4,160,9.5,7444.129456387159,8224.0,0,0.00424454811475736,CONTINUE OPERATION,CONTINUE OPERATION,CONTINUE OPERATION
6601,M,301.5,310.7,1347,47.9,29,9.199999999999989,6756.654736002104,1389.1,0,0.004358717891020525,CONTINUE OPERATION,CONTINUE OPERATION,CONTINUE OPERATION
4312,L,301.5,310.1,1430,46.5,35,8.600000000000023,6963.3401166817775,1627.5,0,0.0043114441130216105,CONTINUE OPERATION,CONTINUE OPERATION,CONTINUE OPERATION
779,L,296.8,308.0,1666,29.8,41,11.199999999999989,5199.000738474725,1221.8,0,0.0036636352747021123,CONTINUE OPERATION,CONTINUE OPERATION,CONTINUE OPERATION
9854,H,298.6,309.4,1362,45.3,56,10.799999999999955,6461.062283225839,2536.7999999999997,0,0.003961348168821123,CONTINUE OPERATION,CONTINUE OPERATION,CONTINUE OPERATION
2218,L,299.7,309.1,1713,33.5,141,9.400000000000034,6009.395507419236,4723.5,0,0.003859314121427469,CONTINUE OPERATION,CONTINUE OPERATION,CONTINUE OPERATION
1905,L,297.9,307.6,1687,29.1,176,9.700000000000045,5140.870802407801,5121.6,0,0.003924773396662801,CONTINUE OPERATION,CONTINUE OPERATION,CONTINUE OPERATION
8084,L,300.2,311.4,1483,44.4,141,11.199999999999989,6895.29321980502,6260.4,0,0.003705025335526392,CONTINUE OPERATION,CONTINUE OPERATION,CONTINUE OPERATION
5978,L,300.5,310.6,1448,46.3,173,10.100000000000023,7020.663710634278,8009.9,0,0.0038342739082634415,CONTINUE OPERATION,CONTINUE OPERATION,CONTINUE OPERATION
4837,H,303.3,311.8,1806,27.7,44,8.5,5238.731413567123,1218.8,0,0.003671813152608721,CONTINUE OPERATION,CONTINUE OPERATION,CONTINUE OPERATION
4695,L,303.3,311.6,1514,34.7,130,8.300000000000011,5501.536111015422,4511.0,0,0.003716990279614905,CONTINUE OPERATION,CONTINUE OPERATION,CONTINUE OPERATION
6306,L,301.0,310.4,1563,34.4,124,9.399999999999977,5630.488017469771,4265.599999999999,0,0.0036535448506248187,CONTINUE OPERATION,CONTINUE OPERATION,CONTINUE OPERATION
2383,L,299.1,308.2,1568,33.3,123,9.099999999999966,5467.879181719963,4095.8999999999996,0,0.0038045893278704315,CONTINUE OPERATION,CONTINUE OPERATION,CONTINUE OPERATION
459,L,297.4,308.6,1476,42.3,107,11.200000000000045,6538.156966944933,4526.099999999999,0,0.003638926025097612,CONTINUE OPERATION,CONTINUE OPERATION,CONTINUE OPERATION
1251,M,297.4,308.8,1359,48.7,220,11.400000000000034,6930.6989690109785,10714.0,0,0.011811390379615283,CONTINUE OPERATION,PERFORM MAINTENANCE,CONTINUE OPERATION
156,M,298.4,308.1,1495,46.0,203,9.700000000000045,7201.577559579002,9338.0,0,0.005782404233248219,CONTINUE OPERATION,PERFORM MAINTENANCE,CONTINUE OPERATION
843,L,296.6,307.5,1485,42.7,204,10.899999999999977,6640.227312260067,8710.800000000001,0,0.0062654401051103785,CONTINUE OPERATION,PERFORM MAINTENANCE,CONTINUE OPERATION
1031,L,296.4,307.5,1549,36.1,58,11.100000000000023,5855.813514560743,2093.8,0,0.0036678360524976376,CONTINUE OPERATION,CONTINUE OPERATION,CONTINUE OPERATION
1811,M,298.1,307.8,1569,31.2,131,9.699999999999989,5126.325228421681,4087.2,0,0.0036401305849835795,CONTINUE OPERATION,CONTINUE OPERATION,CONTINUE OPERATION
2033,H,298.8,308.5,1359,47.6,85,9.699999999999989,6774.153407082599,4046.0,0,0.003693515644668246,CONTINUE OPERATION,CONTINUE OPERATION,CONTINUE OPERATION
9440,M,298.1,308.8,1378,53.5,65,10.699999999999989,7720.254506686677,3477.5,0,0.003817661741673668,CONTINUE OPERATION,CONTINUE OPERATION,CONTINUE OPERATION
1299,M,298.7,309.9,1458,40.2,137,11.199999999999989,6137.792399171451,5507.400000000001,0,0.003672578953034001,CONTINUE OPERATION,CONTINUE OPERATION,CONTINUE OPERATION
8351,M,298.7,309.6,1686,26.2,189,10.900000000000034,4625.806686851755,4951.8,0,0.004459345881538345,CONTINUE OPERATION,CONTINUE OPERATION,CONTINUE OPERATION
9286,L,298.2,308.9,1605,32.0,79,10.699999999999989,5378.406622945726,2528.0,0,0.003638926025097612,CONTINUE OPERATION,CONTINUE OPERATION,CONTINUE OPERATION
9713,L,299.1,310.2,1496,45.0,104,11.099999999999966,7049.733914655496,4680.0,0,0.003646772951595251,CONTINUE OPERATION,CONTINUE OPERATION,CONTINUE OPERATION
3991,L,302.3,311.3,1682,34.4,127,9.0,6059.16880702761,4368.8,0,0.003681706482710598,CONTINUE OPERATION,CONTINUE OPERATION,CONTINUE OPERATION
4192,M,302.5,311.0,1463,43.1,181,8.5,6603.135574996684,7801.1,0,0.004139477471794047,CONTINUE OPERATION,CONTINUE OPERATION,CONTINUE OPERATION
6354,L,300.1,309.6,1565,34.8,32,9.5,5703.247303326909,1113.6,0,0.0036525314535935465,CONTINUE OPERATION,CONTINUE OPERATION,CONTINUE OPERATION
5291,L,303.8,313.3,1406,52.1,166,9.5,7670.994333878389,8648.6,0,0.004125680981435473,CONTINUE OPERATION,CONTINUE OPERATION,CONTINUE OPERATION
940,L,295.6,306.2,1443,48.9,33,10.599999999999966,7389.308664582017,1613.7,0,0.003734932863838414,CONTINUE OPERATION,CONTINUE OPERATION,CONTINUE OPERATION
3455,H,301.4,310.3,1611,41.5,11,8.900000000000034,7001.196308157533,456.5,0,0.0037955094815171064,CONTINUE OPERATION,CONTINUE OPERATION,CONTINUE OPERATION
7231,L,299.8,309.9,1553,36.6,157,10.099999999999966,5952.249937050437,5746.2,0,0.0036616217317398344,CONTINUE OPERATION,CONTINUE OPERATION,CONTINUE OPERATION
5202,L,303.7,312.7,1335,51.1,161,9.0,7143.824614630511,8227.1,0,0.004123415465415637,CONTINUE OPERATION,CONTINUE OPERATION,CONTINUE OPERATION
7027,L,300.6,310.6,1508,34.8,62,10.0,5495.525197071553,2157.6,0,0.0037092106629905306,CONTINUE OPERATION,CONTINUE OPERATION,CONTINUE OPERATION
6401,M,300.0,309.6,1573,39.7,162,9.600000000000023,6539.549739688026,6431.400000000001,0,0.0036413826600562222,CONTINUE OPERATION,CONTINUE OPERATION,CONTINUE OPERATION
8533,M,298.6,309.4,1465,41.1,30,10.799999999999955,6305.3335353873945,1233.0,0,0.003639864083070806,CONTINUE OPERATION,CONTINUE OPERATION,CONTINUE OPERATION
4143,L,301.7,310.1,1500,39.6,56,8.400000000000034,6220.353454107791,2217.6,0,0.0036672966506317386,CONTINUE OPERATION,CONTINUE OPERATION,CONTINUE OPERATION
7814,L,300.0,311.4,1927,24.6,132,11.399999999999977,4964.156215643376,3247.2000000000003,0,0.003912955602242723,CONTINUE OPERATION,CONTINUE OPERATION,CONTINUE OPERATION
3862,H,302.5,311.5,1496,43.8,218,9.0,6861.741010264683,9548.4,0,0.020740197915137204,CONTINUE OPERATION,PERFORM MAINTENANCE,CONTINUE OPERATION
13,M,298.6,309.2,1742,30.0,37,10.599999999999966,5472.6544025534195,1110.0,0,0.00370087158920463,CONTINUE OPERATION,CONTINUE OPERATION,CONTINUE OPERATION
2849,L,300.4,309.3,1766,28.2,207,8.900000000000034,5215.1694686652,5837.4,0,0.006898213978934234,CONTINUE OPERATION,PERFORM MAINTENANCE,CONTINUE OPERATION
5907,H,300.8,310.4,1419,46.4,200,9.599999999999966,6894.91622868659,9280.0,0,0.004455311351351588,CONTINUE OPERATION,PERFORM MAINTENANCE,CONTINUE OPERATION
9450,M,298.0,308.7,1494,42.6,96,10.699999999999989,6664.825982737675,4089.6000000000004,0,0.003638926025097612,CONTINUE OPERATION,CONTINUE OPERATION,CONTINUE OPERATION
9079,H,297.3,308.1,1554,42.4,158,10.800000000000011,6899.942776932334,6699.2,0,0.0036404426947292596,CONTINUE OPERATION,CONTINUE OPERATION,CONTINUE OPERATION
1914,L,298.0,307.7,1643,32.3,200,9.699999999999989,5557.362212469711,6459.999999999999,0,0.0037829151588353537,CONTINUE OPERATION,PERFORM MAINTENANCE,CONTINUE OPERATION
3537,M,302.0,311.0,1980,21.5,20,9.0,4457.919975443917,430.0,0,0.00375288861975275,CONTINUE OPERATION,CONTINUE OPERATION,CONTINUE OPERATION
8302,L,298.7,310.1,1641,31.1,49,11.400000000000034,5344.3831745073485,1523.9,0,0.003638926025097612,CONTINUE OPERATION,CONTINUE OPERATION,CONTINUE OPERATION
2765,M,299.9,309.4,1399,54.8,3,9.5,8028.360970199741,164.39999999999998,0,0.0038042494627685886,CONTINUE OPERATION,CONTINUE OPERATION,CONTINUE OPERATION
1200,M,296.9,308.0,1430,55.9,71,11.100000000000023,8370.983065000244,3968.9,0,0.00417338006265837,CONTINUE OPERATION,CONTINUE OPERATION,CONTINUE OPERATION
5700,L,302.5,311.9,1497,41.6,123,9.399999999999977,6521.443694027836,5116.8,0,0.0036923057946811185,CONTINUE OPERATION,CONTINUE OPERATION,CONTINUE OPERATION
7335,L,299.9,310.4,1328,49.9,206,10.5,6939.484956465519,10279.4,0,0.00951960055245357,CONTINUE OPERATION,PERFORM MAINTENANCE,CONTINUE OPERATION
8645,M,297.6,308.6,1492,35.5,88,11.0,5546.5865496679,3124.0,0,0.003638926025097612,CONTINUE OPERATION,CONTINUE OPERATION,CONTINUE OPERATION
7978,L,301.2,312.4,1480,53.5,97,11.199999999999989,8291.71021037466,5189.5,0,0.004011948487493261,CONTINUE OPERATION,CONTINUE OPERATION,CONTINUE OPERATION
2417,L,298.9,308.3,1576,36.6,7,9.400000000000034,6040.403026910167,256.2,0,0.0036515914882665848,CONTINUE OPERATION,CONTINUE OPERATION,CONTINUE OPERATION
735,L,296.9,308.4,1557,32.4,173,11.5,5282.776542570452,5605.2,0,0.0036557093278482763,CONTINUE OPERATION,CONTINUE OPERATION,CONTINUE OPERATION
3814,M,302.1,310.6,1326,59.1,88,8.5,8206.53116156033,5200.8,1,0.9649021691917732,REPAIR AFTER FAILURE,CONTINUE OPERATION,PERFORM MAINTENANCE
6343,L,300.2,309.8,1827,23.0,6,9.600000000000023,4400.4288298832225,138.0,0,0.0037816449609613537,CONTINUE OPERATION,CONTINUE OPERATION,CONTINUE OPERATION
6860,L,301.1,311.2,1910,20.2,41,10.099999999999966,4040.297592026713,828.1999999999999,0,0.0036448261294491774,CONTINUE OPERATION,CONTINUE OPERATION,CONTINUE OPERATION
3106,L,299.8,309.1,1485,39.9,207,9.300000000000011,6204.802570472521,8259.3,0,0.04051559879583738,CONTINUE OPERATION,PERFORM MAINTENANCE,CONTINUE OPERATION
2864,H,300.6,309.4,1380,47.6,246,8.799999999999955,6878.8312743002125,11709.6,1,0.38917141764595853,REPAIR AFTER FAILURE,PERFORM MAINTENANCE,PERFORM MAINTENANCE
5323,M,303.4,312.7,1399,48.4,34,9.300000000000011,7090.742170760355,1645.6,0,0.005072175029757529,CONTINUE OPERATION,CONTINUE OPERATION,CONTINUE OPERATION
2430,M,298.9,308.2,1335,47.8,40,9.300000000000011,6682.481733450849,1912.0,0,0.003980791316194942,CONTINUE OPERATION,CONTINUE OPERATION,CONTINUE OPERATION
1812,L,298.2,307.8,1476,36.8,134,9.600000000000023,5688.041994883535,4931.2,0,0.0036512793785209046,CONTINUE OPERATION,CONTINUE OPERATION,CONTINUE OPERATION
9419,L,298.0,308.4,1911,22.0,13,10.399999999999977,4402.627944740736,286.0,0,0.003640100013952964,CONTINUE OPERATION,CONTINUE OPERATION,CONTINUE OPERATION
3792,L,302.3,310.9,1459,35.0,32,8.599999999999966,5347.514295185426,1120.0,0,0.003782826113396176,CONTINUE OPERATION,CONTINUE OPERATION,CONTINUE OPERATION
5483,M,302.6,312.1,2000,21.9,200,9.5,4586.725274241097,4380.0,0,0.00417094253796634,CONTINUE OPERATION,PERFORM MAINTENANCE,CONTINUE OPERATION
8311,M,298.8,310.0,1295,52.7,74,11.199999999999989,7146.75676777386,3899.8,0,0.0038390471933738768,CONTINUE OPERATION,CONTINUE OPERATION,CONTINUE OPERATION
4625,L,303.0,311.2,1511,45.7,184,8.199999999999989,7231.1818343513305,8408.800000000001,0,0.00540105876449723,CONTINUE OPERATION,CONTINUE OPERATION,CONTINUE OPERATION
9225,L,298.0,309.1,1820,23.6,120,11.100000000000023,4497.922921899627,2832.0,0,0.0036708670641267096,CONTINUE OPERATION,CONTINUE OPERATION,CONTINUE OPERATION
7815,M,299.9,311.3,1703,28.4,134,11.400000000000034,5064.791900313368,3805.6,0,0.004177681813834153,CONTINUE OPERATION,CONTINUE OPERATION,CONTINUE OPERATION
7972,L,301.1,312.2,1397,54.9,81,11.099999999999966,8031.513034828841,4446.9,0,0.00401724073580018,CONTINUE OPERATION,CONTINUE OPERATION,CONTINUE OPERATION
5679,M,302.2,311.7,1466,49.0,66,9.5,7522.438889265639,3234.0,0,0.0038418686344352817,CONTINUE OPERATION,CONTINUE OPERATION,CONTINUE OPERATION
6261,L,301.1,310.6,1417,47.6,10,9.5,7063.263707016956,476.0,0,0.00403745487719005,CONTINUE OPERATION,CONTINUE OPERATION,CONTINUE OPERATION
3603,L,301.7,310.7,1542,40.0,188,9.0,6459.114495780615,7520.0,0,0.003797699986566352,CONTINUE OPERATION,CONTINUE OPERATION,CONTINUE OPERATION
3032,M,300.6,309.8,1447,42.9,12,9.199999999999989,6500.614934734535,514.8,0,0.0037053399266748195,CONTINUE OPERATION,CONTINUE OPERATION,CONTINUE OPERATION
5582,L,302.5,312.0,2052,18.9,40,9.5,4061.325318854741,756.0,0,0.0037350315522885055,CONTINUE OPERATION,CONTINUE OPERATION,CONTINUE OPERATION
2118,H,299.3,308.9,1429,43.0,96,9.599999999999966,6434.714792837734,4128.0,0,0.0036705386591535877,CONTINUE OPERATION,CONTINUE OPERATION,CONTINUE OPERATION
3531,M,301.9,310.9,1641,33.2,3,9.0,5705.257922625208,99.60000000000001,0,0.003877608976563837,CONTINUE OPERATION,CONTINUE OPERATION,CONTINUE OPERATION
1636,L,297.9,307.8,1505,37.3,100,9.900000000000034,5878.60053327478,3729.9999999999995,0,0.003638926025097612,CONTINUE OPERATION,CONTINUE OPERATION,CONTINUE OPERATION
6456,L,300.7,310.2,1387,50.6,83,9.5,7349.462797758985,4199.8,0,0.0038552045527489075,CONTINUE OPERATION,CONTINUE OPERATION,CONTINUE OPERATION
8249,L,299.0,310.4,1524,39.8,120,11.399999999999977,6351.797690733986,4776.0,0,0.0036829396915640626,CONTINUE OPERATION,CONTINUE OPERATION,CONTINUE OPERATION
7499,L,300.3,311.8,1746,26.3,187,11.5,4808.710211143753,4918.1,0,0.003867247775226848,CONTINUE OPERATION,CONTINUE OPERATION,CONTINUE OPERATION
5218,L,303.8,312.9,1589,37.2,203,9.099999999999966,6190.068500927186,7551.6,0,0.007384934935442222,CONTINUE OPERATION,PERFORM MAINTENANCE,CONTINUE OPERATION
1685,L,297.9,307.3,1824,26.3,5,9.400000000000034,5023.532316796223,131.5,0,0.0038660169511311646,CONTINUE OPERATION,CONTINUE OPERATION,CONTINUE OPERATION
7218,H,299.9,309.8,1400,48.7,119,9.900000000000034,7139.792904058402,5795.3,0,0.0038400476654179014,CONTINUE OPERATION,CONTINUE OPERATION,CONTINUE OPERATION
8844,H,297.4,308.9,1645,30.8,196,11.5,5305.731112892682,6036.8,0,0.003640879387455846,CONTINUE OPERATION,CONTINUE OPERATION,CONTINUE OPERATION
5356,H,303.3,312.6,1692,29.0,125,9.300000000000011,5138.388944211465,3625.0,0,0.003702520349538302,CONTINUE OPERATION,CONTINUE OPERATION,CONTINUE OPERATION
7223,L,299.8,309.6,1374,51.6,137,9.800000000000011,7424.463086375687,7069.2,0,0.0037148537226153536,CONTINUE OPERATION,CONTINUE OPERATION,CONTINUE OPERATION
4587,M,302.8,311.0,1507,33.4,82,8.199999999999989,5270.943210241931,2738.7999999999997,0,0.0036981148921113862,CONTINUE OPERATION,CONTINUE OPERATION,CONTINUE OPERATION
959,L,295.8,306.5,1505,35.2,86,10.699999999999989,5547.633747219096,3027.2000000000003,0,0.003638926025097612,CONTINUE OPERATION,CONTINUE OPERATION,CONTINUE OPERATION
5307,L,304.0,313.3,1530,34.8,211,9.300000000000011,5575.698641591164,7342.799999999999,0,0.09094435577206086,CONTINUE OPERATION,PERFORM MAINTENANCE,CONTINUE OPERATION
9347,M,298.2,308.7,1426,42.6,23,10.5,6361.473796107044,979.8000000000001,0,0.003725031057813295,CONTINUE OPERATION,CONTINUE OPERATION,CONTINUE OPERATION
8541,L,298.5,309.5,1738,25.2,49,11.0,4586.473946828811,1234.8,0,0.0036990106010949047,CONTINUE OPERATION,CONTINUE OPERATION,CONTINUE OPERATION
8642,M,297.5,308.4,1596,36.6,80,10.899999999999977,6117.057887657758,2928.0,0,0.0036404426947292596,CONTINUE OPERATION,CONTINUE OPERATION,CONTINUE OPERATION
3127,L,300.0,309.5,1717,28.3,48,9.5,5088.4480929948995,1358.4,0,0.003974699484088072,CONTINUE OPERATION,CONTINUE OPERATION,CONTINUE OPERATION
7431,M,300.0,311.4,1352,61.8,10,11.399999999999977,8749.712531366005,618.0,0,0.004861874217556547,CONTINUE OPERATION,CONTINUE OPERATION,CONTINUE OPERATION
1950,M,298.0,307.9,1479,47.6,76,9.899999999999977,7372.312648326097,3617.6,0,0.003754550900945212,CONTINUE OPERATION,CONTINUE OPERATION,CONTINUE OPERATION
5328,M,303.7,312.9,1406,41.9,48,9.199999999999989,6169.187381756324,2011.1999999999998,0,0.003797977713534494,CONTINUE OPERATION,CONTINUE OPERATION,CONTINUE OPERATION
2197,L,299.7,309.0,1412,49.2,85,9.300000000000011,7274.923276064813,4182.0,0,0.003668319544185944,CONTINUE OPERATION,CONTINUE OPERATION,CONTINUE OPERATION
2994,L,300.5,309.8,1461,52.5,146,9.300000000000011,8032.267017065704,7665.0,0,0.003909787765372156,CONTINUE OPERATION,CONTINUE OPERATION,CONTINUE OPERATION
6944,M,300.7,311.3,1487,39.8,50,10.600000000000023,6197.587379344776,1989.9999999999998,0,0.003638926025097612,CONTINUE OPERATION,CONTINUE OPERATION,CONTINUE OPERATION
5706,L,302.4,311.9,1290,70.0,139,9.5,9456.193887305277,9730.0,1,0.940748315726057,REPAIR AFTER FAILURE,CONTINUE OPERATION,PERFORM MAINTENANCE
6884,L,300.8,311.2,1492,39.0,109,10.399999999999977,6093.433110902763,4251.0,0,0.003638926025097612,CONTINUE OPERATION,CONTINUE OPERATION,CONTINUE OPERATION
8021,M,301.0,312.0,1499,34.6,207,11.0,5431.331987183202,7162.200000000001,0,0.055906207587309444,CONTINUE OPERATION,PERFORM MAINTENANCE,CONTINUE OPERATION
8134,L,299.7,311.1,1650,32.4,60,11.400000000000034,5598.318108697012,1944.0,0,0.003654247121627567,CONTINUE OPERATION,CONTINUE OPERATION,CONTINUE OPERATION
1978,L,298.0,307.7,1442,43.6,148,9.699999999999989,6583.856668079154,6452.8,0,0.0036401305849835795,CONTINUE OPERATION,CONTINUE OPERATION,CONTINUE OPERATION
2497,M,299.2,308.9,1521,42.3,215,9.699999999999989,6737.491020815205,9094.5,0,0.006185824239478098,CONTINUE OPERATION,PERFORM MAINTENANCE,CONTINUE OPERATION
143,H,298.6,308.4,1407,50.5,164,9.799999999999955,7440.705120394745,8282.0,0,0.00369352450357084,CONTINUE OPERATION,CONTINUE OPERATION,CONTINUE OPERATION
136,H,298.7,308.5,1420,45.7,143,9.800000000000011,6795.683788735201,6535.1,0,0.004045393767666781,CONTINUE OPERATION,CONTINUE OPERATION,CONTINUE OPERATION
2625,L,299.7,309.4,1399,39.9,91,9.699999999999989,5845.46720275492,3630.9,0,0.003640714264850687,CONTINUE OPERATION,CONTINUE OPERATION,CONTINUE OPERATION
1069,M,296.9,307.8,1840,24.6,157,10.900000000000034,4740.0349957362805,3862.2000000000003,0,0.003640100013952964,CONTINUE OPERATION,CONTINUE OPERATION,CONTINUE OPERATION
8031,L,300.7,312.0,1550,32.4,5,11.300000000000011,5259.026102109314,162.0,0,0.0036974460413784606,CONTINUE OPERATION,CONTINUE OPERATION,CONTINUE OPERATION
5523,M,302.5,311.9,1524,34.8,86,9.399999999999977,5553.833156722179,2992.7999999999997,0,0.0036707855201054086,CONTINUE OPERATION,CONTINUE OPERATION,CONTINUE OPERATION
5113,L,304.1,313.6,1382,46.7,134,9.5,6758.55016356977,6257.8,0,0.0038644640572645605,CONTINUE OPERATION,CONTINUE OPERATION,CONTINUE OPERATION
1919,L,298.2,308.0,1658,30.0,3,9.800000000000011,5208.760619651877,90.0,0,0.003638926025097612,CONTINUE OPERATION,CONTINUE OPERATION,CONTINUE OPERATION
1433,L,298.8,309.8,1363,44.0,25,11.0,6280.253154036236,1100.0,0,0.0038503912032415272,CONTINUE OPERATION,CONTINUE OPERATION,CONTINUE OPERATION
5375,L,302.9,312.3,1530,34.9,185,9.400000000000034,5591.720764124472,6456.5,0,0.0036515914882665848,CONTINUE OPERATION,CONTINUE OPERATION,CONTINUE OPERATION
1527,H,298.1,309.1,1425,44.5,49,11.0,6640.541471525424,2180.5,0,0.003798223894142405,CONTINUE OPERATION,CONTINUE OPERATION,CONTINUE OPERATION
7540,M,300.2,311.3,1587,31.2,73,11.100000000000023,5185.1358428968815,2277.6,0,0.0036732716185580118,CONTINUE OPERATION,CONTINUE OPERATION,CONTINUE OPERATION
3427,L,301.6,310.6,1562,34.4,162,9.0,5626.885657893655,5572.8,0,0.0036554933488823715,CONTINUE OPERATION,CONTINUE OPERATION,CONTINUE OPERATION
5788,L,301.8,311.5,1443,43.3,134,9.699999999999989,6543.08926741107,5802.2,0,0.0036650218973421933,CONTINUE OPERATION,CONTINUE OPERATION,CONTINUE OPERATION
9282,M,298.2,308.9,1414,44.3,68,10.699999999999989,6559.666404646511,3012.3999999999996,0,0.0036422923554144276,CONTINUE OPERATION,CONTINUE OPERATION,CONTINUE OPERATION
3648,M,302.2,311.5,1443,47.0,90,9.300000000000011,7102.198511970446,4230.0,0,0.0039038238515371826,CONTINUE OPERATION,CONTINUE OPERATION,CONTINUE OPERATION
9427,L,298.2,308.8,1540,34.8,32,10.600000000000023,5612.141116372806,1113.6,0,0.0036404426947292596,CONTINUE OPERATION,CONTINUE OPERATION,CONTINUE OPERATION
7950,L,300.8,311.6,1568,36.0,23,10.800000000000011,5911.2207369945545,828.0,0,0.0036439861539669257,CONTINUE OPERATION,CONTINUE OPERATION,CONTINUE OPERATION
1896,L,297.9,307.5,1574,35.8,153,9.600000000000023,5900.874425188732,5477.4,0,0.003698755236839834,CONTINUE OPERATION,CONTINUE OPERATION,CONTINUE OPERATION
4264,M,302.6,311.0,1542,39.7,141,8.399999999999977,6410.671137062261,5597.700000000001,0,0.0036660030187704216,CONTINUE OPERATION,CONTINUE OPERATION,CONTINUE OPERATION
3098,M,299.9,309.2,1389,51.2,185,9.300000000000011,7447.33388089382,9472.0,0,0.0038009806636467303,CONTINUE OPERATION,CONTINUE OPERATION,CONTINUE OPERATION
4810,M,303.4,312.1,1499,39.4,197,8.700000000000045,6184.811569220177,7761.799999999999,0,0.003961608556520354,CONTINUE OPERATION,CONTINUE OPERATION,CONTINUE OPERATION
8652,H,297.3,308.3,1461,41.5,108,11.0,6349.315832537652,4482.0,0,0.0036616792649799964,CONTINUE OPERATION,CONTINUE OPERATION,CONTINUE OPERATION
8693,M,297.2,308.5,1584,40.0,4,11.300000000000011,6635.043684381643,160.0,0,0.003666429492472925,CONTINUE OPERATION,CONTINUE OPERATION,CONTINUE OPERATION
2608,L,299.5,309.3,1409,44.7,46,9.800000000000011,6595.4910328729475,2056.2000000000003,0,0.003640714264850687,CONTINUE OPERATION,CONTINUE OPERATION,CONTINUE OPERATION
1904,M,298.0,307.6,1569,35.6,173,9.600000000000023,5849.268529865764,6158.8,0,0.0036725664389574237,CONTINUE OPERATION,CONTINUE OPERATION,CONTINUE OPERATION
7226,L,299.7,309.6,1399,51.3,144,9.900000000000034,7515.600689256326,7387.2,0,0.0036426807479960645,CONTINUE OPERATION,CONTINUE OPERATION,CONTINUE OPERATION
4255,M,302.5,311.0,1387,52.1,116,8.5,7567.332248285437,6043.6,0,0.01807083313166144,CONTINUE OPERATION,CONTINUE OPERATION,CONTINUE OPERATION
9248,M,298.3,309.1,1488,40.6,176,10.800000000000011,6326.413622092982,7145.6,0,0.003662370610046678,CONTINUE OPERATION,CONTINUE OPERATION,CONTINUE OPERATION
2778,L,300.0,309.4,1308,50.2,32,9.399999999999977,6876.066672765052,1606.4,0,0.003671758904059637,CONTINUE OPERATION,CONTINUE OPERATION,CONTINUE OPERATION
8620,L,297.6,308.5,1475,42.4,24,10.899999999999977,6549.173485183522,1017.5999999999999,0,0.003638926025097612,CONTINUE OPERATION,CONTINUE OPERATION,CONTINUE OPERATION
7553,L,300.3,311.3,1505,39.6,107,11.0,6241.087965621483,4237.2,0,0.003639864083070806,CONTINUE OPERATION,CONTINUE OPERATION,CONTINUE OPERATION
3718,L,302.4,311.4,1450,44.1,56,9.0,6696.304741126644,2469.6,0,0.00363972720324028,CONTINUE OPERATION,CONTINUE OPERATION,CONTINUE OPERATION
4291,L,301.8,310.0,2032,19.0,203,8.199999999999989,4043.0203056598248,3857.0,0,0.004513658605493344,CONTINUE OPERATION,PERFORM MAINTENANCE,CONTINUE OPERATION
6451,L,300.7,310.2,1696,27.5,73,9.5,4884.129378780932,2007.5,0,0.0036843395808292935,CONTINUE OPERATION,CONTINUE OPERATION,CONTINUE OPERATION
982,L,296.2,306.9,1516,39.1,138,10.699999999999989,6207.326316570904,5395.8,0,0.003638926025097612,CONTINUE OPERATION,CONTINUE OPERATION,CONTINUE OPERATION
4099,L,302.0,310.4,1464,47.2,159,8.399999999999977,7236.218854572586,7504.8,0,0.004621067898713599,CONTINUE OPERATION,CONTINUE OPERATION,CONTINUE OPERATION
4604,L,302.9,311.0,1820,24.6,128,8.100000000000023,4688.512876217407,3148.8,0,0.003663554163409672,CONTINUE OPERATION,CONTINUE OPERATION,CONTINUE OPERATION
8896,L,297.4,308.7,1638,31.9,131,11.300000000000011,5471.837588463486,4178.9,0,0.003638926025097612,CONTINUE OPERATION,CONTINUE OPERATION,CONTINUE OPERATION
7844,L,300.1,311.7,1503,42.6,208,11.599999999999966,6704.975536850552,8860.800000000001,0,0.013511109944750285,CONTINUE OPERATION,PERFORM MAINTENANCE,CONTINUE OPERATION
3459,L,301.5,310.4,1270,54.2,26,8.899999999999977,7208.27962390666,1409.2,0,0.004859846632947344,CONTINUE OPERATION,CONTINUE OPERATION,CONTINUE OPERATION
3833,M,302.3,311.0,1541,36.6,143,8.699999999999989,5906.257020601883,5233.8,0,0.003649563387427804,CONTINUE OPERATION,CONTINUE OPERATION,CONTINUE OPERATION
7490,M,300.4,311.8,1707,30.0,165,11.400000000000034,5362.698659677777,4950.0,0,0.003879853616196106,CONTINUE OPERATION,CONTINUE OPERATION,CONTINUE OPERATION
4028,L,302.0,310.9,1455,43.2,220,8.899999999999977,6582.264927801335,9504.0,0,0.04266367298678798,CONTINUE OPERATION,PERFORM MAINTENANCE,CONTINUE OPERATION
677,L,297.9,309.2,1478,39.7,10,11.300000000000011,6144.599183254229,397.0,0,0.0036649474821434805,CONTINUE OPERATION,CONTINUE OPERATION,CONTINUE OPERATION
4324,L,301.7,310.2,1486,43.0,66,8.5,6691.38291263602,2838.0,0,0.003944253930873369,CONTINUE OPERATION,CONTINUE OPERATION,CONTINUE OPERATION
56,L,298.8,309.1,1477,42.4,158,10.300000000000011,6558.053720417668,6699.2,0,0.003642097068128957,CONTINUE OPERATION,CONTINUE OPERATION,CONTINUE OPERATION
2414,L,299.1,308.5,1415,43.4,0,9.399999999999977,6430.944881653426,0.0,0,0.003692440553703713,CONTINUE OPERATION,CONTINUE OPERATION,CONTINUE OPERATION
7662,M,300.5,311.6,1658,30.4,170,11.100000000000023,5278.2107612472355,5168.0,0,0.003905182672423847,CONTINUE OPERATION,CONTINUE OPERATION,CONTINUE OPERATION
2660,L,299.8,309.3,1291,56.4,188,9.5,7624.896697674715,10603.199999999999,0,0.008126673934862813,CONTINUE OPERATION,CONTINUE OPERATION,CONTINUE OPERATION
1938,L,298.1,307.9,1517,40.8,50,9.799999999999955,6481.482635474174,2039.9999999999998,0,0.003638926025097612,CONTINUE OPERATION,CONTINUE OPERATION,CONTINUE OPERATION
3716,L,302.3,311.4,1609,32.3,49,9.099999999999966,5442.358977397301,1582.6999999999998,0,0.003648039527592778,CONTINUE OPERATION,CONTINUE OPERATION,CONTINUE OPERATION
7730,L,300.6,311.9,1472,44.2,126,11.299999999999955,6813.318595497351,5569.200000000001,0,0.003674569511165219,CONTINUE OPERATION,CONTINUE OPERATION,CONTINUE OPERATION
2413,L,299.0,308.5,1886,23.0,198,9.5,4542.533537580602,4554.0,0,0.004652517256880543,CONTINUE OPERATION,CONTINUE OPERATION,CONTINUE OPERATION
5543,L,302.4,311.8,1255,59.0,138,9.400000000000034,7753.974267835207,8142.0,0,0.013266263309570172,CONTINUE OPERATION,CONTINUE OPERATION,CONTINUE OPERATION
810,L,296.9,307.7,1550,39.7,124,10.800000000000011,6443.930131288264,4922.8,0,0.0036404426947292596,CONTINUE OPERATION,CONTINUE OPERATION,CONTINUE OPERATION
4933,H,303.4,312.2,1554,36.8,85,8.800000000000011,5988.629579979006,3127.9999999999995,0,0.0036404426947292596,CONTINUE OPERATION,CONTINUE OPERATION,CONTINUE OPERATION
2988,M,300.6,309.8,1532,42.5,130,9.199999999999989,6818.303255841048,5525.0,0,0.003694270385163889,CONTINUE OPERATION,CONTINUE OPERATION,CONTINUE OPERATION
4136,L,301.7,310.1,1487,48.0,36,8.400000000000034,7474.477241420836,1728.0,0,0.004163707016046961,CONTINUE OPERATION,CONTINUE OPERATION,CONTINUE OPERATION
6564,L,301.4,310.6,1557,38.2,157,9.200000000000045,6228.458763154053,5997.400000000001,0,0.0036412438728719277,CONTINUE OPERATION,CONTINUE OPERATION,CONTINUE OPERATION
4474,L,302.7,310.5,1563,35.0,8,7.800000000000011,5728.694203820988,280.0,0,0.004838717233225031,CONTINUE OPERATION,CONTINUE OPERATION,CONTINUE OPERATION
6889,H,300.9,311.4,1387,42.7,121,10.5,6202.017024986338,5166.700000000001,0,0.003647823611073292,CONTINUE OPERATION,CONTINUE OPERATION,CONTINUE OPERATION
973,L,295.9,306.6,1679,30.4,117,10.700000000000045,5345.063852915626,3556.7999999999997,0,0.003638926025097612,CONTINUE OPERATION,CONTINUE OPERATION,CONTINUE OPERATION
7739,L,300.5,311.9,1576,31.1,149,11.399999999999977,5132.692189532956,4633.900000000001,0,0.003995423186455557,CONTINUE OPERATION,CONTINUE OPERATION,CONTINUE OPERATION
5417,L,302.6,312.4,1386,45.8,38,9.799999999999955,6647.484391289858,1740.3999999999999,0,0.00378838123798607,CONTINUE OPERATION,CONTINUE OPERATION,CONTINUE OPERATION
3666,M,302.3,311.6,1608,39.9,136,9.300000000000011,6718.735712673276,5426.4,0,0.0036562809865960944,CONTINUE OPERATION,CONTINUE OPERATION,CONTINUE OPERATION
7345,L,299.6,310.2,1381,60.5,13,10.599999999999966,8749.387900125132,786.5,0,0.005636101930510752,CONTINUE OPERATION,CONTINUE OPERATION,CONTINUE OPERATION
6845,M,301.3,311.5,1648,32.4,0,10.199999999999989,5591.532268565256,0.0,0,0.0036747738029636926,CONTINUE OPERATION,CONTINUE OPERATION,CONTINUE OPERATION
7502,H,300.3,311.7,1655,29.9,193,11.399999999999977,5182.004722218804,5770.7,0,0.003698966743962833,CONTINUE OPERATION,CONTINUE OPERATION,CONTINUE OPERATION
3712,L,302.3,311.5,1543,33.1,39,9.199999999999989,5348.383469152919,1290.9,0,0.0036704688155233013,CONTINUE OPERATION,CONTINUE OPERATION,CONTINUE OPERATION
5559,M,302.5,312.0,1451,43.2,189,9.5,6564.169354116658,8164.8,0,0.003692206186224487,CONTINUE OPERATION,CONTINUE OPERATION,CONTINUE OPERATION
6744,M,301.7,311.0,1298,58.1,168,9.300000000000011,7897.314668642998,9760.800000000001,0,0.006746352095402561,CONTINUE OPERATION,CONTINUE OPERATION,CONTINUE OPERATION
539,M,297.4,309.3,1775,25.8,91,11.900000000000034,4795.641185704819,2347.8,0,0.003640115871559538,CONTINUE OPERATION,CONTINUE OPERATION,CONTINUE OPERATION
8964,M,297.2,307.9,1456,44.9,85,10.699999999999989,6845.991159094686,3816.5,0,0.003638926025097612,CONTINUE OPERATION,CONTINUE OPERATION,CONTINUE OPERATION
8957,L,297.4,308.1,1348,53.7,68,10.700000000000045,7580.411745699884,3651.6000000000004,0,0.003751767907895152,CONTINUE OPERATION,CONTINUE OPERATION,CONTINUE OPERATION
6575,M,301.4,310.5,1451,45.3,183,9.100000000000023,6883.260919941772,8289.9,0,0.0036761597550612627,CONTINUE OPERATION,CONTINUE OPERATION,CONTINUE OPERATION
4676,L,303.4,311.5,1879,21.3,78,8.100000000000023,4191.167343227607,1661.4,0,0.0036985210837264053,CONTINUE OPERATION,CONTINUE OPERATION,CONTINUE OPERATION
8247,L,299.0,310.4,1713,28.0,116,11.399999999999977,5022.778334559362,3248.0,0,0.003640115871559538,CONTINUE OPERATION,CONTINUE OPERATION,CONTINUE OPERATION
1926,L,298.0,307.7,1606,30.8,17,9.699999999999989,5179.941743042948,523.6,0,0.003638926025097612,CONTINUE OPERATION,CONTINUE OPERATION,CONTINUE OPERATION
4588,L,302.8,311.0,1564,38.5,85,8.199999999999989,6305.595334775194,3272.5,0,0.003638926025097612,CONTINUE OPERATION,CONTINUE OPERATION,CONTINUE OPERATION
9810,L,298.1,309.0,1502,40.9,153,10.899999999999977,6433.123052559914,6257.7,0,0.003642097068128957,CONTINUE OPERATION,CONTINUE OPERATION,CONTINUE OPERATION
5820,L,301.3,311.1,1723,27.6,210,9.800000000000011,4979.927010764397,5796.0,0,0.010272961780879159,CONTINUE OPERATION,PERFORM MAINTENANCE,CONTINUE OPERATION
5023,M,304.0,313.0,1575,34.5,92,9.0,5690.209693814513,3174.0,0,0.0036412438728719277,CONTINUE OPERATION,CONTINUE OPERATION,CONTINUE OPERATION
5030,M,303.9,313.1,1437,48.3,110,9.200000000000045,7268.294515565738,5313.0,0,0.004139391171481507,CONTINUE OPERATION,CONTINUE OPERATION,CONTINUE OPERATION
2680,L,299.8,309.5,1641,27.1,16,9.699999999999989,4657.002701901902,433.6,0,0.0036410380719261587,CONTINUE OPERATION,CONTINUE OPERATION,CONTINUE OPERATION
3636,L,302.2,311.4,1449,46.5,60,9.199999999999989,7055.860020329997,2790.0,0,0.003646680806265496,CONTINUE OPERATION,CONTINUE OPERATION,CONTINUE OPERATION
8129,L,300.0,311.3,1520,39.2,43,11.300000000000011,6239.621889049809,1685.6000000000001,0,0.003638926025097612,CONTINUE OPERATION,CONTINUE OPERATION,CONTINUE OPERATION
6546,M,301.4,310.8,1530,39.9,107,9.400000000000034,6392.82689078987,4269.3,0,0.0036404426947292596,CONTINUE OPERATION,CONTINUE OPERATION,CONTINUE OPERATION
8792,L,297.4,308.5,1418,51.2,52,11.100000000000023,7602.821773295492,2662.4,0,0.0037226333657020515,CONTINUE OPERATION,CONTINUE OPERATION,CONTINUE OPERATION
9038,L,297.3,308.3,2358,14.9,49,11.0,3679.24482032515,730.1,0,0.006335703872277101,CONTINUE OPERATION,CONTINUE OPERATION,CONTINUE OPERATION
8317,L,298.7,309.7,1667,30.4,92,11.0,5306.862086247973,2796.7999999999997,0,0.003656101062379394,CONTINUE OPERATION,CONTINUE OPERATION,CONTINUE OPERATION
6430,L,300.3,309.8,1523,39.2,24,9.5,6251.9369322518805,940.8000000000001,0,0.0036451538474706916,CONTINUE OPERATION,CONTINUE OPERATION,CONTINUE OPERATION
881,L,295.7,306.2,1464,46.2,92,10.5,7082.909133077404,4250.400000000001,0,0.0036490371600571294,CONTINUE OPERATION,CONTINUE OPERATION,CONTINUE OPERATION
9459,L,298.4,309.1,1579,36.1,123,10.700000000000045,5969.225009355334,4440.3,0,0.0036416472546152274,CONTINUE OPERATION,CONTINUE OPERATION,CONTINUE OPERATION
5574,L,302.4,312.0,1305,49.1,16,9.600000000000023,6709.970669169759,785.6,0,0.005570355225654173,CONTINUE OPERATION,CONTINUE OPERATION,CONTINUE OPERATION
1345,L,298.5,310.0,1804,26.1,22,11.5,4930.666837956109,574.2,0,0.003711289065139937,CONTINUE OPERATION,CONTINUE OPERATION,CONTINUE OPERATION
4250,L,302.6,311.0,1660,38.0,99,8.399999999999977,6605.722152948138,3762.0,0,0.0036935577910217655,CONTINUE OPERATION,CONTINUE OPERATION,CONTINUE OPERATION
1241,M,297.1,308.5,1621,32.4,194,11.399999999999977,5499.923426786579,6285.599999999999,0,0.0037285579711585173,CONTINUE OPERATION,CONTINUE OPERATION,CONTINUE OPERATION
504,M,297.6,309.3,1529,41.9,3,11.699999999999989,6708.881583716516,125.69999999999999,0,0.0036404426947292596,CONTINUE OPERATION,CONTINUE OPERATION,CONTINUE OPERATION
1813,L,298.1,307.7,1479,45.0,136,9.599999999999966,6969.623301988957,6120.0,0,0.0036401305849835795,CONTINUE OPERATION,CONTINUE OPERATION,CONTINUE OPERATION
3229,L,300.6,309.4,1442,43.2,96,8.799999999999955,6523.454313326134,4147.200000000001,0,0.0037322271299063113,CONTINUE OPERATION,CONTINUE OPERATION,CONTINUE OPERATION
5699,L,302.4,311.9,1867,25.9,121,9.5,5063.755174737684,3133.8999999999996,0,0.003921206390006833,CONTINUE OPERATION,CONTINUE OPERATION,CONTINUE OPERATION
3754,L,302.3,311.0,1442,43.7,152,8.699999999999989,6598.957256767409,6642.400000000001,0,0.0037313970722793162,CONTINUE OPERATION,CONTINUE OPERATION,CONTINUE OPERATION
7448,L,300.3,311.8,1488,38.4,51,11.5,5983.603031733263,1958.3999999999999,0,0.003638926025097612,CONTINUE OPERATION,CONTINUE OPERATION,CONTINUE OPERATION
656,M,297.7,309.1,1732,28.1,167,11.400000000000034,5096.626705869746,4692.7,0,0.0042771451375535575,CONTINUE OPERATION,CONTINUE OPERATION,CONTINUE OPERATION
7187,L,300.4,310.5,1402,54.3,44,10.100000000000023,7972.168349602531,2389.2,0,0.003986526398822949,CONTINUE OPERATION,CONTINUE OPERATION,CONTINUE OPERATION
2181,H,299.5,309.1,1548,44.3,40,9.600000000000023,7181.303814987836,1772.0,0,0.004906882040545216,CONTINUE OPERATION,CONTINUE OPERATION,CONTINUE OPERATION
6817,M,301.0,310.7,1493,48.1,145,9.699999999999989,7520.271190334664,6974.5,0,0.003944336366648931,CONTINUE OPERATION,CONTINUE OPERATION,CONTINUE OPERATION
4270,L,302.6,310.9,1331,52.0,154,8.299999999999955,7247.86369134189,8008.0,1,0.9917222175985094,REPAIR AFTER FAILURE,CONTINUE OPERATION,PERFORM MAINTENANCE
4307,L,301.4,309.9,1259,63.9,20,8.5,8424.714771352139,1278.0,1,0.5915555843967543,REPAIR AFTER FAILURE,CONTINUE OPERATION,PERFORM MAINTENANCE
2445,H,299.2,308.7,1375,55.1,78,9.5,7933.830447253222,4297.8,0,0.0037441736009481085,CONTINUE OPERATION,CONTINUE OPERATION,CONTINUE OPERATION
6370,L,300.1,309.6,1321,46.9,75,9.5,6487.901956463009,3517.5,0,0.003856108988151207,CONTINUE OPERATION,CONTINUE OPERATION,CONTINUE OPERATION
1331,H,298.9,310.2,1771,26.8,216,11.300000000000011,4970.292793293388,5788.8,0,0.03161220306245892,CONTINUE OPERATION,PERFORM MAINTENANCE,CONTINUE OPERATION
7576,M,300.3,311.1,1477,44.2,166,10.800000000000011,6836.461661378797,7337.200000000001,0,0.0036549471431076334,CONTINUE OPERATION,CONTINUE OPERATION,CONTINUE OPERATION
6238,L,301.3,310.8,1390,57.4,164,9.5,8355.170381977174,9413.6,0,0.005361333991906915,CONTINUE OPERATION,CONTINUE OPERATION,CONTINUE OPERATION
2256,L,299.1,308.3,1489,38.1,32,9.199999999999989,5940.845955717906,1219.2,0,0.00363972720324028,CONTINUE OPERATION,CONTINUE OPERATION,CONTINUE OPERATION
618,H,298.2,310.0,1433,44.2,68,11.800000000000011,6632.802681622082,3005.6000000000004,0,0.003984849963252047,CONTINUE OPERATION,CONTINUE OPERATION,CONTINUE OPERATION
1009,M,296.2,307.2,1385,44.0,5,11.0,6381.621876992067,220.0,0,0.003786073504271519,CONTINUE OPERATION,CONTINUE OPERATION,CONTINUE OPERATION
1879,M,298.2,307.7,1608,33.8,106,9.5,5691.560578655556,3582.7999999999997,0,0.003665614702801648,CONTINUE OPERATION,CONTINUE OPERATION,CONTINUE OPERATION
6522,L,301.1,310.1,1489,45.8,42,9.0,7141.489364091341,1923.6,0,0.0037250868517887574,CONTINUE OPERATION,CONTINUE OPERATION,CONTINUE OPERATION
1379,L,298.7,310.1,1620,34.8,112,11.400000000000034,5903.680914625938,3897.5999999999995,0,0.003638926025097612,CONTINUE OPERATION,CONTINUE OPERATION,CONTINUE OPERATION
4967,L,303.9,312.6,1426,53.4,172,8.700000000000045,7974.241800753899,9184.8,0,0.005384291513575265,CONTINUE OPERATION,CONTINUE OPERATION,CONTINUE OPERATION
5423,L,302.6,312.3,1647,31.8,52,9.699999999999989,5484.655286490133,1653.6000000000001,0,0.003638926025097612,CONTINUE OPERATION,CONTINUE OPERATION,CONTINUE OPERATION
6227,L,301.2,310.8,1479,38.2,139,9.600000000000023,5916.435780799515,5309.8,0,0.0036652226550406538,CONTINUE OPERATION,CONTINUE OPERATION,CONTINUE OPERATION
306,L,297.8,308.4,1374,47.1,150,10.599999999999966,6776.980840470831,7065.0,0,0.0037267434219710057,CONTINUE OPERATION,CONTINUE OPERATION,CONTINUE OPERATION
7288,M,300.2,310.6,1983,20.8,83,10.400000000000034,4319.312907567535,1726.4,0,0.003651796063577452,CONTINUE OPERATION,CONTINUE OPERATION,CONTINUE OPERATION
8500,L,298.3,309.5,1711,30.3,148,11.199999999999989,5429.017680595057,4484.400000000001,0,0.003673219137165179,CONTINUE OPERATION,CONTINUE OPERATION,CONTINUE OPERATION
9981,L,298.7,308.5,1353,47.0,190,9.800000000000011,6659.233947814284,8930.0,0,0.004143418897585012,CONTINUE OPERATION,CONTINUE OPERATION,CONTINUE OPERATION
9054,M,297.3,308.4,1521,38.2,87,11.099999999999966,6084.448155913496,3323.4,0,0.003638926025097612,CONTINUE OPERATION,CONTINUE OPERATION,CONTINUE OPERATION
7174,L,300.2,310.2,1530,48.5,15,10.0,7770.729428654353,727.5,0,0.00474283496100096,CONTINUE OPERATION,CONTINUE OPERATION,CONTINUE OPERATION
380,L,297.5,308.3,2564,12.8,127,10.800000000000011,3436.818587223139,1625.6000000000001,1,0.9904141813861932,REPAIR AFTER FAILURE,CONTINUE OPERATION,PERFORM MAINTENANCE
5295,L,303.8,313.2,1336,47.8,176,9.399999999999977,6687.48733774557,8412.8,0,0.004201616668086535,CONTINUE OPERATION,CONTINUE OPERATION,CONTINUE OPERATION
7339,L,299.8,310.4,1579,36.4,0,10.599999999999966,6018.830757355517,0.0,0,0.0036413826600562222,CONTINUE OPERATION,CONTINUE OPERATION,CONTINUE OPERATION
6279,L,301.3,310.8,1432,54.4,51,9.5,8157.752699625591,2774.4,0,0.0037953148311863348,CONTINUE OPERATION,CONTINUE OPERATION,CONTINUE OPERATION
6572,L,301.4,310.7,1428,53.7,176,9.300000000000011,8030.287813693942,9451.2,0,0.004197166939103511,CONTINUE OPERATION,CONTINUE OPERATION,CONTINUE OPERATION
6208,M,300.7,310.6,1418,46.3,84,9.900000000000034,6875.207970773071,3889.2,0,0.0037401828678459807,CONTINUE OPERATION,CONTINUE OPERATION,CONTINUE OPERATION
6180,L,301.0,310.9,1492,44.6,15,9.899999999999977,6968.387608878545,669.0,0,0.003664366726796971,CONTINUE OPERATION,CONTINUE OPERATION,CONTINUE OPERATION
4392,L,302.2,310.1,1458,45.1,15,7.900000000000034,6885.931273697323,676.5,0,0.004707350685478005,CONTINUE OPERATION,CONTINUE OPERATION,CONTINUE OPERATION
9650,M,299.1,310.0,1437,41.1,192,10.899999999999977,6184.822041195691,7891.200000000001,0,0.0037200230803238095,CONTINUE OPERATION,CONTINUE OPERATION,CONTINUE OPERATION
6630,M,301.6,310.5,1414,49.3,106,8.899999999999977,7300.035073342506,5225.799999999999,0,0.004173506242208766,CONTINUE OPERATION,CONTINUE OPERATION,CONTINUE OPERATION
1616,H,297.8,307.8,1662,30.7,48,10.0,5343.157953372448,1473.6,0,0.0036806380703123497,CONTINUE OPERATION,CONTINUE OPERATION,CONTINUE OPERATION
8309,M,298.7,310.0,1459,40.2,69,11.300000000000011,6142.002133327262,2773.8,0,0.0036663166888374716,CONTINUE OPERATION,CONTINUE OPERATION,CONTINUE OPERATION
4754,M,303.3,311.5,1384,54.8,48,8.199999999999989,7942.281331491379,2630.3999999999996,0,0.08693832758512257,CONTINUE OPERATION,CONTINUE OPERATION,CONTINUE OPERATION
7287,M,300.2,310.4,1530,35.7,80,10.199999999999989,5719.897744390937,2856.0,0,0.0036413826600562222,CONTINUE OPERATION,CONTINUE OPERATION,CONTINUE OPERATION
8893,L,297.5,308.7,1371,46.5,121,11.199999999999989,6676.04146851099,5626.5,0,0.003696468004141605,CONTINUE OPERATION,CONTINUE OPERATION,CONTINUE OPERATION
313,L,298.0,308.6,1313,50.8,170,10.600000000000023,6984.849554383354,8636.0,0,0.003863549628766124,CONTINUE OPERATION,CONTINUE OPERATION,CONTINUE OPERATION
8371,L,298.7,309.7,1881,21.7,29,11.0,4274.419548547737,629.3,0,0.0036470370619362397,CONTINUE OPERATION,CONTINUE OPERATION,CONTINUE OPERATION
4429,M,302.3,310.1,1731,33.4,112,7.800000000000011,6054.414530145177,3740.7999999999997,0,0.003985186902689209,CONTINUE OPERATION,CONTINUE OPERATION,CONTINUE OPERATION
6121,L,300.9,311.1,1457,37.4,96,10.200000000000045,5706.367952029476,3590.3999999999996,0,0.0036424622941318998,CONTINUE OPERATION,CONTINUE OPERATION,CONTINUE OPERATION
5534,M,302.3,311.7,1494,37.1,114,9.399999999999977,5804.3437549194305,4229.400000000001,0,0.0036796197606065,CONTINUE OPERATION,CONTINUE OPERATION,CONTINUE OPERATION
7505,L,300.5,311.9,1546,39.4,203,11.399999999999977,6378.731611750763,7998.2,0,0.00814096140594827,CONTINUE OPERATION,PERFORM MAINTENANCE,CONTINUE OPERATION
1448,M,299.0,310.3,1657,31.0,70,11.300000000000011,5379.139661231564,2170.0,0,0.003638926025097612,CONTINUE OPERATION,CONTINUE OPERATION,CONTINUE OPERATION
1337,H,298.7,310.2,1613,36.0,0,11.5,6080.866740288404,0.0,0,0.003702764627957299,CONTINUE OPERATION,CONTINUE OPERATION,CONTINUE OPERATION
2912,L,300.7,309.6,1661,30.3,129,8.900000000000034,5270.367251588773,3908.7000000000003,0,0.0037129459805052356,CONTINUE OPERATION,CONTINUE OPERATION,CONTINUE OPERATION
9311,L,298.4,309.4,1540,43.2,141,11.0,6966.795868600726,6091.200000000001,0,0.003644553703087567,CONTINUE OPERATION,CONTINUE OPERATION,CONTINUE OPERATION
3695,L,302.2,311.3,1530,37.3,207,9.100000000000023,5976.251704923863,7721.099999999999,1,0.08656965165730449,REPAIR AFTER FAILURE,PERFORM MAINTENANCE,CONTINUE OPERATION
6931,M,300.8,311.4,1521,39.9,15,10.599999999999966,6355.222026726399,598.5,0,0.003643394490715871,CONTINUE OPERATION,CONTINUE OPERATION,CONTINUE OPERATION
4394,L,302.2,310.0,1483,48.7,20,7.800000000000011,7563.080626227579,974.0,0,0.005755763791545657,CONTINUE OPERATION,CONTINUE OPERATION,CONTINUE OPERATION
5848,L,301.4,311.3,2323,15.9,50,9.900000000000034,3867.8974591732176,795.0,0,0.004780083787943092,CONTINUE OPERATION,CONTINUE OPERATION,CONTINUE OPERATION
3966,L,302.3,311.5,1530,37.8,57,9.199999999999989,6056.362317590402,2154.6,0,0.003654982974407149,CONTINUE OPERATION,CONTINUE OPERATION,CONTINUE OPERATION
787,L,296.9,308.1,1435,45.3,62,11.200000000000045,6807.360041431043,2808.6,0,0.003973378516851166,CONTINUE OPERATION,CONTINUE OPERATION,CONTINUE OPERATION
9855,L,298.7,309.6,1516,38.5,61,10.900000000000034,6112.073227314062,2348.5,0,0.003639864083070806,CONTINUE OPERATION,CONTINUE OPERATION,CONTINUE OPERATION
846,M,296.4,307.4,1416,50.0,210,11.0,7414.158662471912,10500.0,0,0.005952746486256676,CONTINUE OPERATION,PERFORM MAINTENANCE,CONTINUE OPERATION
6693,M,301.8,311.0,1756,26.7,33,9.199999999999989,4909.806662736271,881.1,0,0.0036487950836439744,CONTINUE OPERATION,CONTINUE OPERATION,CONTINUE OPERATION
7015,L,300.5,310.5,1452,42.9,29,10.0,6523.077322207703,1244.1,0,0.003671712014562517,CONTINUE OPERATION,CONTINUE OPERATION,CONTINUE OPERATION
4487,L,302.5,310.5,1436,36.5,43,8.0,5488.781244841847,1569.5,0,0.00378134419535999,CONTINUE OPERATION,CONTINUE OPERATION,CONTINUE OPERATION
3451,L,301.6,310.6,1455,43.9,0,9.0,6688.921998390708,0.0,0,0.0036961972913863426,CONTINUE OPERATION,CONTINUE OPERATION,CONTINUE OPERATION
8472,L,298.5,309.7,1634,37.8,78,11.199999999999989,6468.036618916809,2948.3999999999996,0,0.0036628588647397756,CONTINUE OPERATION,CONTINUE OPERATION,CONTINUE OPERATION
4283,M,301.8,309.9,1334,61.0,182,8.099999999999966,8521.465353107194,11102.0,1,0.8519376808644289,REPAIR AFTER FAILURE,CONTINUE OPERATION,PERFORM MAINTENANCE
5539,H,302.3,311.7,1482,39.0,127,9.399999999999977,6052.592406406096,4953.0,0,0.003659019677999791,CONTINUE OPERATION,CONTINUE OPERATION,CONTINUE OPERATION
4673,L,303.4,311.5,1501,36.2,69,8.100000000000023,5690.073558132858,2497.8,0,0.0038101353316787575,CONTINUE OPERATION,CONTINUE OPERATION,CONTINUE OPERATION
9109,L,297.5,308.6,1513,39.7,32,11.100000000000023,6290.107282992996,1270.4,0,0.003694373644304548,CONTINUE OPERATION,CONTINUE OPERATION,CONTINUE OPERATION
9997,M,299.0,308.6,1645,33.4,22,9.600000000000023,5753.617505539466,734.8,0,0.0036500748186349364,CONTINUE OPERATION,CONTINUE OPERATION,CONTINUE OPERATION
6057,L,300.8,310.8,1689,32.9,151,10.0,5819.077824464765,4967.9,0,0.0036713329727282606,CONTINUE OPERATION,CONTINUE OPERATION,CONTINUE OPERATION
8078,L,300.3,311.7,1571,31.2,123,11.399999999999977,5132.8597411411465,3837.6,0,0.0037086012032480214,CONTINUE OPERATION,CONTINUE OPERATION,CONTINUE OPERATION
3582,L,301.8,310.6,1395,50.5,131,8.800000000000011,7377.244948792231,6615.5,0,0.0040962883532367055,CONTINUE OPERATION,CONTINUE OPERATION,CONTINUE OPERATION
8485,L,298.4,309.5,1450,47.9,112,11.100000000000023,7273.31059183597,5364.8,0,0.0036794742690578557,CONTINUE OPERATION,CONTINUE OPERATION,CONTINUE OPERATION
1903,L,297.9,307.6,1968,20.4,171,9.700000000000045,4204.204952740004,3488.3999999999996,0,0.0037208259675220214,CONTINUE OPERATION,CONTINUE OPERATION,CONTINUE OPERATION
7263,L,300.4,310.6,1429,46.9,19,10.200000000000045,7018.32846009511,891.1,0,0.004072267465098147,CONTINUE OPERATION,CONTINUE OPERATION,CONTINUE OPERATION
2169,L,299.5,309.1,1415,49.2,8,9.600000000000023,7290.379911920474,393.6,0,0.0038379636970629163,CONTINUE OPERATION,CONTINUE OPERATION,CONTINUE OPERATION
716,H,297.4,308.6,1420,45.8,120,11.200000000000045,6810.553993962192,5496.0,0,0.005391966991497819,CONTINUE OPERATION,CONTINUE OPERATION,CONTINUE OPERATION
3671,M,302.3,311.7,1486,39.6,147,9.399999999999977,6162.296821869451,5821.2,0,0.003647870884462466,CONTINUE OPERATION,CONTINUE OPERATION,CONTINUE OPERATION
1964,M,297.8,307.5,1405,46.9,113,9.699999999999989,6900.455903732422,5299.7,0,0.0036444514675359916,CONTINUE OPERATION,CONTINUE OPERATION,CONTINUE OPERATION
7176,L,300.1,310.1,1650,31.6,19,10.0,5460.088031939061,600.4,0,0.003639864083070806,CONTINUE OPERATION,CONTINUE OPERATION,CONTINUE OPERATION
21,L,298.8,309.3,1450,44.8,63,10.5,6802.595292573099,2822.3999999999996,0,0.0036937919989650145,CONTINUE OPERATION,CONTINUE OPERATION,CONTINUE OPERATION
9159,M,297.5,308.6,1510,35.5,155,11.100000000000023,5613.502473189362,5502.5,0,0.003638926025097612,CONTINUE OPERATION,CONTINUE OPERATION,CONTINUE OPERATION
6182,L,301.0,310.8,1475,35.3,19,9.800000000000011,5452.495849692885,670.6999999999999,0,0.003653044305548242,CONTINUE OPERATION,CONTINUE OPERATION,CONTINUE OPERATION
9353,L,298.2,308.8,1345,44.3,37,10.600000000000023,6239.569529172247,1639.1,0,0.003927453886088407,CONTINUE OPERATION,CONTINUE OPERATION,CONTINUE OPERATION
2897,M,300.6,309.5,1530,40.2,93,8.899999999999977,6440.893258389794,3738.6000000000004,0,0.003656700143984633,CONTINUE OPERATION,CONTINUE OPERATION,CONTINUE OPERATION
788,M,296.9,308.1,1440,46.3,64,11.200000000000045,6981.875513337955,2963.2,0,0.003715292782882163,CONTINUE OPERATION,CONTINUE OPERATION,CONTINUE OPERATION
4968,M,303.9,312.7,1485,43.3,174,8.800000000000011,6733.532614071683,7534.2,0,0.003647073937598922,CONTINUE OPERATION,CONTINUE OPERATION,CONTINUE OPERATION
3785,L,302.3,310.9,1545,36.7,18,8.599999999999966,5937.76719491739,660.6,0,0.003676583356877829,CONTINUE OPERATION,CONTINUE OPERATION,CONTINUE OPERATION
3944,L,302.2,311.2,1381,49.4,207,9.0,7144.128301920356,10225.8,0,0.056166123038734805,CONTINUE OPERATION,PERFORM MAINTENANCE,CONTINUE OPERATION
7173,L,300.1,310.1,1684,30.8,13,10.0,5431.520482742418,400.40000000000003,0,0.0036524146883722686,CONTINUE OPERATION,CONTINUE OPERATION,CONTINUE OPERATION
7313,L,299.9,310.4,1408,38.4,144,10.5,5661.903944005668,5529.599999999999,0,0.003673815175299281,CONTINUE OPERATION,CONTINUE OPERATION,CONTINUE OPERATION
1508,M,298.0,308.6,1507,37.3,217,10.600000000000023,5886.412627006708,8094.099999999999,0,0.03366640597113786,CONTINUE OPERATION,PERFORM MAINTENANCE,CONTINUE OPERATION
924,L,295.5,306.0,1800,27.6,208,10.5,5202.477434344697,5740.8,0,0.013951623074675104,CONTINUE OPERATION,PERFORM MAINTENANCE,CONTINUE OPERATION
2493,M,299.0,308.8,1418,45.7,204,9.800000000000011,6786.112403117266,9322.800000000001,0,0.007122861529961962,CONTINUE OPERATION,PERFORM MAINTENANCE,CONTINUE OPERATION
9530,H,299.1,310.4,1405,53.6,86,11.299999999999955,7886.235318551339,4609.6,0,0.0037399284085822245,CONTINUE OPERATION,CONTINUE OPERATION,CONTINUE OPERATION
2129,H,299.4,309.0,1607,33.7,130,9.600000000000023,5671.192586284783,4381.0,0,0.003652796048152552,CONTINUE OPERATION,CONTINUE OPERATION,CONTINUE OPERATION
3727,L,302.3,311.2,1786,24.3,81,8.899999999999977,4544.81642824221,1968.3,0,0.0036448261294491774,CONTINUE OPERATION,CONTINUE OPERATION,CONTINUE OPERATION
1738,H,298.4,307.9,1948,21.4,136,9.5,4365.47337562428,2910.3999999999996,0,0.0036536452321299074,CONTINUE OPERATION,CONTINUE OPERATION,CONTINUE OPERATION
9881,L,298.8,309.8,1493,38.5,132,11.0,6019.343884155604,5082.0,0,0.003651361887097496,CONTINUE OPERATION,CONTINUE OPERATION,CONTINUE OPERATION
2815,M,300.1,309.4,1569,31.6,124,9.299999999999955,5192.047346734779,3918.4,0,0.0036418698210994417,CONTINUE OPERATION,CONTINUE OPERATION,CONTINUE OPERATION
7526,L,300.1,311.4,1660,31.4,38,11.299999999999955,5458.412515857145,1193.2,0,0.0036424622941318998,CONTINUE OPERATION,CONTINUE OPERATION,CONTINUE OPERATION
3699,L,302.2,311.2,1649,33.2,9,9.0,5733.07148958499,298.8,0,0.0036849222521491607,CONTINUE OPERATION,CONTINUE OPERATION,CONTINUE OPERATION
9308,L,298.4,309.1,1423,48.0,135,10.700000000000045,7152.778153693242,6480.0,0,0.0037076861039302663,CONTINUE OPERATION,CONTINUE OPERATION,CONTINUE OPERATION
2237,L,299.3,308.6,1403,50.6,189,9.300000000000011,7434.243911503862,9563.4,0,0.003891497040834662,CONTINUE OPERATION,CONTINUE OPERATION,CONTINUE OPERATION
7045,M,300.7,310.6,1609,27.6,108,9.900000000000034,4650.4367732558985,2980.8,0,0.0036755372098643303,CONTINUE OPERATION,CONTINUE OPERATION,CONTINUE OPERATION
812,L,296.8,307.6,1338,44.4,128,10.800000000000011,6221.107436344651,5683.2,0,0.004170876515905801,CONTINUE OPERATION,CONTINUE OPERATION,CONTINUE OPERATION
6012,H,300.8,310.9,1425,44.0,33,10.099999999999966,6565.928646002667,1452.0,0,0.00406692569026016,CONTINUE OPERATION,CONTINUE OPERATION,CONTINUE OPERATION
1833,L,297.8,307.3,1327,61.0,186,9.5,8476.7500176711,11346.0,1,0.881599627318114,REPAIR AFTER FAILURE,CONTINUE OPERATION,PERFORM MAINTENANCE
5087,M,304.0,313.0,1685,28.2,66,9.0,4975.9686040208735,1861.2,0,0.0039254587612667455,CONTINUE OPERATION,CONTINUE OPERATION,CONTINUE OPERATION
5478,L,302.7,312.2,1611,34.1,186,9.5,5752.790219474022,6342.6,0,0.0036515914882665848,CONTINUE OPERATION,CONTINUE OPERATION,CONTINUE OPERATION
1681,M,297.8,307.3,1804,26.0,222,9.5,4911.775394132523,5772.0,0,0.051806562120368126,CONTINUE OPERATION,PERFORM MAINTENANCE,CONTINUE OPERATION
3051,L,300.2,309.3,1366,49.3,59,9.100000000000023,7052.226244827344,2908.7,0,0.003670157124163135,CONTINUE OPERATION,CONTINUE OPERATION,CONTINUE OPERATION
8361,L,298.6,309.5,1450,44.3,7,10.899999999999977,6726.6734701113455,310.09999999999997,0,0.003639864083070806,CONTINUE OPERATION,CONTINUE OPERATION,CONTINUE OPERATION
8426,L,299.1,310.5,1628,35.9,174,11.399999999999977,6120.36703191954,6246.599999999999,0,0.0036653546840065077,CONTINUE OPERATION,CONTINUE OPERATION,CONTINUE OPERATION
5747,L,302.1,311.5,1533,39.4,26,9.399999999999977,6325.094153178473,1024.3999999999999,0,0.0036404426947292596,CONTINUE OPERATION,CONTINUE OPERATION,CONTINUE OPERATION
5793,L,301.8,311.3,1471,44.2,148,9.5,6808.689982321063,6541.6,0,0.00364089250824299,CONTINUE OPERATION,CONTINUE OPERATION,CONTINUE OPERATION
7154,L,300.3,310.1,1483,39.9,174,9.800000000000011,6196.445934013971,6942.599999999999,0,0.003639864083070806,CONTINUE OPERATION,CONTINUE OPERATION,CONTINUE OPERATION
6981,H,300.8,311.2,1612,32.5,143,10.399999999999977,5486.2679707189745,4647.5,0,0.0036444156564901338,CONTINUE OPERATION,CONTINUE OPERATION,CONTINUE OPERATION
9912,L,298.6,308.9,1327,58.8,9,10.299999999999955,8171.031164574764,529.1999999999999,0,0.0038772995391525046,CONTINUE OPERATION,CONTINUE OPERATION,CONTINUE OPERATION
1701,L,298.0,307.7,1479,42.5,47,9.699999999999989,6582.422007434015,1997.5,0,0.003638926025097612,CONTINUE OPERATION,CONTINUE OPERATION,CONTINUE OPERATION
4305,L,301.6,310.1,1687,26.6,16,8.5,4699.215235190636,425.6,0,0.00374576400554785,CONTINUE OPERATION,CONTINUE OPERATION,CONTINUE OPERATION
4614,H,303.0,311.2,1503,37.0,152,8.199999999999989,5823.570301959399,5624.0,0,0.0036935804084226227,CONTINUE OPERATION,CONTINUE OPERATION,CONTINUE OPERATION
3468,L,301.8,310.7,2092,18.6,51,8.899999999999977,4074.771335412105,948.6,0,0.00386432123985835,CONTINUE OPERATION,CONTINUE OPERATION,CONTINUE OPERATION
8933,M,297.3,308.3,1544,41.7,6,11.0,6742.360489428271,250.20000000000002,0,0.0036404426947292596,CONTINUE OPERATION,CONTINUE OPERATION,CONTINUE OPERATION
2624,H,299.7,309.5,1375,46.8,86,9.800000000000011,6738.716241950105,4024.7999999999997,0,0.003718058769477662,CONTINUE OPERATION,CONTINUE OPERATION,CONTINUE OPERATION
4319,M,301.6,310.2,1411,45.1,54,8.599999999999966,6663.956808770181,2435.4,0,0.0066980157028038705,CONTINUE OPERATION,CONTINUE OPERATION,CONTINUE OPERATION
2114,H,299.4,309.1,1373,44.1,81,9.700000000000045,6340.707868666816,3572.1,0,0.003639775139033788,CONTINUE OPERATION,CONTINUE OPERATION,CONTINUE OPERATION
3682,L,302.1,311.2,1550,34.8,177,9.099999999999966,5648.583591154448,6159.599999999999,0,0.003677934012961931,CONTINUE OPERATION,CONTINUE OPERATION,CONTINUE OPERATION
4575,M,302.9,311.0,1437,49.9,55,8.100000000000023,7509.0661765368595,2744.5,0,0.004668657214088555,CONTINUE OPERATION,CONTINUE OPERATION,CONTINUE OPERATION
7242,H,299.9,310.1,1447,51.4,185,10.200000000000045,7788.615562828791,9509.0,0,0.0038365961393329686,CONTINUE OPERATION,CONTINUE OPERATION,CONTINUE OPERATION
9410,M,298.0,308.5,1666,31.0,198,10.5,5408.356472909949,6138.0,0,0.0037703438032171384,CONTINUE OPERATION,CONTINUE OPERATION,CONTINUE OPERATION
9624,H,299.0,310.1,1555,38.6,118,11.100000000000023,6285.593861547339,4554.8,0,0.003661218966813638,CONTINUE OPERATION,CONTINUE OPERATION,CONTINUE OPERATION
6015,M,300.8,310.8,1520,38.0,45,10.0,6048.613055711549,1710.0,0,0.003638926025097612,CONTINUE OPERATION,CONTINUE OPERATION,CONTINUE OPERATION
8883,M,297.9,309.2,1529,38.1,96,11.300000000000011,6100.438862520268,3657.6000000000004,0,0.0036404426947292596,CONTINUE OPERATION,CONTINUE OPERATION,CONTINUE OPERATION
2949,M,300.7,309.5,1470,48.7,21,8.800000000000011,7496.782549261323,1022.7,0,0.004280507108046194,CONTINUE OPERATION,CONTINUE OPERATION,CONTINUE OPERATION
5742,L,302.3,311.7,1414,47.0,11,9.399999999999977,6959.465485742348,517.0,0,0.004070156798549933,CONTINUE OPERATION,CONTINUE OPERATION,CONTINUE OPERATION
7016,L,300.6,310.5,1509,43.1,31,9.899999999999977,6810.752961496921,1336.1000000000001,0,0.0041980483391248985,CONTINUE OPERATION,CONTINUE OPERATION,CONTINUE OPERATION
1032,L,296.3,307.4,1648,34.0,60,11.099999999999966,5867.657318864775,2040.0,0,0.003638926025097612,CONTINUE OPERATION,CONTINUE OPERATION,CONTINUE OPERATION
2878,H,300.5,309.4,1502,34.3,40,8.899999999999977,5395.015176107703,1372.0,0,0.003740969770190732,CONTINUE OPERATION,CONTINUE OPERATION,CONTINUE OPERATION
3766,L,302.3,311.1,1373,53.0,181,8.800000000000011,7620.351860302522,9593.0,0,0.018759139954348303,CONTINUE OPERATION,CONTINUE OPERATION,CONTINUE OPERATION
974,L,296.0,306.6,1511,35.2,119,10.600000000000023,5569.750559500369,4188.8,0,0.003638926025097612,CONTINUE OPERATION,CONTINUE OPERATION,CONTINUE OPERATION
7805,L,299.9,311.4,1706,28.8,111,11.5,5145.1747843432195,3196.8,0,0.003771527146342354,CONTINUE OPERATION,CONTINUE OPERATION,CONTINUE OPERATION
3059,M,300.0,309.0,1368,45.8,81,9.0,6561.15342516921,3709.7999999999997,0,0.0038297211881426025,CONTINUE OPERATION,CONTINUE OPERATION,CONTINUE OPERATION
9076,L,297.2,308.1,1474,44.3,152,10.900000000000034,6838.011513754568,6733.599999999999,0,0.003638926025097612,CONTINUE OPERATION,CONTINUE OPERATION,CONTINUE OPERATION
2195,L,299.6,308.9,1613,30.8,80,9.299999999999955,5202.519322246745,2464.0,0,0.0036972292892791733,CONTINUE OPERATION,CONTINUE OPERATION,CONTINUE OPERATION
3908,L,302.3,311.2,1633,36.4,114,8.899999999999977,6224.6679080187205,4149.599999999999,0,0.003648039527592778,CONTINUE OPERATION,CONTINUE OPERATION,CONTINUE OPERATION
1085,L,297.0,307.8,1385,56.4,202,10.800000000000011,8180.078951417104,11392.8,1,0.9140186650919745,REPAIR AFTER FAILURE,PERFORM MAINTENANCE,PERFORM MAINTENANCE
4296,L,301.8,310.2,2825,5.8,215,8.399999999999977,1715.833187635625,1247.0,1,0.8985749305853175,REPAIR AFTER FAILURE,PERFORM MAINTENANCE,PERFORM MAINTENANCE
3149,H,300.4,309.7,1500,35.2,112,9.300000000000011,5529.203070318036,3942.4000000000005,0,0.003638926025097612,CONTINUE OPERATION,CONTINUE OPERATION,CONTINUE OPERATION
2922,L,300.8,309.7,1481,38.1,153,8.899999999999977,5908.927374357435,5829.3,0,0.0036540410055070074,CONTINUE OPERATION,CONTINUE OPERATION,CONTINUE OPERATION
8145,M,299.7,310.9,1685,32.1,88,11.199999999999989,5664.134474789718,2824.8,0,0.003854858149033015,CONTINUE OPERATION,CONTINUE OPERATION,CONTINUE OPERATION
497,L,297.4,309.0,1505,39.2,209,11.600000000000023,6178.046673039448,8192.800000000001,0,0.014688302128535887,CONTINUE OPERATION,PERFORM MAINTENANCE,CONTINUE OPERATION
6292,L,301.0,310.4,1614,31.6,84,9.399999999999977,5340.958838514936,2654.4,0,0.0036798549814804015,CONTINUE OPERATION,CONTINUE OPERATION,CONTINUE OPERATION
2865,H,300.7,309.7,1623,32.7,0,9.0,5557.697315686095,0.0,0,0.003638926025097612,CONTINUE OPERATION,CONTINUE OPERATION,CONTINUE OPERATION
3969,L,302.3,311.4,1504,38.7,65,9.099999999999966,6095.1924027887735,2515.5,0,0.003653448117923344,CONTINUE OPERATION,CONTINUE OPERATION,CONTINUE OPERATION
163,M,298.4,308.2,1468,43.8,2,9.800000000000011,6733.312702585932,87.6,0,0.003638926025097612,CONTINUE OPERATION,CONTINUE OPERATION,CONTINUE OPERATION
1571,L,298.3,308.4,1528,37.3,160,10.099999999999966,5968.439611191936,5968.0,0,0.0036564771950076576,CONTINUE OPERATION,CONTINUE OPERATION,CONTINUE OPERATION
1,L,298.2,308.7,1408,46.3,3,10.5,6826.722724152667,138.89999999999998,0,0.003768898680935233,CONTINUE OPERATION,CONTINUE OPERATION,CONTINUE OPERATION
6910,L,300.8,311.2,1434,45.6,174,10.399999999999977,6847.666675176601,7934.400000000001,0,0.0037048879627075092,CONTINUE OPERATION,CONTINUE OPERATION,CONTINUE OPERATION
2881,M,300.6,309.6,1588,37.0,50,9.0,6152.91393181073,1850.0,0,0.0036629874662574566,CONTINUE OPERATION,CONTINUE OPERATION,CONTINUE OPERATION
7839,L,300.3,311.6,1374,47.4,197,11.300000000000011,6820.146323531154,9337.8,0,0.0054532237275687154,CONTINUE OPERATION,CONTINUE OPERATION,CONTINUE OPERATION
323,L,297.8,308.5,1561,46.3,194,10.699999999999989,7568.546997444826,8982.199999999999,0,0.0038070352112485177,CONTINUE OPERATION,CONTINUE OPERATION,CONTINUE OPERATION
9778,H,298.7,309.7,1311,54.5,52,11.0,7482.17414342213,2834.0,0,0.003724930243567958,CONTINUE OPERATION,CONTINUE OPERATION,CONTINUE OPERATION
7080,L,300.7,310.4,1543,47.3,203,9.699999999999989,7642.856135677735,9601.9,0,0.005387537937037809,CONTINUE OPERATION,PERFORM MAINTENANCE,CONTINUE OPERATION
7871,L,300.6,312.2,1308,54.7,52,11.599999999999966,7492.44715139937,2844.4,0,0.004029045139274541,CONTINUE OPERATION,CONTINUE OPERATION,CONTINUE OPERATION
314,M,297.9,308.5,1300,53.0,172,10.600000000000023,7215.191127744558,9116.0,0,0.003664106748685031,CONTINUE OPERATION,CONTINUE OPERATION,CONTINUE OPERATION
2043,M,299.2,309.0,1597,30.3,115,9.800000000000011,5067.294702460728,3484.5,0,0.004944100149274692,CONTINUE OPERATION,CONTINUE OPERATION,CONTINUE OPERATION
9331,L,298.4,308.9,1496,37.9,194,10.5,5937.442563676517,7352.599999999999,0,0.0036648398345880797,CONTINUE OPERATION,CONTINUE OPERATION,CONTINUE OPERATION
7997,M,301.0,312.2,2710,9.7,143,11.199999999999989,2752.7682028304966,1387.1,1,0.9923542438855776,REPAIR AFTER FAILURE,CONTINUE OPERATION,PERFORM MAINTENANCE
7340,L,299.7,310.3,1386,46.6,2,10.600000000000023,6763.597655766537,93.2,0,0.0038669442249285404,CONTINUE OPERATION,CONTINUE OPERATION,CONTINUE OPERATION
7942,L,300.8,311.7,1432,45.8,6,10.899999999999977,6868.107971375957,274.79999999999995,0,0.00396901902496149,CONTINUE OPERATION,CONTINUE OPERATION,CONTINUE OPERATION
5015,L,303.9,313.0,1759,28.4,74,9.100000000000023,5231.338198855676,2101.6,0,0.0036409170497022055,CONTINUE OPERATION,CONTINUE OPERATION,CONTINUE OPERATION
3570,H,301.8,310.6,1441,46.3,100,8.800000000000011,6986.724037999997,4630.0,0,0.003773757087831268,CONTINUE OPERATION,CONTINUE OPERATION,CONTINUE OPERATION
232,L,298.2,308.4,1424,47.6,179,10.199999999999989,7098.156329422827,8520.4,0,0.0036664707617957205,CONTINUE OPERATION,CONTINUE OPERATION,CONTINUE OPERATION
7177,L,300.2,310.2,1415,49.6,21,10.0,7349.651293318201,1041.6000000000001,0,0.003842726012090218,CONTINUE OPERATION,CONTINUE OPERATION,CONTINUE OPERATION
9042,M,297.3,308.4,1599,32.9,58,11.099999999999966,5509.0026295554535,1908.1999999999998,0,0.0036537559654900424,CONTINUE OPERATION,CONTINUE OPERATION,CONTINUE OPERATION
248,L,298.0,308.3,1362,56.8,216,10.300000000000011,8101.2878076650695,12268.8,1,0.9887377603771135,REPAIR AFTER FAILURE,PERFORM MAINTENANCE,PERFORM MAINTENANCE
3926,L,302.6,311.5,1609,36.0,162,8.899999999999977,6065.787095551172,5832.0,0,0.003674918993884356,CONTINUE OPERATION,CONTINUE OPERATION,CONTINUE OPERATION
8748,L,297.3,308.5,1384,39.6,144,11.199999999999989,5739.312786990121,5702.400000000001,0,0.0037246565946681396,CONTINUE OPERATION,CONTINUE OPERATION,CONTINUE OPERATION
6554,M,301.4,310.7,1639,29.8,127,9.300000000000011,5114.7432235054475,3784.6,0,0.004095173322585062,CONTINUE OPERATION,CONTINUE OPERATION,CONTINUE OPERATION
3303,L,301.2,310.4,1390,49.9,74,9.199999999999989,7263.466934854721,3692.6,0,0.003922523102952057,CONTINUE OPERATION,CONTINUE OPERATION,CONTINUE OPERATION
7492,M,300.3,311.7,1319,51.4,170,11.399999999999977,7099.643349945525,8738.0,0,0.003697752428756295,CONTINUE OPERATION,CONTINUE OPERATION,CONTINUE OPERATION
3989,L,302.2,311.3,1602,32.8,120,9.100000000000023,5502.562364615595,3935.9999999999995,0,0.003648039527592778,CONTINUE OPERATION,CONTINUE OPERATION,CONTINUE OPERATION
342,L,297.4,308.2,1471,46.5,25,10.800000000000011,7162.988329817408,1162.5,0,0.0036538156314902233,CONTINUE OPERATION,CONTINUE OPERATION,CONTINUE OPERATION
2884,L,300.6,309.6,1409,42.4,57,9.0,6256.125722456666,2416.7999999999997,0,0.003708270065308897,CONTINUE OPERATION,CONTINUE OPERATION,CONTINUE OPERATION
9371,L,297.7,308.4,1289,51.3,82,10.699999999999989,6924.667111116085,4206.599999999999,0,0.003666314210232857,CONTINUE OPERATION,CONTINUE OPERATION,CONTINUE OPERATION
9232,L,298.2,309.1,1350,52.0,136,10.900000000000034,7351.326809400116,7072.0,0,0.003708999562955844,CONTINUE OPERATION,CONTINUE OPERATION,CONTINUE OPERATION
1418,L,298.8,309.9,1320,47.4,210,11.099999999999966,6552.1056383268715,9954.0,0,0.08656309182264162,CONTINUE OPERATION,PERFORM MAINTENANCE,CONTINUE OPERATION
3502,M,301.8,310.9,1346,44.6,142,9.099999999999966,6286.494451441367,6333.2,0,0.005925950189448115,CONTINUE OPERATION,CONTINUE OPERATION,CONTINUE OPERATION
7702,M,300.7,311.7,1701,30.8,44,11.0,5486.351746523072,1355.2,0,0.0036436521405938255,CONTINUE OPERATION,CONTINUE OPERATION,CONTINUE OPERATION
4766,M,303.6,312.0,1645,35.7,81,8.399999999999977,6149.8246990347,2891.7000000000003,0,0.004514831989338932,CONTINUE OPERATION,CONTINUE OPERATION,CONTINUE OPERATION
1847,L,297.8,307.3,1412,50.7,24,9.5,7496.719717408252,1216.8000000000002,0,0.003731237175883992,CONTINUE OPERATION,CONTINUE OPERATION,CONTINUE OPERATION
2199,M,299.8,309.1,1268,58.0,90,9.300000000000011,7701.509670520259,5220.0,0,0.0038973944781792143,CONTINUE OPERATION,CONTINUE OPERATION,CONTINUE OPERATION
8150,M,299.5,310.7,1424,41.3,101,11.199999999999989,6158.694462293335,4171.299999999999,0,0.0037455150149253687,CONTINUE OPERATION,CONTINUE OPERATION,CONTINUE OPERATION
8846,M,297.4,308.8,1325,62.4,204,11.400000000000034,8658.22935329347,12729.6,1,0.8321520987987924,REPAIR AFTER FAILURE,PERFORM MAINTENANCE,PERFORM MAINTENANCE
978,M,296.2,306.8,1526,42.3,129,10.600000000000023,6759.639249023015,5456.7,0,0.0036404426947292596,CONTINUE OPERATION,CONTINUE OPERATION,CONTINUE OPERATION
1481,M,298.2,309.2,1332,60.2,147,11.0,8397.100171927086,8849.4,0,0.004574076533816763,CONTINUE OPERATION,CONTINUE OPERATION,CONTINUE OPERATION
4636,L,303.0,311.3,1466,43.0,210,8.300000000000011,6601.3239232331125,9030.0,0,0.023105828854095643,CONTINUE OPERATION,PERFORM MAINTENANCE,CONTINUE OPERATION
4994,M,303.5,312.6,1642,29.4,18,9.100000000000023,5055.325234450551,529.1999999999999,0,0.0038510676823671265,CONTINUE OPERATION,CONTINUE OPERATION,CONTINUE OPERATION
5817,L,301.3,311.0,1542,35.1,204,9.699999999999989,5667.87297004749,7160.400000000001,0,0.009265743827119467,CONTINUE OPERATION,PERFORM MAINTENANCE,CONTINUE OPERATION
4132,M,301.8,310.3,1409,52.5,26,8.5,7746.382085589032,1365.0,0,0.006502291144891774,CONTINUE OPERATION,CONTINUE OPERATION,CONTINUE OPERATION
8525,L,298.3,309.4,1378,52.3,12,11.099999999999966,7547.089919620807,627.5999999999999,0,0.0038172886957368603,CONTINUE OPERATION,CONTINUE OPERATION,CONTINUE OPERATION
4866,L,303.6,312.4,1781,28.7,124,8.799999999999955,5352.718867014873,3558.7999999999997,0,0.0036409170497022055,CONTINUE OPERATION,CONTINUE OPERATION,CONTINUE OPERATION
7693,L,300.6,311.6,1964,21.4,15,11.0,4401.329419777253,321.0,0,0.003709893210620675,CONTINUE OPERATION,CONTINUE OPERATION,CONTINUE OPERATION
6311,L,300.9,310.3,1446,44.5,135,9.400000000000034,6738.402082684747,6007.5,0,0.0036450395708956954,CONTINUE OPERATION,CONTINUE OPERATION,CONTINUE OPERATION
8324,M,298.7,309.5,1394,46.0,113,10.800000000000011,6715.0495772930635,5198.0,0,0.003810130087584851,CONTINUE OPERATION,CONTINUE OPERATION,CONTINUE OPERATION
2251,H,299.1,308.3,1424,43.4,16,9.199999999999989,6471.8484180031655,694.4,0,0.003749910217747365,CONTINUE OPERATION,CONTINUE OPERATION,CONTINUE OPERATION
8445,M,298.6,310.0,1541,36.9,12,11.399999999999977,5954.668963393701,442.79999999999995,0,0.0036404426947292596,CONTINUE OPERATION,CONTINUE OPERATION,CONTINUE OPERATION
1038,L,296.6,307.6,1498,41.1,80,11.0,6447.364939256189,3288.0,0,0.003638926025097612,CONTINUE OPERATION,CONTINUE OPERATION,CONTINUE OPERATION
1084,M,297.0,307.7,1498,47.1,199,10.699999999999989,7388.586098271691,9372.9,0,0.003773092812058105,CONTINUE OPERATION,CONTINUE OPERATION,CONTINUE OPERATION
8549,L,298.3,309.3,1558,37.2,73,11.0,6069.305679323194,2715.6000000000004,0,0.0036413826600562222,CONTINUE OPERATION,CONTINUE OPERATION,CONTINUE OPERATION
1109,L,296.6,307.5,1557,35.1,60,10.899999999999977,5723.00792111799,2106.0,0,0.0036404426947292596,CONTINUE OPERATION,CONTINUE OPERATION,CONTINUE OPERATION
9256,L,298.2,309.1,1569,35.2,199,10.900000000000034,5783.5464115526665,7004.8,0,0.003694763931380171,CONTINUE OPERATION,CONTINUE OPERATION,CONTINUE OPERATION
6035,M,300.6,310.9,1702,30.3,91,10.299999999999955,5400.4606033739265,2757.3,0,0.003656909641160712,CONTINUE OPERATION,CONTINUE OPERATION,CONTINUE OPERATION
2490,H,299.1,308.8,1566,46.6,192,9.699999999999989,7641.986961710243,8947.2,0,0.004002230894526079,CONTINUE OPERATION,CONTINUE OPERATION,CONTINUE OPERATION
6531,H,301.2,310.7,1656,26.2,64,9.5,4543.496959327702,1676.8,0,0.003761741219736597,CONTINUE OPERATION,CONTINUE OPERATION,CONTINUE OPERATION
5072,L,304.1,313.0,1408,45.3,28,8.899999999999977,6679.277308944186,1268.3999999999999,0,0.0038914654738295097,CONTINUE OPERATION,CONTINUE OPERATION,CONTINUE OPERATION
1976,M,298.1,307.7,1419,47.4,142,9.599999999999966,7043.513561201388,6730.8,0,0.003786091357447361,CONTINUE OPERATION,CONTINUE OPERATION,CONTINUE OPERATION
4297,M,301.8,310.2,1609,34.2,217,8.399999999999977,5762.497740773613,7421.400000000001,0,0.029460445409694086,CONTINUE OPERATION,PERFORM MAINTENANCE,CONTINUE OPERATION
6504,M,301.0,310.1,1681,27.4,212,9.100000000000023,4823.329088958457,5808.799999999999,0,0.00928951561524932,CONTINUE OPERATION,PERFORM MAINTENANCE,CONTINUE OPERATION
7748,L,300.4,311.7,1515,47.4,170,11.300000000000011,7520.030334897888,8058.0,0,0.0036683698494363363,CONTINUE OPERATION,CONTINUE OPERATION,CONTINUE OPERATION
3551,L,301.9,310.9,1799,24.2,54,9.0,4559.058314938484,1306.8,0,0.0036959254131573886,CONTINUE OPERATION,CONTINUE OPERATION,CONTINUE OPERATION
8112,M,300.4,311.8,1442,45.1,0,11.400000000000034,6810.365498402978,0.0,0,0.005079154321135148,CONTINUE OPERATION,CONTINUE OPERATION,CONTINUE OPERATION
9243,L,298.3,308.8,1454,49.0,166,10.5,7460.86367325528,8134.0,0,0.0037261627062608405,CONTINUE OPERATION,CONTINUE OPERATION,CONTINUE OPERATION
1843,L,297.6,307.1,1496,39.2,12,9.5,6141.101543433232,470.40000000000003,0,0.003638926025097612,CONTINUE OPERATION,CONTINUE OPERATION,CONTINUE OPERATION
9643,L,299.4,310.4,1509,40.6,175,11.0,6415.697685308004,7105.0,0,0.0036418305662161837,CONTINUE OPERATION,CONTINUE OPERATION,CONTINUE OPERATION
3617,L,301.8,311.0,1529,41.6,12,9.199999999999989,6660.846632043128,499.20000000000005,0,0.0037359724274686917,CONTINUE OPERATION,CONTINUE OPERATION,CONTINUE OPERATION
3081,M,300.0,309.3,1932,21.8,135,9.300000000000011,4410.544758227783,2943.0,0,0.003711810924719583,CONTINUE OPERATION,CONTINUE OPERATION,CONTINUE OPERATION
9889,H,298.8,309.6,1516,40.2,152,10.800000000000011,6381.95698020845,6110.400000000001,0,0.0036612248707719197,CONTINUE OPERATION,CONTINUE OPERATION,CONTINUE OPERATION
8765,L,297.4,308.8,1353,49.4,188,11.400000000000034,6999.279936638843,9287.199999999999,0,0.004352949043402021,CONTINUE OPERATION,CONTINUE OPERATION,CONTINUE OPERATION
3807,M,302.3,311.0,1546,35.5,70,8.699999999999989,5747.334320232287,2485.0,0,0.003649563387427804,CONTINUE OPERATION,CONTINUE OPERATION,CONTINUE OPERATION
8939,M,297.3,308.4,1434,44.8,21,11.099999999999966,6727.532172103326,940.8,0,0.004152415103309233,CONTINUE OPERATION,CONTINUE OPERATION,CONTINUE OPERATION
4542,M,302.5,310.4,1581,32.7,181,7.899999999999977,5413.875204004756,5918.700000000001,0,0.0037330494809740427,CONTINUE OPERATION,CONTINUE OPERATION,CONTINUE OPERATION
6805,M,301.0,310.7,1497,37.6,116,9.699999999999989,5894.381800371313,4361.6,0,0.0036983772319636684,CONTINUE OPERATION,CONTINUE OPERATION,CONTINUE OPERATION
8738,L,297.3,308.7,1531,36.7,116,11.399999999999977,5883.962184736908,4257.200000000001,0,0.0036404426947292596,CONTINUE OPERATION,CONTINUE OPERATION,CONTINUE OPERATION
5651,M,302.5,312.0,1447,45.7,210,9.5,6924.897494577349,9597.0,0,0.020386984932398357,CONTINUE OPERATION,PERFORM MAINTENANCE,CONTINUE OPERATION
5980,M,300.6,310.7,1654,32.0,180,10.099999999999966,5542.607198973352,5760.0,0,0.003700166168541587,CONTINUE OPERATION,CONTINUE OPERATION,CONTINUE OPERATION
3037,L,300.5,309.7,1887,24.3,28,9.199999999999989,4801.830123232391,680.4,0,0.003847292922840597,CONTINUE OPERATION,CONTINUE OPERATION,CONTINUE OPERATION
131,L,298.8,308.4,1737,27.7,130,9.599999999999966,5038.580545606917,3601.0,0,0.0037161714225139217,CONTINUE OPERATION,CONTINUE OPERATION,CONTINUE OPERATION
9091,M,297.2,308.0,1765,31.1,191,10.800000000000011,5748.224438150804,5940.1,0,0.0038316560188886998,CONTINUE OPERATION,CONTINUE OPERATION,CONTINUE OPERATION
1694,L,298.0,307.5,1618,35.2,31,9.5,5964.167045183055,1091.2,0,0.0036500748186349364,CONTINUE OPERATION,CONTINUE OPERATION,CONTINUE OPERATION
8812,M,297.2,308.4,1378,41.9,97,11.199999999999989,6046.330165049939,4064.2999999999997,0,0.003794374526457217,CONTINUE OPERATION,CONTINUE OPERATION,CONTINUE OPERATION
330,M,297.6,308.4,1398,41.9,215,10.799999999999955,6134.085319840215,9008.5,0,0.019986286068666707,CONTINUE OPERATION,PERFORM MAINTENANCE,CONTINUE OPERATION
3557,M,301.8,310.7,1309,43.3,68,8.899999999999977,5935.4843042557795,2944.3999999999996,0,0.008381561581196139,CONTINUE OPERATION,CONTINUE OPERATION,CONTINUE OPERATION
4697,M,303.5,311.6,1573,34.0,134,8.100000000000023,5600.621943309644,4556.0,0,0.0036943748922517563,CONTINUE OPERATION,CONTINUE OPERATION,CONTINUE OPERATION
2110,H,299.3,309.0,1508,35.0,70,9.699999999999989,5527.1086752156425,2450.0,0,0.003638926025097612,CONTINUE OPERATION,CONTINUE OPERATION,CONTINUE OPERATION
7993,L,301.1,312.3,1595,31.9,134,11.199999999999989,5328.193500365849,4274.599999999999,0,0.003695155855314463,CONTINUE OPERATION,CONTINUE OPERATION,CONTINUE OPERATION
2566,M,299.3,309.0,1420,41.6,155,9.699999999999989,6186.0053744285415,6448.0,0,0.0036443498612711775,CONTINUE OPERATION,CONTINUE OPERATION,CONTINUE OPERATION
3688,L,302.0,311.2,1420,45.8,192,9.199999999999989,6810.553993962192,8793.599999999999,0,0.0051572649563859105,CONTINUE OPERATION,CONTINUE OPERATION,CONTINUE OPERATION
520,L,297.6,309.5,1617,36.2,42,11.899999999999977,6129.812753831333,1520.4,0,0.003638926025097612,CONTINUE OPERATION,CONTINUE OPERATION,CONTINUE OPERATION
4991,M,303.9,313.0,1475,41.0,11,9.100000000000023,6332.927190861425,451.0,0,0.003648579263737686,CONTINUE OPERATION,CONTINUE OPERATION,CONTINUE OPERATION
3052,L,300.1,309.2,1421,42.5,61,9.099999999999966,6324.287811064053,2592.5,0,0.0036415154429933544,CONTINUE OPERATION,CONTINUE OPERATION,CONTINUE OPERATION
2606,H,299.4,309.3,1534,37.5,39,9.900000000000034,6024.003913258428,1462.5,0,0.003690992248649573,CONTINUE OPERATION,CONTINUE OPERATION,CONTINUE OPERATION
6815,L,300.9,310.7,1427,44.1,141,9.800000000000011,6590.087493508774,6218.1,0,0.003667415289166874,CONTINUE OPERATION,CONTINUE OPERATION,CONTINUE OPERATION
4122,L,302.2,310.6,1462,43.6,0,8.400000000000034,6675.172294543498,0.0,0,0.004144369683095524,CONTINUE OPERATION,CONTINUE OPERATION,CONTINUE OPERATION
9534,L,299.3,310.6,1443,45.7,97,11.300000000000011,6905.754723341477,4432.900000000001,0,0.0037131972045099013,CONTINUE OPERATION,CONTINUE OPERATION,CONTINUE OPERATION
2042,M,299.1,308.9,1397,52.4,112,9.799999999999955,7665.779290073429,5868.8,0,0.0036409796989197553,CONTINUE OPERATION,CONTINUE OPERATION,CONTINUE OPERATION
2713,M,299.6,309.2,1651,30.8,92,9.599999999999966,5325.083323638795,2833.6,0,0.003672064526166023,CONTINUE OPERATION,CONTINUE OPERATION,CONTINUE OPERATION
3130,L,300.1,309.6,1760,25.4,55,9.5,4681.391932869271,1397.0,0,0.003723362136687257,CONTINUE OPERATION,CONTINUE OPERATION,CONTINUE OPERATION
3856,M,302.4,311.2,1330,58.6,201,8.800000000000011,8161.648274516043,11778.6,0,0.3963924192424205,CONTINUE OPERATION,PERFORM MAINTENANCE,PERFORM MAINTENANCE
7480,M,300.2,311.4,1570,35.3,138,11.199999999999989,5803.673548486664,4871.4,0,0.0036771893997105043,CONTINUE OPERATION,CONTINUE OPERATION,CONTINUE OPERATION
9529,L,299.1,310.3,1459,46.7,84,11.199999999999989,7135.111931004554,3922.8,0,0.0037134085396941857,CONTINUE OPERATION,CONTINUE OPERATION,CONTINUE OPERATION
8194,L,299.4,310.7,1426,45.7,213,11.300000000000011,6824.397945589012,9734.1,0,0.04567907033216882,CONTINUE OPERATION,PERFORM MAINTENANCE,CONTINUE OPERATION
7324,M,299.9,310.4,1820,26.6,175,10.5,5069.692784852969,4655.0,0,0.0047097644566223805,CONTINUE OPERATION,CONTINUE OPERATION,CONTINUE OPERATION
8106,M,300.4,312.0,1596,30.4,191,11.600000000000023,5080.834966797701,5806.4,0,0.004455232432189736,CONTINUE OPERATION,CONTINUE OPERATION,CONTINUE OPERATION
744,L,296.7,308.1,1450,40.9,195,11.400000000000034,6210.4050773714225,7975.5,0,0.003859100257300259,CONTINUE OPERATION,CONTINUE OPERATION,CONTINUE OPERATION
7736,H,300.6,312.1,1354,46.9,138,11.5,6649.976721461707,6472.2,0,0.003935404524867767,CONTINUE OPERATION,CONTINUE OPERATION,CONTINUE OPERATION
2635,H,299.9,309.6,1462,51.0,119,9.700000000000045,7808.114381232072,6069.0,0,0.0036867274149294344,CONTINUE OPERATION,CONTINUE OPERATION,CONTINUE OPERATION
8870,M,297.9,309.1,1338,49.6,56,11.200000000000045,6949.705604565197,2777.6,0,0.0037016997854265135,CONTINUE OPERATION,CONTINUE OPERATION,CONTINUE OPERATION
9402,L,297.7,308.1,1734,30.7,177,10.400000000000034,5574.630500088944,5433.9,0,0.0036672002276392267,CONTINUE OPERATION,CONTINUE OPERATION,CONTINUE OPERATION
572,L,297.8,309.9,1351,49.0,181,12.099999999999966,6932.343069166357,8869.0,0,0.004211870368450851,CONTINUE OPERATION,CONTINUE OPERATION,CONTINUE OPERATION
8519,L,298.3,309.6,1420,44.1,197,11.300000000000011,6557.760505103334,8687.7,0,0.0038810696817325593,CONTINUE OPERATION,CONTINUE OPERATION,CONTINUE OPERATION
852,M,296.3,307.3,1368,49.5,10,11.0,7091.2029376828805,495.0,0,0.003872593552949778,CONTINUE OPERATION,CONTINUE OPERATION,CONTINUE OPERATION
2804,L,300.1,309.5,1450,40.1,100,9.399999999999977,6088.930161432618,4010.0,0,0.003641068642956774,CONTINUE OPERATION,CONTINUE OPERATION,CONTINUE OPERATION
1799,M,298.0,307.5,1427,45.1,95,9.5,6739.522584064528,4284.5,0,0.003843908307780498,CONTINUE OPERATION,CONTINUE OPERATION,CONTINUE OPERATION
3096,L,299.9,309.2,1560,38.9,180,9.300000000000011,6354.813619681433,7002.0,0,0.0036980399223640937,CONTINUE OPERATION,CONTINUE OPERATION,CONTINUE OPERATION
9234,L,298.3,309.1,1904,20.3,140,10.800000000000011,4047.5441990809936,2842.0,0,0.0036718472970694036,CONTINUE OPERATION,CONTINUE OPERATION,CONTINUE OPERATION
7312,L,300.0,310.5,1412,52.4,142,10.5,7748.089017597484,7440.8,0,0.0037020179455536013,CONTINUE OPERATION,CONTINUE OPERATION,CONTINUE OPERATION
4449,M,302.4,310.3,1378,54.3,165,7.900000000000034,7835.697564730589,8959.5,1,0.9408671531264476,REPAIR AFTER FAILURE,CONTINUE OPERATION,PERFORM MAINTENANCE
1605,L,297.8,307.8,1396,42.5,23,10.0,6213.023071249414,977.5,0,0.003694031068377886,CONTINUE OPERATION,CONTINUE OPERATION,CONTINUE OPERATION
4330,L,301.5,309.8,1549,38.5,81,8.300000000000011,6245.11967619359,3118.5,0,0.003775616368400848,CONTINUE OPERATION,CONTINUE OPERATION,CONTINUE OPERATION
7011,L,300.5,310.5,2633,12.2,17,10.0,3363.870805806783,207.39999999999998,1,0.9939941418238251,REPAIR AFTER FAILURE,CONTINUE OPERATION,PERFORM MAINTENANCE
5719,L,302.3,312.0,1398,43.3,171,9.699999999999989,6339.042824560413,7404.299999999999,0,0.0037839885313987335,CONTINUE OPERATION,CONTINUE OPERATION,CONTINUE OPERATION
7352,M,299.7,310.2,1440,42.8,30,10.5,6454.08794753487,1284.0,0,0.0036670979062378524,CONTINUE OPERATION,CONTINUE OPERATION,CONTINUE OPERATION
9016,L,297.3,308.2,1396,52.7,212,10.899999999999977,7704.148608349275,11172.400000000001,1,0.9636622167175848,REPAIR AFTER FAILURE,PERFORM MAINTENANCE,PERFORM MAINTENANCE
3013,L,300.5,309.6,1390,48.4,194,9.100000000000023,7045.1262454302305,9389.6,0,0.004267760268161571,CONTINUE OPERATION,CONTINUE OPERATION,CONTINUE OPERATION
9037,L,297.3,308.2,1896,24.4,47,10.899999999999977,4844.587199247748,1146.8,0,0.0036625574925106727,CONTINUE OPERATION,CONTINUE OPERATION,CONTINUE OPERATION
4466,L,302.8,310.6,1470,41.1,205,7.800000000000011,6326.853445064484,8425.5,0,0.024112715253839803,CONTINUE OPERATION,PERFORM MAINTENANCE,CONTINUE OPERATION
6280,M,301.2,310.7,1527,41.1,53,9.5,6572.180415383311,2178.3,0,0.0036532613493783553,CONTINUE OPERATION,CONTINUE OPERATION,CONTINUE OPERATION
8366,M,298.9,309.8,1836,22.8,18,10.900000000000034,4383.652725113054,410.40000000000003,0,0.0036746351795035256,CONTINUE OPERATION,CONTINUE OPERATION,CONTINUE OPERATION
4543,M,302.6,310.5,1542,39.9,184,7.899999999999977,6442.966709541163,7341.599999999999,0,0.003892604765356457,CONTINUE OPERATION,CONTINUE OPERATION,CONTINUE OPERATION
7498,M,300.2,311.8,1748,28.5,184,11.600000000000023,5216.928760551211,5244.0,0,0.004572060614459118,CONTINUE OPERATION,CONTINUE OPERATION,CONTINUE OPERATION
148,M,298.3,308.3,1379,48.0,181,10.0,6931.61003088052,8688.0,0,0.0037094864116421996,CONTINUE OPERATION,CONTINUE OPERATION,CONTINUE OPERATION
6215,L,301.1,310.8,1521,41.0,99,9.699999999999989,6530.428649017102,4059.0,0,0.003638926025097612,CONTINUE OPERATION,CONTINUE OPERATION,CONTINUE OPERATION
1050,L,296.6,307.6,1671,28.8,108,11.0,5039.617271182603,3110.4,0,0.0036999318308985644,CONTINUE OPERATION,CONTINUE OPERATION,CONTINUE OPERATION
4600,L,303.0,311.0,1359,44.2,115,8.0,6290.285306576699,5083.0,1,0.8636683262181595,REPAIR AFTER FAILURE,CONTINUE OPERATION,PERFORM MAINTENANCE
1045,H,296.4,307.5,1403,52.8,94,11.100000000000023,7757.471907656203,4963.2,0,0.0038822939524254087,CONTINUE OPERATION,CONTINUE OPERATION,CONTINUE OPERATION
7310,L,300.0,310.5,1606,33.5,135,10.5,5634.0275451928155,4522.5,0,0.003702776104682018,CONTINUE OPERATION,CONTINUE OPERATION,CONTINUE OPERATION
8279,L,298.8,310.6,1803,25.4,209,11.800000000000011,4795.766849410963,5308.599999999999,0,0.024268631689180045,CONTINUE OPERATION,PERFORM MAINTENANCE,CONTINUE OPERATION
1750,M,298.4,307.8,1617,31.6,173,9.400000000000034,5350.88627130028,5466.8,0,0.00380778534204543,CONTINUE OPERATION,CONTINUE OPERATION,CONTINUE OPERATION
7634,M,300.3,311.3,1506,40.7,98,11.0,6418.713614255451,3988.6000000000004,0,0.003639864083070806,CONTINUE OPERATION,CONTINUE OPERATION,CONTINUE OPERATION
9827,M,298.3,309.3,1376,57.0,198,11.0,8213.379833545154,11286.0,0,0.03179226100231335,CONTINUE OPERATION,CONTINUE OPERATION,CONTINUE OPERATION
38,H,298.9,309.2,1379,50.7,106,10.300000000000011,7321.51309511755,5374.200000000001,0,0.0036409796989197553,CONTINUE OPERATION,CONTINUE OPERATION,CONTINUE OPERATION
4427,M,302.4,310.1,1379,48.9,107,7.7000000000000455,7061.577718959529,5232.3,1,0.9704812337897017,REPAIR AFTER FAILURE,CONTINUE OPERATION,PERFORM MAINTENANCE
3251,L,301.1,309.6,1501,36.1,156,8.5,5674.3551228893975,5631.6,0,0.0037776071168063954,CONTINUE OPERATION,CONTINUE OPERATION,CONTINUE OPERATION
6624,L,301.7,310.7,1532,39.8,92,9.0,6385.140460764086,3661.6,0,0.0036412438728719277,CONTINUE OPERATION,CONTINUE OPERATION,CONTINUE OPERATION
7400,M,299.6,310.6,1633,34.2,151,11.0,5848.451715775832,5164.200000000001,0,0.0036729923864717907,CONTINUE OPERATION,CONTINUE OPERATION,CONTINUE OPERATION
7474,L,300.3,311.7,1989,22.3,121,11.399999999999977,4644.813322405973,2698.3,0,0.003698994246290245,CONTINUE OPERATION,CONTINUE OPERATION,CONTINUE OPERATION
685,M,297.7,309.0,1636,29.7,32,11.300000000000011,5088.249125460173,950.4,0,0.0036922416658504557,CONTINUE OPERATION,CONTINUE OPERATION,CONTINUE OPERATION
4963,L,303.9,312.7,1789,24.4,163,8.800000000000011,4571.18486258134,3977.2,0,0.0036412898604148898,CONTINUE OPERATION,CONTINUE OPERATION,CONTINUE OPERATION
4453,L,302.4,310.2,1400,53.7,175,7.800000000000011,7872.831189896021,9397.5,0,0.018147726863434535,CONTINUE OPERATION,CONTINUE OPERATION,CONTINUE OPERATION
1074,L,297.0,307.9,1595,31.7,170,10.899999999999977,5294.787898482678,5389.0,0,0.003640879387455846,CONTINUE OPERATION,CONTINUE OPERATION,CONTINUE OPERATION
3170,M,300.4,309.7,1685,32.3,167,9.300000000000011,5699.425032265043,5394.099999999999,0,0.004874294619739959,CONTINUE OPERATION,CONTINUE OPERATION,CONTINUE OPERATION
4083,M,302.0,310.4,1567,36.4,114,8.399999999999977,5973.089168319249,4149.599999999999,0,0.003638926025097612,CONTINUE OPERATION,CONTINUE OPERATION,CONTINUE OPERATION
3668,L,302.3,311.7,1510,38.7,141,9.399999999999977,6119.5083299275575,5456.700000000001,0,0.003647870884462466,CONTINUE OPERATION,CONTINUE OPERATION,CONTINUE OPERATION
6364,M,299.9,309.6,1489,41.7,56,9.700000000000045,6502.18573106133,2335.2000000000003,0,0.003639864083070806,CONTINUE OPERATION,CONTINUE OPERATION,CONTINUE OPERATION
9492,L,299.1,309.9,1586,36.6,215,10.799999999999955,6078.730457283963,7869.0,0,0.07156772721583046,CONTINUE OPERATION,PERFORM MAINTENANCE,CONTINUE OPERATION
7192,M,300.2,310.2,1429,43.8,54,10.0,6554.430416890529,2365.2,0,0.003647352805090353,CONTINUE OPERATION,CONTINUE OPERATION,CONTINUE OPERATION
9,M,298.5,309.0,1741,28.0,21,10.5,5104.878622573175,588.0,0,0.003638926025097612,CONTINUE OPERATION,CONTINUE OPERATION,CONTINUE OPERATION
4212,M,302.0,310.6,1392,60.5,10,8.600000000000023,8819.078897157267,605.0,0,0.03085468757280495,CONTINUE OPERATION,CONTINUE OPERATION,CONTINUE OPERATION
5350,M,303.4,312.8,1622,35.1,107,9.400000000000034,5961.926042423494,3755.7000000000003,0,0.0036500748186349364,CONTINUE OPERATION,CONTINUE OPERATION,CONTINUE OPERATION
3307,M,301.4,310.5,1563,39.9,83,9.100000000000023,6530.711392355925,3311.7,0,0.003649272962329011,CONTINUE OPERATION,CONTINUE OPERATION,CONTINUE OPERATION
3318,L,301.4,310.4,1436,49.7,108,9.0,7473.765147086023,5367.6,0,0.00367726179158783,CONTINUE OPERATION,CONTINUE OPERATION,CONTINUE OPERATION
9950,L,298.1,307.8,1413,54.1,113,9.699999999999989,8005.123656538688,6113.3,0,0.0037107334460383342,CONTINUE OPERATION,CONTINUE OPERATION,CONTINUE OPERATION
3386,H,301.5,310.8,1474,38.7,58,9.300000000000011,5973.612767094849,2244.6000000000004,0,0.003647870884462466,CONTINUE OPERATION,CONTINUE OPERATION,CONTINUE OPERATION
9533,L,299.2,310.5,1705,29.5,95,11.300000000000011,5267.1418831310875,2802.5,0,0.003640115871559538,CONTINUE OPERATION,CONTINUE OPERATION,CONTINUE OPERATION
6348,L,300.2,309.8,1557,33.8,19,9.600000000000023,5511.044664780286,642.1999999999999,0,0.003657821217993433,CONTINUE OPERATION,CONTINUE OPERATION,CONTINUE OPERATION
1011,M,296.2,307.3,1451,42.8,11,11.100000000000023,6503.390008245206,470.79999999999995,0,0.0036633186368360653,CONTINUE OPERATION,CONTINUE OPERATION,CONTINUE OPERATION
6557,M,301.5,310.6,1638,31.9,137,9.100000000000023,5471.837588463486,4370.3,0,0.0036671936741457267,CONTINUE OPERATION,CONTINUE OPERATION,CONTINUE OPERATION
5787,L,301.7,311.3,1584,38.8,132,9.600000000000023,6435.992373850193,5121.599999999999,0,0.0036679974669806036,CONTINUE OPERATION,CONTINUE OPERATION,CONTINUE OPERATION
4170,M,302.2,310.6,1355,51.5,126,8.400000000000034,7307.606311637659,6489.0,1,0.9895398442445746,REPAIR AFTER FAILURE,CONTINUE OPERATION,PERFORM MAINTENANCE
8986,M,297.1,307.8,1443,43.9,137,10.699999999999989,6633.755631393672,6014.3,0,0.003638926025097612,CONTINUE OPERATION,CONTINUE OPERATION,CONTINUE OPERATION
7557,M,300.4,311.5,1750,27.3,116,11.100000000000023,5002.986300841745,3166.8,0,0.0037040794601535683,CONTINUE OPERATION,CONTINUE OPERATION,CONTINUE OPERATION
1574,L,298.2,308.2,1478,50.1,166,10.0,7754.267483149542,8316.6,0,0.0038613925623786445,CONTINUE OPERATION,CONTINUE OPERATION,CONTINUE OPERATION
4201,L,302.4,311.0,2211,15.4,203,8.600000000000023,3565.644829971344,3126.2000000000003,0,0.011491773460323417,CONTINUE OPERATION,PERFORM MAINTENANCE,CONTINUE OPERATION
6111,M,300.7,310.8,1486,41.2,71,10.100000000000023,6411.2785116419545,2925.2000000000003,0,0.0036706001801145834,CONTINUE OPERATION,CONTINUE OPERATION,CONTINUE OPERATION
6667,H,301.4,310.5,1536,39.9,201,9.100000000000023,6417.896800165517,8019.9,0,0.0037683011953631843,CONTINUE OPERATION,PERFORM MAINTENANCE,CONTINUE OPERATION
9043,L,297.4,308.4,1343,40.0,61,11.0,5625.545245028123,2440.0,0,0.003999560237405738,CONTINUE OPERATION,CONTINUE OPERATION,CONTINUE OPERATION
841,L,296.6,307.5,1439,45.5,199,10.899999999999977,6856.473606582163,9054.5,0,0.003875981709591458,CONTINUE OPERATION,CONTINUE OPERATION,CONTINUE OPERATION
5714,L,302.2,311.8,1618,36.0,158,9.600000000000023,6099.716296209942,5688.0,0,0.0036424622941318998,CONTINUE OPERATION,CONTINUE OPERATION,CONTINUE OPERATION
1691,L,297.9,307.5,1602,38.3,21,9.600000000000023,6425.248126974917,804.3,0,0.0036404426947292596,CONTINUE OPERATION,CONTINUE OPERATION,CONTINUE OPERATION
5147,L,304.4,313.6,1569,38.4,11,9.200000000000045,6309.323358057453,422.4,0,0.005224373296593332,CONTINUE OPERATION,CONTINUE OPERATION,CONTINUE OPERATION
2666,H,299.7,309.2,1691,27.7,203,9.5,4905.146633633448,5623.099999999999,0,0.012074936823797481,CONTINUE OPERATION,PERFORM MAINTENANCE,CONTINUE OPERATION
2554,L,299.3,309.1,1531,37.9,127,9.800000000000011,6076.353318842746,4813.3,0,0.0036416472546152274,CONTINUE OPERATION,CONTINUE OPERATION,CONTINUE OPERATION
2576,L,299.5,309.3,1523,41.5,181,9.800000000000011,6618.759762460536,7511.5,0,0.003643035126102151,CONTINUE OPERATION,CONTINUE OPERATION,CONTINUE OPERATION
2627,M,299.8,309.6,1346,53.2,95,9.800000000000011,7498.688448804502,5054.0,0,0.003661895924715438,CONTINUE OPERATION,CONTINUE OPERATION,CONTINUE OPERATION
984,L,296.3,307.1,1419,48.6,142,10.800000000000011,7221.8303602191445,6901.2,0,0.003638926025097612,CONTINUE OPERATION,CONTINUE OPERATION,CONTINUE OPERATION
2605,L,299.4,309.2,1552,37.4,37,9.800000000000011,6078.4372419696265,1383.8,0,0.0036413826600562222,CONTINUE OPERATION,CONTINUE OPERATION,CONTINUE OPERATION
1314,M,299.0,310.3,1635,34.5,168,11.300000000000011,5906.979586912208,5796.0,0,0.003645126267524458,CONTINUE OPERATION,CONTINUE OPERATION,CONTINUE OPERATION
3839,M,302.3,311.0,1578,33.5,158,8.699999999999989,5535.800414890575,5293.0,0,0.003651516749786038,CONTINUE OPERATION,CONTINUE OPERATION,CONTINUE OPERATION
7199,L,300.0,309.9,1507,41.4,74,9.899999999999977,6533.44457796455,3063.6,0,0.0036451538474706916,CONTINUE OPERATION,CONTINUE OPERATION,CONTINUE OPERATION
2302,L,299.2,308.5,1515,39.8,141,9.300000000000011,6314.287074450125,5611.799999999999,0,0.0036409317631262476,CONTINUE OPERATION,CONTINUE OPERATION,CONTINUE OPERATION
7857,L,300.5,311.9,1432,43.1,16,11.399999999999977,6463.219510181305,689.6,0,0.003694201696193148,CONTINUE OPERATION,CONTINUE OPERATION,CONTINUE OPERATION
5078,M,304.3,313.4,1482,43.8,41,9.099999999999966,6797.526856425307,1795.8,0,0.003923400673942428,CONTINUE OPERATION,CONTINUE OPERATION,CONTINUE OPERATION
358,M,297.6,308.3,1467,36.7,68,10.699999999999989,5637.996423911851,2495.6000000000004,0,0.0036892527097564277,CONTINUE OPERATION,CONTINUE OPERATION,CONTINUE OPERATION
7711,L,300.4,311.4,1309,55.5,71,11.0,7607.8378495657225,3940.5,0,0.003935659953951104,CONTINUE OPERATION,CONTINUE OPERATION,CONTINUE OPERATION
3257,L,301.2,309.9,1984,19.7,169,8.699999999999989,4092.9506849008776,3329.2999999999997,0,0.0038233250858733885,CONTINUE OPERATION,CONTINUE OPERATION,CONTINUE OPERATION
4790,L,303.8,312.8,1443,40.7,145,9.0,6150.2016901531315,5901.5,0,0.0037411922574094917,CONTINUE OPERATION,CONTINUE OPERATION,CONTINUE OPERATION
4899,L,303.6,312.3,2168,17.7,219,8.699999999999989,4018.4739950597755,3876.2999999999997,0,0.01580791462044319,CONTINUE OPERATION,PERFORM MAINTENANCE,CONTINUE OPERATION
7463,H,300.1,311.4,1518,46.9,87,11.299999999999955,7455.4391899400825,4080.2999999999997,0,0.003789046608194337,CONTINUE OPERATION,CONTINUE OPERATION,CONTINUE OPERATION
5018,M,303.9,313.0,1620,36.6,80,9.100000000000023,6209.043720554867,2928.0,0,0.00363972720324028,CONTINUE OPERATION,CONTINUE OPERATION,CONTINUE OPERATION
2466,L,299.0,308.6,1429,37.7,126,9.600000000000023,5641.598783487967,4750.200000000001,0,0.0038735025853914515,CONTINUE OPERATION,CONTINUE OPERATION,CONTINUE OPERATION
3876,L,302.6,311.8,1627,31.8,23,9.199999999999989,5418.0535222340295,731.4,0,0.003647611839310282,CONTINUE OPERATION,CONTINUE OPERATION,CONTINUE OPERATION
2657,M,300.0,309.5,1425,40.8,178,9.5,6088.406562657017,7262.4,0,0.003658174403936286,CONTINUE OPERATION,CONTINUE OPERATION,CONTINUE OPERATION
474,L,297.4,309.1,1478,49.8,150,11.700000000000045,7707.834743729485,7470.0,0,0.0038439056239401,CONTINUE OPERATION,CONTINUE OPERATION,CONTINUE OPERATION
7309,L,300.0,310.4,1505,44.9,133,10.399999999999977,7076.3850923334485,5971.7,0,0.003644617405333278,CONTINUE OPERATION,CONTINUE OPERATION,CONTINUE OPERATION
5911,M,300.8,310.4,1288,64.0,3,9.599999999999966,8632.258854023794,192.0,0,0.01756890868015633,CONTINUE OPERATION,CONTINUE OPERATION,CONTINUE OPERATION
7090,M,300.6,310.2,1478,40.1,5,9.599999999999966,6206.509502480972,200.5,0,0.0036584729907685166,CONTINUE OPERATION,CONTINUE OPERATION,CONTINUE OPERATION
3295,L,301.1,310.2,1496,43.4,54,9.099999999999966,6799.076708801078,2343.6,0,0.00363972720324028,CONTINUE OPERATION,CONTINUE OPERATION,CONTINUE OPERATION
7278,H,300.0,310.1,1714,28.7,55,10.100000000000023,5151.353249895279,1578.5,0,0.0036818279167742753,CONTINUE OPERATION,CONTINUE OPERATION,CONTINUE OPERATION
1957,H,297.9,307.7,1618,35.9,92,9.800000000000011,6082.772639831581,3302.7999999999997,0,0.00366631938286599,CONTINUE OPERATION,CONTINUE OPERATION,CONTINUE OPERATION
8474,M,298.5,309.7,1523,44.6,83,11.199999999999989,7113.173142306986,3701.8,0,0.0037081182849110607,CONTINUE OPERATION,CONTINUE OPERATION,CONTINUE OPERATION
1059,M,296.7,307.9,1874,21.3,130,11.199999999999989,4180.014689307363,2769.0,0,0.003667467512808033,CONTINUE OPERATION,CONTINUE OPERATION,CONTINUE OPERATION
4786,L,303.8,312.6,1577,41.3,134,8.800000000000011,6820.408122918952,5534.2,0,0.0036412438728719277,CONTINUE OPERATION,CONTINUE OPERATION,CONTINUE OPERATION
6387,M,300.2,309.8,1487,39.2,122,9.600000000000023,6104.156413827017,4782.400000000001,0,0.0036451538474706916,CONTINUE OPERATION,CONTINUE OPERATION,CONTINUE OPERATION
8295,L,298.9,310.4,1739,26.3,30,11.5,4789.431304226223,789.0,0,0.003638926025097612,CONTINUE OPERATION,CONTINUE OPERATION,CONTINUE OPERATION
1003,L,296.2,307.1,1444,46.7,194,10.900000000000034,7061.7557425432315,9059.800000000001,0,0.003747627721260651,CONTINUE OPERATION,CONTINUE OPERATION,CONTINUE OPERATION
8842,L,297.3,308.7,1492,43.6,189,11.399999999999977,6812.145734240012,8240.4,0,0.0037259230496952053,CONTINUE OPERATION,CONTINUE OPERATION,CONTINUE OPERATION
9471,M,298.6,309.4,1774,27.5,154,10.799999999999955,5108.753253512603,4235.0,0,0.0038932731148439946,CONTINUE OPERATION,CONTINUE OPERATION,CONTINUE OPERATION
5489,L,302.6,312.1,1499,35.0,215,9.5,5494.12195235295,7525.0,0,0.08860816696191327,CONTINUE OPERATION,PERFORM MAINTENANCE,CONTINUE OPERATION
897,L,295.6,306.2,1612,31.2,131,10.599999999999966,5266.817251890216,4087.2,0,0.003638926025097612,CONTINUE OPERATION,CONTINUE OPERATION,CONTINUE OPERATION
8135,L,299.6,311.0,1554,36.3,62,11.399999999999977,5907.26233025103,2250.6,0,0.0036404426947292596,CONTINUE OPERATION,CONTINUE OPERATION,CONTINUE OPERATION
2806,L,300.0,309.3,1364,41.2,104,9.300000000000011,5884.915134508496,4284.8,0,0.0036999794167247775,CONTINUE OPERATION,CONTINUE OPERATION,CONTINUE OPERATION
1405,L,298.9,310.1,1394,42.7,179,11.200000000000045,6233.317759791605,7643.3,0,0.0037381811678338893,CONTINUE OPERATION,CONTINUE OPERATION,CONTINUE OPERATION
7518,L,300.2,311.5,1500,40.8,17,11.300000000000011,6408.849013323178,693.5999999999999,0,0.003643394490715871,CONTINUE OPERATION,CONTINUE OPERATION,CONTINUE OPERATION
5692,M,302.4,311.9,1313,55.7,102,9.5,7658.58504289671,5681.400000000001,0,0.018785928104917193,CONTINUE OPERATION,CONTINUE OPERATION,CONTINUE OPERATION
431,L,297.5,308.5,1446,41.9,32,11.0,6344.697691336874,1340.8,0,0.003638926025097612,CONTINUE OPERATION,CONTINUE OPERATION,CONTINUE OPERATION
4787,L,303.7,312.6,1396,44.1,136,8.900000000000034,6446.925116284687,5997.6,0,0.0037722660615553717,CONTINUE OPERATION,CONTINUE OPERATION,CONTINUE OPERATION
9414,L,298.1,308.6,1354,53.9,207,10.5,7642.510560485842,11157.3,1,0.9786857351508791,REPAIR AFTER FAILURE,PERFORM MAINTENANCE,PERFORM MAINTENANCE
3022,L,300.5,309.6,1760,30.6,213,9.100000000000023,5639.787131724397,6517.8,0,0.010806979642887711,CONTINUE OPERATION,PERFORM MAINTENANCE,CONTINUE OPERATION
6565,L,301.4,310.6,1550,36.8,159,9.200000000000045,5973.214832025393,5851.2,0,0.0036535159774116173,CONTINUE OPERATION,CONTINUE OPERATION,CONTINUE OPERATION
4241,L,302.4,311.0,1475,47.9,79,8.600000000000023,7398.712498591762,3784.1,0,0.004961209420287049,CONTINUE OPERATION,CONTINUE OPERATION,CONTINUE OPERATION
7362,L,299.5,310.0,1594,35.1,54,10.5,5859.007467091893,1895.4,0,0.0036413826600562222,CONTINUE OPERATION,CONTINUE OPERATION,CONTINUE OPERATION
8005,L,300.8,312.0,1477,37.3,164,11.199999999999989,5769.231221027807,6117.2,0,0.0036424622941318998,CONTINUE OPERATION,CONTINUE OPERATION,CONTINUE OPERATION
4873,M,303.7,312.4,1474,38.8,139,8.699999999999989,5989.048458999486,5393.2,0,0.00363972720324028,CONTINUE OPERATION,CONTINUE OPERATION,CONTINUE OPERATION
5786,L,301.7,311.2,1521,36.7,130,9.5,5845.530034607992,4771.0,0,0.0036536110876692245,CONTINUE OPERATION,CONTINUE OPERATION,CONTINUE OPERATION
5986,L,300.6,310.7,1440,52.5,200,10.099999999999966,7916.813487046279,10500.0,0,0.014277092952030421,CONTINUE OPERATION,PERFORM MAINTENANCE,CONTINUE OPERATION
4698,L,303.4,311.6,1564,41.9,137,8.200000000000045,6862.453104599496,5740.3,0,0.003911746119080163,CONTINUE OPERATION,CONTINUE OPERATION,CONTINUE OPERATION
8722,L,297.2,308.6,1366,50.4,74,11.400000000000034,7209.578148870145,3729.6,0,0.0039274805875844105,CONTINUE OPERATION,CONTINUE OPERATION,CONTINUE OPERATION
7442,L,300.0,311.5,1601,36.9,35,11.5,6186.518501228628,1291.5,0,0.003655794941391092,CONTINUE OPERATION,CONTINUE OPERATION,CONTINUE OPERATION
5656,M,302.3,311.5,1316,47.2,4,9.199999999999989,6504.688533208691,188.8,0,0.007608286747468296,CONTINUE OPERATION,CONTINUE OPERATION,CONTINUE OPERATION
1650,M,298.0,307.9,1417,51.0,137,9.899999999999977,7567.782543232453,6987.0,0,0.0036670965066602514,CONTINUE OPERATION,CONTINUE OPERATION,CONTINUE OPERATION
4156,M,302.0,310.5,1823,25.1,87,8.5,4791.693250936809,2183.7000000000003,0,0.0037350820616603103,CONTINUE OPERATION,CONTINUE OPERATION,CONTINUE OPERATION
9595,H,299.0,310.1,1432,50.0,45,11.100000000000023,7497.934466567639,2250.0,0,0.004859505040132385,CONTINUE OPERATION,CONTINUE OPERATION,CONTINUE OPERATION
1727,M,298.3,307.7,1602,33.4,106,9.399999999999977,5603.218993236612,3540.3999999999996,0,0.003652796048152552,CONTINUE OPERATION,CONTINUE OPERATION,CONTINUE OPERATION
8997,M,297.1,307.9,1609,38.9,166,10.799999999999955,6554.419944915016,6457.4,0,0.0036404426947292596,CONTINUE OPERATION,CONTINUE OPERATION,CONTINUE OPERATION
6892,L,301.0,311.6,1440,43.3,131,10.600000000000023,6529.486171221026,5672.299999999999,0,0.0036658462888717923,CONTINUE OPERATION,CONTINUE OPERATION,CONTINUE OPERATION
4985,M,303.8,313.0,1789,23.5,215,9.199999999999989,4402.575584863176,5052.5,0,0.008195143125897099,CONTINUE OPERATION,PERFORM MAINTENANCE,CONTINUE OPERATION
6534,L,301.3,310.6,1436,44.2,76,9.300000000000011,6646.68852115095,3359.2000000000003,0,0.003651402369400921,CONTINUE OPERATION,CONTINUE OPERATION,CONTINUE OPERATION
4274,L,302.4,310.6,1445,40.3,162,8.200000000000045,6098.197859760707,6528.599999999999,0,0.0038323328729413498,CONTINUE OPERATION,CONTINUE OPERATION,CONTINUE OPERATION
4,L,298.2,308.7,1408,40.0,9,10.5,5897.816608339237,360.0,0,0.0036682174356195397,CONTINUE OPERATION,CONTINUE OPERATION,CONTINUE OPERATION
7093,H,300.7,310.3,1369,50.7,12,9.600000000000023,7268.420179271881,608.4000000000001,0,0.003927596935150315,CONTINUE OPERATION,CONTINUE OPERATION,CONTINUE OPERATION
5945,M,300.8,310.8,1415,44.5,87,10.0,6593.941180497177,3871.5,0,0.0037258160546044345,CONTINUE OPERATION,CONTINUE OPERATION,CONTINUE OPERATION
9648,L,299.1,310.1,1416,41.2,185,11.0,6109.2667378768565,7622.000000000001,0,0.0037433726351070755,CONTINUE OPERATION,CONTINUE OPERATION,CONTINUE OPERATION
3762,M,302.3,311.0,1526,37.7,171,8.699999999999989,6024.548455985052,6446.700000000001,0,0.0036754880617966964,CONTINUE OPERATION,CONTINUE OPERATION,CONTINUE OPERATION
7175,L,300.1,310.1,1569,43.5,17,10.0,7147.280366549459,739.5,0,0.003652120311624811,CONTINUE OPERATION,CONTINUE OPERATION,CONTINUE OPERATION
2103,M,299.3,309.1,1376,46.7,49,9.800000000000011,6729.207688185241,2288.3,0,0.0036705231201548645,CONTINUE OPERATION,CONTINUE OPERATION,CONTINUE OPERATION
7382,L,299.8,310.4,1698,28.3,103,10.599999999999966,5032.1402806670585,2914.9,0,0.0037009035621372124,CONTINUE OPERATION,CONTINUE OPERATION,CONTINUE OPERATION
1874,L,298.4,308.1,1598,32.7,94,9.700000000000045,5472.088915875774,3073.8,0,0.003638926025097612,CONTINUE OPERATION,CONTINUE OPERATION,CONTINUE OPERATION
3158,L,300.4,309.7,1679,30.1,136,9.300000000000011,5292.316512261853,4093.6000000000004,0,0.003852128335161245,CONTINUE OPERATION,CONTINUE OPERATION,CONTINUE OPERATION
9727,L,298.8,309.8,1461,39.4,141,11.0,6028.025151855023,5555.4,0,0.003651361887097496,CONTINUE OPERATION,CONTINUE OPERATION,CONTINUE OPERATION
6540,M,301.4,310.7,1368,63.7,92,9.300000000000011,9125.447012735343,5860.400000000001,1,0.961733670451206,REPAIR AFTER FAILURE,CONTINUE OPERATION,PERFORM MAINTENANCE
242,L,298.0,308.2,1348,58.8,202,10.199999999999989,8300.33911819652,11877.599999999999,1,0.9753180299211588,REPAIR AFTER FAILURE,PERFORM MAINTENANCE,PERFORM MAINTENANCE
6381,L,300.2,309.7,1771,27.1,104,9.5,5025.9303991884635,2818.4,0,0.0037544081020771058,CONTINUE OPERATION,CONTINUE OPERATION,CONTINUE OPERATION
1083,L,297.0,307.8,1683,32.3,197,10.800000000000011,5692.660136084312,6363.099999999999,0,0.003668276883574433,CONTINUE OPERATION,CONTINUE OPERATION,CONTINUE OPERATION
2053,L,299.5,309.3,1382,61.0,140,9.800000000000011,8828.084796097557,8540.0,0,0.011627815078013864,CONTINUE OPERATION,CONTINUE OPERATION,CONTINUE OPERATION
5633,L,302.7,312.2,1447,47.5,166,9.5,7197.650568762015,7885.0,0,0.003873075322303233,CONTINUE OPERATION,CONTINUE OPERATION,CONTINUE OPERATION
1353,M,298.6,310.1,1444,48.1,39,11.5,7273.457199493136,1875.9,0,0.004471808753966249,CONTINUE OPERATION,CONTINUE OPERATION,CONTINUE OPERATION
3144,M,300.6,310.0,1478,36.3,95,9.399999999999977,5618.361469826914,3448.4999999999995,0,0.003688677976089802,CONTINUE OPERATION,CONTINUE OPERATION,CONTINUE OPERATION
2618,M,299.4,309.1,1461,48.6,70,9.700000000000045,7435.584324369394,3402.0,0,0.003645790433420232,CONTINUE OPERATION,CONTINUE OPERATION,CONTINUE OPERATION
2102,L,299.3,309.3,1325,62.0,47,10.0,8602.72788308005,2914.0,0,0.00782885915988309,CONTINUE OPERATION,CONTINUE OPERATION,CONTINUE OPERATION
7180,M,300.2,310.2,1628,30.3,27,10.0,5165.657968444626,818.1,0,0.003666749887189563,CONTINUE OPERATION,CONTINUE OPERATION,CONTINUE OPERATION
3618,L,301.9,311.1,1448,46.3,14,9.200000000000045,7020.663710634278,648.1999999999999,0,0.00409043333179641,CONTINUE OPERATION,CONTINUE OPERATION,CONTINUE OPERATION
4755,L,303.4,311.7,1295,51.3,51,8.300000000000011,6956.899851741916,2616.2999999999997,1,0.9917251816669278,REPAIR AFTER FAILURE,CONTINUE OPERATION,PERFORM MAINTENANCE
5958,L,300.6,310.8,1533,38.5,117,10.199999999999989,6180.612307039879,4504.5,0,0.0036476033220379247,CONTINUE OPERATION,CONTINUE OPERATION,CONTINUE OPERATION
6316,L,300.9,310.4,1544,36.0,148,9.5,5820.742868571169,5328.0,0,0.00368009052437348,CONTINUE OPERATION,CONTINUE OPERATION,CONTINUE OPERATION
2817,L,300.2,309.5,1417,41.1,129,9.300000000000011,6098.74240248733,5301.900000000001,0,0.0036427200028793225,CONTINUE OPERATION,CONTINUE OPERATION,CONTINUE OPERATION
9269,L,298.2,308.8,1354,60.9,32,10.600000000000023,8635.044399509978,1948.8,0,0.006862531272152109,CONTINUE OPERATION,CONTINUE OPERATION,CONTINUE OPERATION
2693,M,300.1,309.6,1622,36.1,43,9.5,6131.781485227582,1552.3,0,0.003652672815016026,CONTINUE OPERATION,CONTINUE OPERATION,CONTINUE OPERATION
637,L,298.2,309.7,1585,37.4,118,11.5,6207.68236373831,4413.2,0,0.0036404426947292596,CONTINUE OPERATION,CONTINUE OPERATION,CONTINUE OPERATION
2270,L,299.3,308.6,1437,48.1,67,9.300000000000011,7238.198057944348,3222.7000000000003,0,0.0038491858586704947,CONTINUE OPERATION,CONTINUE OPERATION,CONTINUE OPERATION
1982,M,298.0,307.7,1487,41.3,160,9.699999999999989,6431.164793139177,6608.0,0,0.0036652765460549763,CONTINUE OPERATION,CONTINUE OPERATION,CONTINUE OPERATION
4902,L,303.6,312.3,1616,29.3,226,8.699999999999989,4958.354741209746,6621.8,0,0.026739789466669023,CONTINUE OPERATION,PERFORM MAINTENANCE,CONTINUE OPERATION
365,L,297.6,308.4,1353,57.5,88,10.799999999999955,8146.935148921731,5060.0,0,0.0037181971120788145,CONTINUE OPERATION,CONTINUE OPERATION,CONTINUE OPERATION
2104,M,299.3,309.1,1600,35.3,52,9.800000000000011,5914.571769158384,1835.6,0,0.0036404426947292596,CONTINUE OPERATION,CONTINUE OPERATION,CONTINUE OPERATION
5324,M,303.4,312.8,1526,30.8,37,9.400000000000034,4921.912266428106,1139.6000000000001,0,0.0037205556604872833,CONTINUE OPERATION,CONTINUE OPERATION,CONTINUE OPERATION
4287,M,301.7,309.9,1457,39.2,192,8.199999999999989,5981.005981806296,7526.400000000001,0,0.003859206415940545,CONTINUE OPERATION,CONTINUE OPERATION,CONTINUE OPERATION
5383,L,302.8,312.3,1504,40.3,204,9.5,6347.190021508723,8221.199999999999,0,0.007120056597209533,CONTINUE OPERATION,PERFORM MAINTENANCE,CONTINUE OPERATION
3163,L,300.4,309.8,1549,38.9,150,9.400000000000034,6310.004036465731,5835.0,0,0.0037118662588843917,CONTINUE OPERATION,CONTINUE OPERATION,CONTINUE OPERATION
7873,L,300.7,312.4,1470,38.6,56,11.699999999999989,5942.008344999735,2161.6,0,0.003661920806766582,CONTINUE OPERATION,CONTINUE OPERATION,CONTINUE OPERATION
4160,M,302.0,310.4,1608,33.1,97,8.399999999999977,5573.6880222928685,3210.7000000000003,0,0.003638926025097612,CONTINUE OPERATION,CONTINUE OPERATION,CONTINUE OPERATION
1344,L,298.5,310.1,1809,28.9,20,11.600000000000023,5474.759269631325,578.0,0,0.003662838796139601,CONTINUE OPERATION,CONTINUE OPERATION,CONTINUE OPERATION
9555,H,299.4,310.8,1585,31.4,149,11.400000000000034,5211.797492550347,4678.599999999999,0,0.0036630135370877338,CONTINUE OPERATION,CONTINUE OPERATION,CONTINUE OPERATION
1343,L,298.5,310.2,1676,32.7,18,11.699999999999989,5739.1871232839785,588.6,0,0.003662838796139601,CONTINUE OPERATION,CONTINUE OPERATION,CONTINUE OPERATION
9803,L,298.4,309.2,1692,29.8,137,10.800000000000011,5280.137604741437,4082.6,0,0.0037306897592521817,CONTINUE OPERATION,CONTINUE OPERATION,CONTINUE OPERATION
6647,L,301.5,310.5,1927,22.4,149,9.0,4520.20728578909,3337.6,0,0.0036940380095822184,CONTINUE OPERATION,CONTINUE OPERATION,CONTINUE OPERATION
5499,H,302.9,312.3,1417,48.7,26,9.400000000000034,7226.49038932197,1266.2,0,0.004253746900848887,CONTINUE OPERATION,CONTINUE OPERATION,CONTINUE OPERATION
9589,L,299.2,310.4,1472,43.3,32,11.199999999999989,6674.5858639148255,1385.6,0,0.003639864083070806,CONTINUE OPERATION,CONTINUE OPERATION,CONTINUE OPERATION
6757,L,301.8,311.2,1822,26.2,204,9.399999999999977,4998.944118294126,5344.8,0,0.00471624272565855,CONTINUE OPERATION,PERFORM MAINTENANCE,CONTINUE OPERATION
261,L,298.1,308.2,1654,32.1,25,10.099999999999966,5559.927846470144,802.5,0,0.003638926025097612,CONTINUE OPERATION,CONTINUE OPERATION,CONTINUE OPERATION
6979,L,300.9,311.2,1353,60.4,139,10.300000000000011,8557.82405208474,8395.6,0,0.007921446109684383,CONTINUE OPERATION,CONTINUE OPERATION,CONTINUE OPERATION
2972,M,300.6,309.4,1432,44.2,84,8.799999999999955,6628.174068445794,3712.8,0,0.003764331612886234,CONTINUE OPERATION,CONTINUE OPERATION,CONTINUE OPERATION
1524,L,298.2,309.0,1601,35.8,43,10.800000000000011,6002.096540487395,1539.3999999999999,0,0.0036404426947292596,CONTINUE OPERATION,CONTINUE OPERATION,CONTINUE OPERATION
6642,L,301.6,310.6,1431,37.5,137,9.0,5619.523859108743,5137.5,0,0.003696245732619416,CONTINUE OPERATION,CONTINUE OPERATION,CONTINUE OPERATION
7169,L,300.3,310.2,1492,52.3,2,9.899999999999977,8171.450043595243,104.6,0,0.0038083012037476833,CONTINUE OPERATION,CONTINUE OPERATION,CONTINUE OPERATION
4565,H,302.7,310.8,1275,55.0,25,8.100000000000023,7343.472827766142,1375.0,1,0.9787661285113561,REPAIR AFTER FAILURE,CONTINUE OPERATION,PERFORM MAINTENANCE
4576,M,302.9,311.1,1926,21.8,58,8.200000000000045,4396.847414258131,1264.4,0,0.00375313637552029,CONTINUE OPERATION,CONTINUE OPERATION,CONTINUE OPERATION
8834,L,297.4,308.8,1473,46.2,167,11.400000000000034,7126.451607256159,7715.400000000001,0,0.0036430337223299623,CONTINUE OPERATION,CONTINUE OPERATION,CONTINUE OPERATION
398,H,297.4,308.3,1502,43.6,169,10.900000000000034,6857.803547472183,7368.400000000001,0,0.003713751825432756,CONTINUE OPERATION,CONTINUE OPERATION,CONTINUE OPERATION
6288,L,301.0,310.5,1317,50.9,75,9.5,7019.92020037293,3817.5,0,0.004006531701003969,CONTINUE OPERATION,CONTINUE OPERATION,CONTINUE OPERATION
4652,L,303.1,311.2,1452,52.9,11,8.099999999999966,8043.608166545163,581.9,0,0.005543784142806757,CONTINUE OPERATION,CONTINUE OPERATION,CONTINUE OPERATION
9830,L,298.3,309.3,1337,56.1,206,11.0,7854.578536578664,11556.6,1,0.9815347754486738,REPAIR AFTER FAILURE,PERFORM MAINTENANCE,PERFORM MAINTENANCE
9886,L,298.8,309.6,1903,22.3,145,10.800000000000011,4443.98177603749,3233.5,0,0.0040734131438683475,CONTINUE OPERATION,CONTINUE OPERATION,CONTINUE OPERATION
4013,M,302.2,311.1,1728,34.0,179,8.900000000000034,6152.495052790251,6086.0,0,0.004623187229594037,CONTINUE OPERATION,CONTINUE OPERATION,CONTINUE OPERATION
5214,L,303.7,312.7,1572,37.2,192,9.0,6123.843727789512,7142.400000000001,0,0.0037815880084190656,CONTINUE OPERATION,CONTINUE OPERATION,CONTINUE OPERATION
404,L,297.3,308.6,1297,45.9,184,11.300000000000011,6234.2078777101215,8445.6,0,0.004737012628776072,CONTINUE OPERATION,CONTINUE OPERATION,CONTINUE OPERATION
3651,L,302.1,311.5,1444,44.9,97,9.399999999999977,6789.5681550362115,4355.3,0,0.003785218617194626,CONTINUE OPERATION,CONTINUE OPERATION,CONTINUE OPERATION
592,H,297.5,309.5,1668,27.9,240,12.0,4873.36418795463,6696.0,0,0.0313746635582645,CONTINUE OPERATION,PERFORM MAINTENANCE,CONTINUE OPERATION
689,H,297.6,309.0,1354,55.6,46,11.399999999999977,7883.554492820275,2557.6,0,0.003745801373855142,CONTINUE OPERATION,CONTINUE OPERATION,CONTINUE OPERATION
9316,H,298.5,309.4,1417,41.2,155,10.899999999999977,6113.581191787785,6386.0,0,0.003666250155182779,CONTINUE OPERATION,CONTINUE OPERATION,CONTINUE OPERATION
4584,L,302.8,311.1,1550,32.3,76,8.300000000000011,5242.794540065766,2454.7999999999997,0,0.0036424622941318998,CONTINUE OPERATION,CONTINUE OPERATION,CONTINUE OPERATION
6509,L,301.1,310.1,1564,36.8,7,9.0,6027.1664498630425,257.59999999999997,0,0.003673166944345515,CONTINUE OPERATION,CONTINUE OPERATION,CONTINUE OPERATION
7872,L,300.6,312.3,1532,37.2,54,11.699999999999989,5968.020732171459,2008.8000000000002,0,0.00369595567131724,CONTINUE OPERATION,CONTINUE OPERATION,CONTINUE OPERATION
1028,L,296.3,307.4,1472,39.9,51,11.099999999999966,6150.484433491953,2034.8999999999999,0,0.003638926025097612,CONTINUE OPERATION,CONTINUE OPERATION,CONTINUE OPERATION
9489,L,298.9,309.7,1407,41.9,207,10.800000000000011,6173.575139495838,8673.3,0,0.049570866254268736,CONTINUE OPERATION,PERFORM MAINTENANCE,CONTINUE OPERATION
4141,H,301.7,310.1,1462,38.3,49,8.400000000000034,5863.740800023301,1876.6999999999998,0,0.0036920059002362392,CONTINUE OPERATION,CONTINUE OPERATION,CONTINUE OPERATION
652,L,297.7,309.2,1391,44.5,159,11.5,6482.10048202938,7075.5,0,0.0036679695019157994,CONTINUE OPERATION,CONTINUE OPERATION,CONTINUE OPERATION
6212,L,300.8,310.6,1402,53.7,93,9.800000000000011,7884.078091595874,4994.1,0,0.003797110665550516,CONTINUE OPERATION,CONTINUE OPERATION,CONTINUE OPERATION
2001,L,298.4,308.2,1604,34.9,11,9.800000000000011,5862.170003696505,383.9,0,0.0036404426947292596,CONTINUE OPERATION,CONTINUE OPERATION,CONTINUE OPERATION
4743,L,303.3,311.3,1409,51.8,16,8.0,7643.096991114511,828.8,0,0.006001925406722861,CONTINUE OPERATION,CONTINUE OPERATION,CONTINUE OPERATION
976,M,296.0,306.6,1392,51.3,124,10.600000000000023,7477.995825192856,6361.2,0,0.003727916217714637,CONTINUE OPERATION,CONTINUE OPERATION,CONTINUE OPERATION
2212,L,299.7,309.1,1475,40.0,123,9.400000000000034,6178.465552059926,4920.0,0,0.0036401305849835795,CONTINUE OPERATION,CONTINUE OPERATION,CONTINUE OPERATION
4404,M,302.4,310.2,1485,45.9,50,7.800000000000011,7137.85558858869,2295.0,0,0.004974858412850864,CONTINUE OPERATION,CONTINUE OPERATION,CONTINUE OPERATION
541,L,297.4,309.4,1296,52.3,96,12.0,7097.988777814635,5020.799999999999,0,0.0037774900529213597,CONTINUE OPERATION,CONTINUE OPERATION,CONTINUE OPERATION
7402,M,299.8,310.8,1463,43.5,156,11.0,6664.417575692709,6786.0,0,0.003639864083070806,CONTINUE OPERATION,CONTINUE OPERATION,CONTINUE OPERATION
6210,L,300.8,310.5,1434,44.5,89,9.699999999999989,6682.481733450849,3960.5,0,0.0038570161760916252,CONTINUE OPERATION,CONTINUE OPERATION,CONTINUE OPERATION
4431,H,302.3,310.2,1443,54.6,120,7.899999999999977,8250.639122416731,6552.0,0,0.006131437396868992,CONTINUE OPERATION,CONTINUE OPERATION,CONTINUE OPERATION
7775,L,300.3,311.5,1663,33.6,38,11.199999999999989,5851.404812870205,1276.8,0,0.004020545678489185,CONTINUE OPERATION,CONTINUE OPERATION,CONTINUE OPERATION
3201,L,300.2,309.1,1479,47.0,22,8.900000000000034,7279.38433763291,1034.0,0,0.0037829370992265585,CONTINUE OPERATION,CONTINUE OPERATION,CONTINUE OPERATION
7468,L,300.3,311.6,1560,37.7,107,11.300000000000011,6158.77823809743,4033.9,0,0.0036669418108350076,CONTINUE OPERATION,CONTINUE OPERATION,CONTINUE OPERATION
8196,L,299.4,310.8,1622,33.6,217,11.400000000000034,5707.142878217362,7291.200000000001,0,0.07212430262886692,CONTINUE OPERATION,PERFORM MAINTENANCE,CONTINUE OPERATION
6740,L,301.8,311.2,1417,55.9,156,9.399999999999977,8294.883218954787,8720.4,0,0.00536663708222439,CONTINUE OPERATION,CONTINUE OPERATION,CONTINUE OPERATION
4822,L,303.5,311.9,1565,38.9,12,8.399999999999977,6375.181612052206,466.79999999999995,0,0.0038606283436720575,CONTINUE OPERATION,CONTINUE OPERATION,CONTINUE OPERATION
1325,H,298.8,310.1,1567,36.8,197,11.300000000000011,6038.727510828252,7249.599999999999,0,0.0037647995261286737,CONTINUE OPERATION,CONTINUE OPERATION,CONTINUE OPERATION
2822,L,300.3,309.6,1593,38.1,140,9.300000000000011,6355.787513404046,5334.0,0,0.00364218383819889,CONTINUE OPERATION,CONTINUE OPERATION,CONTINUE OPERATION
6245,L,300.9,310.4,1445,41.7,180,9.5,6310.045924367779,7506.000000000001,0,0.0036972157832848686,CONTINUE OPERATION,CONTINUE OPERATION,CONTINUE OPERATION
5377,L,302.9,312.4,2030,19.1,192,9.5,4060.2990652545686,3667.2000000000003,0,0.0037588552832718315,CONTINUE OPERATION,CONTINUE OPERATION,CONTINUE OPERATION
9468,L,298.6,309.4,1375,55.4,145,10.799999999999955,7977.027346240082,8033.0,0,0.0037439678450810416,CONTINUE OPERATION,CONTINUE OPERATION,CONTINUE OPERATION
9960,L,298.2,307.8,1575,35.0,137,9.600000000000023,5772.676500971245,4795.0,0,0.003652796048152552,CONTINUE OPERATION,CONTINUE OPERATION,CONTINUE OPERATION
2443,L,299.1,308.5,1647,35.0,74,9.399999999999977,6036.570283872788,2590.0,0,0.0036500748186349364,CONTINUE OPERATION,CONTINUE OPERATION,CONTINUE OPERATION
4413,M,302.7,310.5,1398,47.3,70,7.800000000000011,6924.63569518955,3311.0,0,0.012576964564341528,CONTINUE OPERATION,CONTINUE OPERATION,CONTINUE OPERATION
4471,L,302.8,310.6,1670,29.1,2,7.800000000000011,5089.065939550106,58.2,0,0.005357343327391411,CONTINUE OPERATION,CONTINUE OPERATION,CONTINUE OPERATION
7041,L,300.6,310.5,1470,37.7,98,9.899999999999977,5803.4641089764245,3694.6000000000004,0,0.0037359985750000367,CONTINUE OPERATION,CONTINUE OPERATION,CONTINUE OPERATION
4696,L,303.4,311.6,1449,41.7,132,8.200000000000045,6327.513179521739,5504.400000000001,0,0.004524065706795364,CONTINUE OPERATION,CONTINUE OPERATION,CONTINUE OPERATION
914,M,295.4,305.9,1518,40.6,178,10.5,6453.962283828729,7226.8,0,0.0036687928444071186,CONTINUE OPERATION,CONTINUE OPERATION,CONTINUE OPERATION
7062,M,300.6,310.4,1407,51.1,157,9.799999999999955,7529.109537666763,8022.7,0,0.003747204022982384,CONTINUE OPERATION,CONTINUE OPERATION,CONTINUE OPERATION
6503,M,300.9,309.9,1465,42.9,209,9.0,6581.479529637937,8966.1,0,0.008384716721367372,CONTINUE OPERATION,PERFORM MAINTENANCE,CONTINUE OPERATION
3729,M,302.4,311.3,1312,61.5,85,8.900000000000034,8449.627601095106,5227.5,0,0.024745586815533405,CONTINUE OPERATION,CONTINUE OPERATION,CONTINUE OPERATION
9114,L,297.6,308.7,1476,39.0,44,11.099999999999966,6028.087983708095,1716.0,0,0.003638926025097612,CONTINUE OPERATION,CONTINUE OPERATION,CONTINUE OPERATION
7867,L,300.5,312.0,1461,38.1,39,11.5,5829.130920956253,1485.9,0,0.0036963383387611307,CONTINUE OPERATION,CONTINUE OPERATION,CONTINUE OPERATION
3321,L,301.5,310.6,1522,41.0,114,9.100000000000023,6534.722158977009,4674.0,0,0.00363972720324028,CONTINUE OPERATION,CONTINUE OPERATION,CONTINUE OPERATION
1092,M,296.9,307.6,1685,32.0,10,10.700000000000045,5646.489196052055,320.0,0,0.0037437663092246103,CONTINUE OPERATION,CONTINUE OPERATION,CONTINUE OPERATION
3185,L,300.1,309.3,1685,27.1,203,9.199999999999989,4781.870537906585,5501.3,0,0.008303867406532344,CONTINUE OPERATION,PERFORM MAINTENANCE,CONTINUE OPERATION
5149,L,304.3,313.5,1452,41.5,15,9.199999999999989,6310.203004000458,622.5,0,0.003784553724227961,CONTINUE OPERATION,CONTINUE OPERATION,CONTINUE OPERATION
2531,M,298.8,308.5,1510,38.7,66,9.699999999999989,6119.5083299275575,2554.2000000000003,0,0.003638926025097612,CONTINUE OPERATION,CONTINUE OPERATION,CONTINUE OPERATION
6513,L,301.1,310.0,1513,38.0,17,8.899999999999977,6020.757600849719,646.0,0,0.0036440755702759945,CONTINUE OPERATION,CONTINUE OPERATION,CONTINUE OPERATION
7659,L,300.5,311.6,1528,42.4,163,11.100000000000023,6784.499718888421,6911.2,0,0.003669202637843646,CONTINUE OPERATION,CONTINUE OPERATION,CONTINUE OPERATION
4243,M,302.4,310.9,1435,42.3,83,8.5,6356.541495640908,3510.8999999999996,0,0.004274419158807537,CONTINUE OPERATION,CONTINUE OPERATION,CONTINUE OPERATION
6134,L,301.0,311.0,1581,37.0,127,10.0,6125.791515234738,4699.0,0,0.0036439861539669257,CONTINUE OPERATION,CONTINUE OPERATION,CONTINUE OPERATION
916,M,295.3,305.8,1589,36.2,184,10.5,6023.668810042046,6660.8,0,0.0036995193234894684,CONTINUE OPERATION,CONTINUE OPERATION,CONTINUE OPERATION
7982,L,301.0,312.3,1488,42.6,107,11.300000000000011,6638.059613329089,4558.2,0,0.0036484765524911903,CONTINUE OPERATION,CONTINUE OPERATION,CONTINUE OPERATION
5665,L,302.3,311.4,1845,21.9,27,9.099999999999966,4231.254065487413,591.3,0,0.0036740375256014077,CONTINUE OPERATION,CONTINUE OPERATION,CONTINUE OPERATION
129,L,298.9,308.5,1559,34.3,126,9.600000000000023,5599.75276934215,4321.799999999999,0,0.0036547527239129997,CONTINUE OPERATION,CONTINUE OPERATION,CONTINUE OPERATION
3255,L,301.0,309.7,1491,42.9,165,8.699999999999989,6698.283944498405,7078.5,0,0.0036478230072748293,CONTINUE OPERATION,CONTINUE OPERATION,CONTINUE OPERATION
3406,L,301.2,310.4,1470,44.0,113,9.199999999999989,6773.273761139593,4972.0,0,0.0036458407490383626,CONTINUE OPERATION,CONTINUE OPERATION,CONTINUE OPERATION
632,H,298.3,310.0,1419,47.1,105,11.699999999999989,6998.934361446949,4945.5,0,0.004118698345766635,CONTINUE OPERATION,CONTINUE OPERATION,CONTINUE OPERATION
3218,L,300.6,309.6,1426,53.6,66,9.0,8004.107874914027,3537.6,0,0.003907792525194966,CONTINUE OPERATION,CONTINUE OPERATION,CONTINUE OPERATION
272,L,298.1,308.1,1484,40.4,59,10.0,6278.326310542034,2383.6,0,0.003638926025097612,CONTINUE OPERATION,CONTINUE OPERATION,CONTINUE OPERATION
8569,L,297.9,308.6,1757,27.5,118,10.700000000000045,5059.796767994161,3245.0,0,0.0036412898604148898,CONTINUE OPERATION,CONTINUE OPERATION,CONTINUE OPERATION
2225,M,299.7,309.0,1465,49.0,158,9.300000000000011,7517.307621264777,7742.0,0,0.0036409317631262476,CONTINUE OPERATION,CONTINUE OPERATION,CONTINUE OPERATION
8300,L,298.7,310.1,1558,37.6,44,11.400000000000034,6134.567030713766,1654.4,0,0.0036404426947292596,CONTINUE OPERATION,CONTINUE OPERATION,CONTINUE OPERATION
5452,M,303.0,312.7,1553,35.8,122,9.699999999999989,5822.146113289771,4367.599999999999,0,0.003664355465771249,CONTINUE OPERATION,CONTINUE OPERATION,CONTINUE OPERATION
2787,M,300.3,309.6,1524,38.4,54,9.300000000000011,6128.367621210681,2073.6,0,0.003657780158767804,CONTINUE OPERATION,CONTINUE OPERATION,CONTINUE OPERATION
9189,L,297.9,309.1,1595,32.0,32,11.200000000000045,5344.896301307435,1024.0,0,0.003638926025097612,CONTINUE OPERATION,CONTINUE OPERATION,CONTINUE OPERATION
681,M,297.7,309.0,1656,33.2,20,11.300000000000011,5757.408360674798,664.0,0,0.003638926025097612,CONTINUE OPERATION,CONTINUE OPERATION,CONTINUE OPERATION
3320,L,301.5,310.5,2289,16.4,112,9.0,3931.137719289979,1836.7999999999997,0,0.004510421258746993,CONTINUE OPERATION,CONTINUE OPERATION,CONTINUE OPERATION
2556,M,299.3,309.1,1449,47.9,131,9.800000000000011,7268.294515565738,6274.9,0,0.003659141007718813,CONTINUE OPERATION,CONTINUE OPERATION,CONTINUE OPERATION
5399,H,302.8,312.4,1411,53.8,246,9.599999999999966,7949.465106692588,13234.8,1,0.7564538681381852,REPAIR AFTER FAILURE,PERFORM MAINTENANCE,PERFORM MAINTENANCE
3538,L,302.0,311.1,1635,36.0,23,9.100000000000023,6163.804786343174,828.0,0,0.0036524196501688277,CONTINUE OPERATION,CONTINUE OPERATION,CONTINUE OPERATION
2474,L,298.9,308.5,1503,40.6,145,9.600000000000023,6390.187952960855,5887.0,0,0.0037162987069673517,CONTINUE OPERATION,CONTINUE OPERATION,CONTINUE OPERATION
6971,M,300.7,311.0,1559,42.8,121,10.300000000000011,6987.446604310322,5178.799999999999,0,0.003933473606950926,CONTINUE OPERATION,CONTINUE OPERATION,CONTINUE OPERATION
9755,H,298.5,309.7,1561,35.3,208,11.199999999999989,5770.4040822851475,7342.4,0,0.02548564266488414,CONTINUE OPERATION,PERFORM MAINTENANCE,CONTINUE OPERATION
5211,L,303.7,312.5,1433,53.6,185,8.800000000000011,8043.398727034923,9916.0,0,0.006509808691776054,CONTINUE OPERATION,CONTINUE OPERATION,CONTINUE OPERATION
3571,M,301.7,310.6,1691,27.7,105,8.900000000000034,4905.146633633448,2908.5,0,0.003645628747612132,CONTINUE OPERATION,CONTINUE OPERATION,CONTINUE OPERATION
9736,M,298.9,310.0,1348,58.2,163,11.100000000000023,8215.64178025574,9486.6,0,0.00393704390230705,CONTINUE OPERATION,CONTINUE OPERATION,CONTINUE OPERATION
27,H,299.1,309.4,1811,24.6,77,10.299999999999955,4665.327922433915,1894.2,0,0.0036412898604148898,CONTINUE OPERATION,CONTINUE OPERATION,CONTINUE OPERATION
1104,L,296.6,307.4,1389,42.7,48,10.799999999999955,6210.960092073557,2049.6000000000004,0,0.003638926025097612,CONTINUE OPERATION,CONTINUE OPERATION,CONTINUE OPERATION
2491,L,299.1,308.9,1445,43.4,197,9.799999999999955,6567.2900028192225,8549.8,0,0.003898601914500878,CONTINUE OPERATION,CONTINUE OPERATION,CONTINUE OPERATION
7842,L,300.1,311.5,1659,31.1,203,11.399999999999977,5403.0052934233345,6313.3,0,0.006833756949186252,CONTINUE OPERATION,PERFORM MAINTENANCE,CONTINUE OPERATION
7742,M,300.5,311.9,1323,57.9,155,11.399999999999977,8021.711265749642,8974.5,0,0.004638520575102898,CONTINUE OPERATION,CONTINUE OPERATION,CONTINUE OPERATION
2471,L,298.9,308.4,1301,51.1,138,9.5,6961.884512085614,7051.8,0,0.0037206259336181402,CONTINUE OPERATION,CONTINUE OPERATION,CONTINUE OPERATION
9509,M,299.2,310.4,1502,39.8,34,11.199999999999989,6260.105073151212,1353.1999999999998,0,0.003639864083070806,CONTINUE OPERATION,CONTINUE OPERATION,CONTINUE OPERATION
3232,L,300.7,309.3,1580,38.3,102,8.600000000000023,6337.0112613110905,3906.6,0,0.003638926025097612,CONTINUE OPERATION,CONTINUE OPERATION,CONTINUE OPERATION
5225,M,304.0,313.2,1437,53.9,7,9.199999999999989,8110.995328964665,377.3,0,0.004352036510692352,CONTINUE OPERATION,CONTINUE OPERATION,CONTINUE OPERATION
3777,M,302.4,311.1,1721,30.1,210,8.700000000000045,5424.703226684128,6321.0,0,0.01722439306416097,CONTINUE OPERATION,PERFORM MAINTENANCE,CONTINUE OPERATION
6032,L,300.7,310.8,1754,27.7,84,10.100000000000023,5087.893078292766,2326.7999999999997,0,0.003731398640252179,CONTINUE OPERATION,CONTINUE OPERATION,CONTINUE OPERATION
4384,L,301.8,309.6,1443,42.7,231,7.800000000000011,6452.42290342847,9863.7,0,0.04377152632615923,CONTINUE OPERATION,PERFORM MAINTENANCE,CONTINUE OPERATION
941,L,295.6,306.2,1650,28.2,35,10.599999999999966,4872.6102057177695,987.0,0,0.0036923595031622576,CONTINUE OPERATION,CONTINUE OPERATION,CONTINUE OPERATION
1286,L,298.5,309.6,1582,40.3,103,11.100000000000023,6676.36609975186,4150.9,0,0.003664377441725192,CONTINUE OPERATION,CONTINUE OPERATION,CONTINUE OPERATION
6323,L,300.7,310.1,1351,46.9,165,9.400000000000034,6635.24265191637,7738.5,0,0.003847481059529377,CONTINUE OPERATION,CONTINUE OPERATION,CONTINUE OPERATION
7066,M,300.8,310.7,1572,36.2,167,9.899999999999977,5959.224272741407,6045.400000000001,0,0.0036527147992689497,CONTINUE OPERATION,CONTINUE OPERATION,CONTINUE OPERATION
1894,H,297.9,307.5,1880,23.3,146,9.600000000000023,4587.144153261577,3401.8,0,0.003852168529778393,CONTINUE OPERATION,CONTINUE OPERATION,CONTINUE OPERATION
5044,L,304.1,313.2,1412,47.5,150,9.099999999999966,7023.553975875581,7125.0,0,0.0038072418138410764,CONTINUE OPERATION,CONTINUE OPERATION,CONTINUE OPERATION
8570,H,297.9,308.7,1545,35.9,120,10.800000000000011,5808.333577589489,4308.0,0,0.003666604233246042,CONTINUE OPERATION,CONTINUE OPERATION,CONTINUE OPERATION
1624,M,297.8,307.8,1310,57.9,70,10.0,7942.888706071074,4053.0,0,0.003719638942919197,CONTINUE OPERATION,CONTINUE OPERATION,CONTINUE OPERATION
7115,M,301.0,310.6,1460,53.6,74,9.600000000000023,8194.949156644096,3966.4,0,0.004030635414120588,CONTINUE OPERATION,CONTINUE OPERATION,CONTINUE OPERATION
1806,H,298.0,307.6,1593,32.2,118,9.600000000000023,5371.557950960901,3799.6000000000004,0,0.0036512793785209046,CONTINUE OPERATION,CONTINUE OPERATION,CONTINUE OPERATION
7470,L,300.4,311.6,1332,54.6,111,11.200000000000045,7615.97457453852,6060.6,0,0.003808137451757557,CONTINUE OPERATION,CONTINUE OPERATION,CONTINUE OPERATION
5852,H,301.2,310.9,1798,22.3,59,9.699999999999989,4198.780469424807,1315.7,0,0.003663632119776424,CONTINUE OPERATION,CONTINUE OPERATION,CONTINUE OPERATION
2039,M,299.0,308.9,1449,39.6,105,9.899999999999977,6008.861436668127,4158.0,0,0.0036401305849835795,CONTINUE OPERATION,CONTINUE OPERATION,CONTINUE OPERATION
9366,L,298.0,308.5,1461,48.0,68,10.5,7343.786987031501,3264.0,0,0.0037067228926548484,CONTINUE OPERATION,CONTINUE OPERATION,CONTINUE OPERATION
5,M,298.1,308.6,1425,41.9,11,10.5,6252.554778807084,460.9,0,0.0036533416232472637,CONTINUE OPERATION,CONTINUE OPERATION,CONTINUE OPERATION
9733,M,298.9,310.1,1442,42.9,153,11.200000000000045,6478.152547261368,6563.7,0,0.003639864083070806,CONTINUE OPERATION,CONTINUE OPERATION,CONTINUE OPERATION
6875,M,300.8,311.2,1592,32.9,82,10.399999999999977,5484.885669951395,2697.7999999999997,0,0.0036424622941318998,CONTINUE OPERATION,CONTINUE OPERATION,CONTINUE OPERATION
9031,H,297.5,308.4,1793,23.9,28,10.899999999999977,4487.524250216245,669.1999999999999,0,0.003640100013952964,CONTINUE OPERATION,CONTINUE OPERATION,CONTINUE OPERATION
3547,M,301.9,311.0,1467,48.1,43,9.100000000000023,7389.308664582017,2068.3,0,0.004361522588479153,CONTINUE OPERATION,CONTINUE OPERATION,CONTINUE OPERATION
1378,H,298.8,310.2,1455,44.9,107,11.399999999999977,6841.289242089812,4804.3,0,0.004167392312004266,CONTINUE OPERATION,CONTINUE OPERATION,CONTINUE OPERATION
899,H,295.6,306.2,1329,55.3,135,10.599999999999966,7696.242266837739,7465.5,0,0.003975608341587017,CONTINUE OPERATION,CONTINUE OPERATION,CONTINUE OPERATION
6919,L,301.0,311.5,1444,39.8,197,10.5,6018.369990432989,7840.599999999999,0,0.004001718789021834,CONTINUE OPERATION,CONTINUE OPERATION,CONTINUE OPERATION
8462,M,298.7,309.8,1501,44.7,48,11.100000000000023,7026.140553827038,2145.6000000000004,0,0.0037707210258362397,CONTINUE OPERATION,CONTINUE OPERATION,CONTINUE OPERATION
4544,L,302.5,310.4,1349,55.1,187,7.899999999999977,7783.808926068798,10303.7,1,0.8965616474841882,REPAIR AFTER FAILURE,CONTINUE OPERATION,PERFORM MAINTENANCE
3515,M,301.9,311.1,1605,40.0,179,9.200000000000045,6723.008278682157,7160.0,0,0.0039977926009340855,CONTINUE OPERATION,CONTINUE OPERATION,CONTINUE OPERATION
3118,M,300.2,309.5,1458,46.9,23,9.300000000000011,7160.757799033358,1078.7,0,0.0036943285434285337,CONTINUE OPERATION,CONTINUE OPERATION,CONTINUE OPERATION
3681,M,302.1,311.3,1453,45.1,174,9.199999999999989,6862.31696891784,7847.400000000001,0,0.003849428575743123,CONTINUE OPERATION,CONTINUE OPERATION,CONTINUE OPERATION
3267,L,301.3,310.0,1550,41.5,197,8.699999999999989,6736.098248072115,8175.5,0,0.003873113936784532,CONTINUE OPERATION,CONTINUE OPERATION,CONTINUE OPERATION
4454,L,302.4,310.1,1401,48.8,177,7.7000000000000455,7159.563993824994,8637.6,0,0.010245740092324204,CONTINUE OPERATION,CONTINUE OPERATION,CONTINUE OPERATION
8911,L,297.1,308.3,1773,23.8,169,11.199999999999989,4418.9013946863315,4022.2000000000003,0,0.0036412898604148898,CONTINUE OPERATION,CONTINUE OPERATION,CONTINUE OPERATION
3940,L,302.3,311.5,1395,54.2,198,9.199999999999989,7917.755964842356,10731.6,0,0.03837494697054032,CONTINUE OPERATION,CONTINUE OPERATION,CONTINUE OPERATION
4610,L,303.1,311.2,1394,45.3,144,8.099999999999966,6612.864040247298,6523.2,0,0.012514414931343209,CONTINUE OPERATION,CONTINUE OPERATION,CONTINUE OPERATION
65,L,299.0,309.1,1394,45.1,179,10.100000000000023,6583.668172519938,8072.900000000001,0,0.003782854114452423,CONTINUE OPERATION,CONTINUE OPERATION,CONTINUE OPERATION
6184,L,301.0,311.0,1553,35.8,26,10.0,5822.146113289771,930.8,0,0.0036439861539669257,CONTINUE OPERATION,CONTINUE OPERATION,CONTINUE OPERATION
7787,L,300.3,311.5,1378,47.5,64,11.199999999999989,6854.43157135733,3040.0,0,0.00368900146374239,CONTINUE OPERATION,CONTINUE OPERATION,CONTINUE OPERATION
833,L,296.6,307.4,1616,28.0,175,10.799999999999955,4738.359479654365,4900.0,0,0.003854578321964338,CONTINUE OPERATION,CONTINUE OPERATION,CONTINUE OPERATION
4337,L,301.6,309.9,1440,43.4,100,8.299999999999955,6544.565815958257,4340.0,0,0.00403079090301854,CONTINUE OPERATION,CONTINUE OPERATION,CONTINUE OPERATION
4546,M,302.5,310.4,1429,43.2,191,7.899999999999977,6464.643698850933,8251.2,0,0.005073518411455542,CONTINUE OPERATION,CONTINUE OPERATION,CONTINUE OPERATION
9987,M,298.8,308.6,1500,37.1,210,9.800000000000011,5827.654372409067,7791.0,0,0.036743156369231644,CONTINUE OPERATION,PERFORM MAINTENANCE,CONTINUE OPERATION
7476,L,300.2,311.5,1492,41.8,128,11.300000000000011,6530.910359890653,5350.4,0,0.003638926025097612,CONTINUE OPERATION,CONTINUE OPERATION,CONTINUE OPERATION
2567,L,299.4,309.1,1766,24.6,158,9.700000000000045,4549.403153516451,3886.8,0,0.003779858040686759,CONTINUE OPERATION,CONTINUE OPERATION,CONTINUE OPERATION
5701,M,302.5,311.9,1347,54.3,125,9.399999999999977,7659.4228009376675,6787.5,0,0.017397396219461438,CONTINUE OPERATION,CONTINUE OPERATION,CONTINUE OPERATION
2116,M,299.4,309.0,1381,44.9,88,9.600000000000023,6493.34738372923,3951.2,0,0.0037259275274079936,CONTINUE OPERATION,CONTINUE OPERATION,CONTINUE OPERATION
3373,L,301.4,310.7,1568,35.2,23,9.300000000000011,5779.860276172453,809.6,0,0.0036491356991453076,CONTINUE OPERATION,CONTINUE OPERATION,CONTINUE OPERATION
3946,M,302.2,311.3,1658,31.0,2,9.100000000000023,5382.385973640274,62.0,0,0.0036798008125564024,CONTINUE OPERATION,CONTINUE OPERATION,CONTINUE OPERATION
5673,L,302.2,311.6,1462,50.0,51,9.400000000000034,7655.01409924713,2550.0,0,0.0037209759274344535,CONTINUE OPERATION,CONTINUE OPERATION,CONTINUE OPERATION
1390,L,298.9,310.2,1409,54.8,140,11.300000000000011,8085.747396005313,7672.0,0,0.0036972415295774227,CONTINUE OPERATION,CONTINUE OPERATION,CONTINUE OPERATION
9446,H,298.1,308.9,1388,53.5,83,10.799999999999955,7776.279575675695,4440.5,0,0.0036468780479355653,CONTINUE OPERATION,CONTINUE OPERATION,CONTINUE OPERATION
3536,L,302.0,311.0,1632,34.2,18,9.0,5844.870300150738,615.6,0,0.0037135551935798482,CONTINUE OPERATION,CONTINUE OPERATION,CONTINUE OPERATION
214,M,298.3,308.6,1589,37.1,137,10.300000000000011,6173.428531838672,5082.7,0,0.0036416472546152274,CONTINUE OPERATION,CONTINUE OPERATION,CONTINUE OPERATION
375,L,297.4,308.2,1533,37.4,115,10.800000000000011,6004.023383981596,4301.0,0,0.0036404426947292596,CONTINUE OPERATION,CONTINUE OPERATION,CONTINUE OPERATION
7919,L,300.8,312.0,1496,40.0,175,11.199999999999989,6266.430146360441,7000.0,0,0.003638926025097612,CONTINUE OPERATION,CONTINUE OPERATION,CONTINUE OPERATION
8759,M,297.5,308.7,1352,53.0,171,11.199999999999989,7503.798772854341,9063.0,0,0.0036410672391845845,CONTINUE OPERATION,CONTINUE OPERATION,CONTINUE OPERATION
3224,M,300.6,309.5,1557,33.8,84,8.899999999999977,5511.044664780286,2839.2,0,0.003656700143984633,CONTINUE OPERATION,CONTINUE OPERATION,CONTINUE OPERATION
9656,L,299.0,310.1,1623,33.0,210,11.100000000000023,5608.685364453857,6930.0,0,0.013945286948716776,CONTINUE OPERATION,PERFORM MAINTENANCE,CONTINUE OPERATION
6173,L,300.8,310.7,1633,27.8,0,9.899999999999977,4754.004611069243,0.0,0,0.0036436362829872517,CONTINUE OPERATION,CONTINUE OPERATION,CONTINUE OPERATION
7000,M,300.6,310.6,1463,45.5,196,10.0,6970.827579172834,8918.0,0,0.003697610582113099,CONTINUE OPERATION,CONTINUE OPERATION,CONTINUE OPERATION
773,L,296.8,308.0,1510,39.4,29,11.199999999999989,6230.197111089037,1142.6,0,0.003638926025097612,CONTINUE OPERATION,CONTINUE OPERATION,CONTINUE OPERATION
2314,L,299.2,308.9,1368,47.2,175,9.699999999999989,6761.712700174383,8260.0,0,0.003893128435013432,CONTINUE OPERATION,CONTINUE OPERATION,CONTINUE OPERATION
8556,L,298.2,309.0,1489,40.6,89,10.800000000000011,6330.6652441508395,3613.4,0,0.003638926025097612,CONTINUE OPERATION,CONTINUE OPERATION,CONTINUE OPERATION
3150,L,300.4,309.8,1513,32.9,117,9.400000000000034,5212.708554419888,3849.2999999999997,0,0.0037617806572025694,CONTINUE OPERATION,CONTINUE OPERATION,CONTINUE OPERATION
8543,M,298.5,309.4,1365,48.7,56,10.899999999999977,6961.298081456944,2727.2000000000003,0,0.0036706123153782723,CONTINUE OPERATION,CONTINUE OPERATION,CONTINUE OPERATION
3309,L,301.3,310.4,1384,50.1,88,9.099999999999966,7261.100268389017,4408.8,0,0.003737172219348275,CONTINUE OPERATION,CONTINUE OPERATION,CONTINUE OPERATION
3252,L,301.1,309.7,1668,30.8,158,8.599999999999966,5379.914587419449,4866.400000000001,0,0.0038468486599917266,CONTINUE OPERATION,CONTINUE OPERATION,CONTINUE OPERATION
4271,L,302.6,310.8,1470,41.2,156,8.199999999999989,6342.247249067074,6427.200000000001,0,0.0039067797120300885,CONTINUE OPERATION,CONTINUE OPERATION,CONTINUE OPERATION
8865,L,297.9,309.0,1290,49.8,43,11.100000000000023,6727.406508397183,2141.4,0,0.00373387637575796,CONTINUE OPERATION,CONTINUE OPERATION,CONTINUE OPERATION
4849,M,303.5,312.0,1475,42.9,85,8.5,6626.404304584271,3646.5,0,0.004753875763468275,CONTINUE OPERATION,CONTINUE OPERATION,CONTINUE OPERATION
9135,H,297.7,308.8,1404,50.3,97,11.100000000000023,7395.4347702565165,4879.099999999999,0,0.003738673593059636,CONTINUE OPERATION,CONTINUE OPERATION,CONTINUE OPERATION
4085,H,302.0,310.5,1841,23.6,119,8.5,4549.82203253693,2808.4,0,0.0036424622941318998,CONTINUE OPERATION,CONTINUE OPERATION,CONTINUE OPERATION
9486,M,298.9,309.6,1472,46.0,199,10.700000000000045,7090.784058662402,9154.0,0,0.003829882820520069,CONTINUE OPERATION,CONTINUE OPERATION,CONTINUE OPERATION
5169,L,304.1,313.3,1470,39.9,70,9.199999999999989,6142.127797033404,2793.0,0,0.00363972720324028,CONTINUE OPERATION,CONTINUE OPERATION,CONTINUE OPERATION
9765,L,298.6,309.6,1472,39.1,14,11.0,6027.166449863042,547.4,0,0.003639864083070806,CONTINUE OPERATION,CONTINUE OPERATION,CONTINUE OPERATION
4106,L,301.9,310.5,1425,51.1,173,8.600000000000023,7625.430768425825,8840.300000000001,0,0.006322492315484188,CONTINUE OPERATION,CONTINUE OPERATION,CONTINUE OPERATION
997,M,296.3,307.2,1446,45.9,180,10.899999999999977,6950.396754948986,8262.0,0,0.0037207035156164884,CONTINUE OPERATION,CONTINUE OPERATION,CONTINUE OPERATION
3596,L,301.7,310.5,1354,50.0,169,8.800000000000011,7089.527421600967,8450.0,0,0.018488729338504928,CONTINUE OPERATION,CONTINUE OPERATION,CONTINUE OPERATION
1238,M,297.1,308.4,1615,32.6,184,11.299999999999955,5513.390387294968,5998.400000000001,0,0.003710140471297408,CONTINUE OPERATION,CONTINUE OPERATION,CONTINUE OPERATION
943,M,295.6,306.2,1477,45.0,40,10.599999999999966,6960.198524028186,1800.0,0,0.004526310273102598,CONTINUE OPERATION,CONTINUE OPERATION,CONTINUE OPERATION
8180,M,299.7,311.2,1616,42.3,180,11.5,7158.307356763558,7613.999999999999,0,0.003979430229319155,CONTINUE OPERATION,CONTINUE OPERATION,CONTINUE OPERATION
4626,L,303.0,311.2,1664,29.8,186,8.199999999999989,5192.759441069594,5542.8,0,0.003793638066950488,CONTINUE OPERATION,CONTINUE OPERATION,CONTINUE OPERATION
1198,H,296.9,307.9,1557,36.5,63,11.0,5951.2760433278245,2299.5,0,0.003742465598622174,CONTINUE OPERATION,CONTINUE OPERATION,CONTINUE OPERATION
3446,H,301.6,310.6,1400,49.5,211,9.0,7257.079029792421,10444.5,0,0.03547288896524811,CONTINUE OPERATION,PERFORM MAINTENANCE,CONTINUE OPERATION
7262,M,300.4,310.6,1545,35.6,16,10.200000000000045,5759.7959710915275,569.6,0,0.0036449305754112198,CONTINUE OPERATION,CONTINUE OPERATION,CONTINUE OPERATION
3830,L,302.3,310.9,1891,22.7,135,8.599999999999966,4495.1687923399795,3064.5,0,0.003690333553377252,CONTINUE OPERATION,CONTINUE OPERATION,CONTINUE OPERATION
8345,H,298.8,309.8,1490,35.9,171,11.0,5601.564421105721,6138.9,0,0.0036956523633410038,CONTINUE OPERATION,CONTINUE OPERATION,CONTINUE OPERATION
5110,M,304.0,313.5,1732,26.2,126,9.5,4752.014935721969,3301.2,0,0.0036622611818286723,CONTINUE OPERATION,CONTINUE OPERATION,CONTINUE OPERATION
5477,L,302.7,312.1,1763,26.5,184,9.400000000000034,4892.454599312945,4876.0,0,0.0036932044553841304,CONTINUE OPERATION,CONTINUE OPERATION,CONTINUE OPERATION
2544,L,299.2,309.0,1951,21.4,102,9.800000000000011,4372.196383902963,2182.7999999999997,0,0.003642496438592583,CONTINUE OPERATION,CONTINUE OPERATION,CONTINUE OPERATION
1402,M,298.9,310.1,1313,56.8,171,11.200000000000045,7809.8317852160335,9712.8,0,0.0037464390412358375,CONTINUE OPERATION,CONTINUE OPERATION,CONTINUE OPERATION
7397,L,299.7,310.6,1737,26.1,144,10.900000000000034,4747.543402178359,3758.4,0,0.003843815868197489,CONTINUE OPERATION,CONTINUE OPERATION,CONTINUE OPERATION
6913,L,300.8,311.2,1481,38.5,181,10.399999999999977,5970.963357290321,6968.5,0,0.003638926025097612,CONTINUE OPERATION,CONTINUE OPERATION,CONTINUE OPERATION
293,H,298.1,308.5,1392,44.8,111,10.399999999999977,6530.491480870174,4972.799999999999,0,0.0037233428125303474,CONTINUE OPERATION,CONTINUE OPERATION,CONTINUE OPERATION
8286,M,298.8,310.5,1678,32.8,4,11.699999999999989,5763.607770177882,131.2,0,0.003645477640388993,CONTINUE OPERATION,CONTINUE OPERATION,CONTINUE OPERATION
5119,L,304.2,313.6,1411,46.0,149,9.400000000000034,6796.940425796637,6854.0,0,0.003809553307381453,CONTINUE OPERATION,CONTINUE OPERATION,CONTINUE OPERATION
7714,L,300.5,311.5,1487,43.0,78,11.0,6695.885862106166,3354.0,0,0.003703305307147723,CONTINUE OPERATION,CONTINUE OPERATION,CONTINUE OPERATION
8290,M,298.9,310.6,1679,35.8,14,11.700000000000045,6294.515984683532,501.19999999999993,0,0.003645477640388993,CONTINUE OPERATION,CONTINUE OPERATION,CONTINUE OPERATION
8513,M,298.2,309.5,1478,36.5,182,11.300000000000011,5649.316629440285,6643.0,0,0.003644851114319044,CONTINUE OPERATION,CONTINUE OPERATION,CONTINUE OPERATION
9816,M,298.5,309.2,1721,29.4,170,10.699999999999989,5298.547337691473,4998.0,0,0.0038083460800126395,CONTINUE OPERATION,CONTINUE OPERATION,CONTINUE OPERATION
3500,H,301.9,311.0,1871,26.0,132,9.100000000000023,5094.197207550968,3432.0,0,0.0037487918281591233,CONTINUE OPERATION,CONTINUE OPERATION,CONTINUE OPERATION
5795,M,301.9,311.4,1465,39.9,153,9.5,6121.236205887032,6104.7,0,0.0036608169210988707,CONTINUE OPERATION,CONTINUE OPERATION,CONTINUE OPERATION
1480,M,298.2,309.3,2056,18.7,144,11.100000000000023,4026.181369036583,2692.7999999999997,0,0.003730944376741862,CONTINUE OPERATION,CONTINUE OPERATION,CONTINUE OPERATION
9001,L,297.0,307.8,1500,39.9,175,10.800000000000011,6267.477343911637,6982.5,0,0.003638926025097612,CONTINUE OPERATION,CONTINUE OPERATION,CONTINUE OPERATION
9212,L,298.0,308.9,1390,53.9,88,10.899999999999977,7845.70877332003,4743.2,0,0.0037166164884225063,CONTINUE OPERATION,CONTINUE OPERATION,CONTINUE OPERATION
2810,L,299.8,309.1,1772,24.8,113,9.300000000000011,4601.97247058652,2802.4,0,0.0037607644007635575,CONTINUE OPERATION,CONTINUE OPERATION,CONTINUE OPERATION
2856,H,300.5,309.3,1471,45.2,223,8.800000000000011,6962.732742102083,10079.6,0,0.01505848895610885,CONTINUE OPERATION,PERFORM MAINTENANCE,CONTINUE OPERATION
1082,H,297.1,307.9,1420,39.8,192,10.799999999999955,5918.341680342691,7641.599999999999,0,0.0039767771010200915,CONTINUE OPERATION,CONTINUE OPERATION,CONTINUE OPERATION
7928,L,300.6,311.7,1497,43.6,198,11.099999999999966,6834.974640856098,8632.800000000001,0,0.0036880611422211336,CONTINUE OPERATION,CONTINUE OPERATION,CONTINUE OPERATION
7680,L,300.7,311.7,1395,43.7,215,11.0,6383.873351727139,9395.5,0,0.015346995817709925,CONTINUE OPERATION,PERFORM MAINTENANCE,CONTINUE OPERATION
8801,L,297.4,308.6,1488,36.4,71,11.200000000000045,5671.9570404971555,2584.4,0,0.003638926025097612,CONTINUE OPERATION,CONTINUE OPERATION,CONTINUE OPERATION
7985,L,301.0,312.2,1540,34.1,113,11.199999999999989,5499.253220353813,3853.3,0,0.0036499932221228373,CONTINUE OPERATION,CONTINUE OPERATION,CONTINUE OPERATION
1946,L,298.2,308.1,1622,34.9,67,9.900000000000034,5927.954953862676,2338.2999999999997,0,0.003638926025097612,CONTINUE OPERATION,CONTINUE OPERATION,CONTINUE OPERATION
9633,H,299.1,310.1,1421,41.2,149,11.0,6130.839007431506,6138.8,0,0.0036678311499992455,CONTINUE OPERATION,CONTINUE OPERATION,CONTINUE OPERATION
6840,L,301.1,311.1,1799,21.7,206,10.0,4088.0812162878137,4470.2,0,0.011707177797880452,CONTINUE OPERATION,PERFORM MAINTENANCE,CONTINUE OPERATION
8105,L,300.4,311.9,1476,48.7,189,11.5,7527.381661707288,9204.300000000001,0,0.003950640394788788,CONTINUE OPERATION,CONTINUE OPERATION,CONTINUE OPERATION
4601,M,303.0,311.1,1372,54.3,117,8.100000000000023,7801.579868512606,6353.099999999999,1,0.9823507233379146,REPAIR AFTER FAILURE,CONTINUE OPERATION,PERFORM MAINTENANCE
3592,H,301.6,310.4,1369,45.4,156,8.799999999999955,6508.605052050166,7082.4,0,0.008539345748761588,CONTINUE OPERATION,CONTINUE OPERATION,CONTINUE OPERATION
873,L,295.9,306.4,1892,21.7,72,10.5,4299.4161540948,1562.3999999999999,0,0.003723348512551475,CONTINUE OPERATION,CONTINUE OPERATION,CONTINUE OPERATION
3909,H,302.3,311.3,1744,30.3,116,9.0,5533.726963739205,3514.8,0,0.0037254302886811667,CONTINUE OPERATION,CONTINUE OPERATION,CONTINUE OPERATION
7305,M,300.0,310.5,1790,25.7,123,10.5,4817.422894769708,3161.1,0,0.003683742501069885,CONTINUE OPERATION,CONTINUE OPERATION,CONTINUE OPERATION
166,H,298.4,308.2,1612,32.6,10,9.800000000000011,5503.148795244264,326.0,0,0.003638926025097612,CONTINUE OPERATION,CONTINUE OPERATION,CONTINUE OPERATION
1731,M,298.3,307.9,1485,42.0,117,9.599999999999966,6531.37112681318,4914.0,0,0.0036401305849835795,CONTINUE OPERATION,CONTINUE OPERATION,CONTINUE OPERATION
1150,L,297.1,307.9,1456,50.0,166,10.799999999999955,7623.598172711232,8300.0,0,0.003691271469563581,CONTINUE OPERATION,CONTINUE OPERATION,CONTINUE OPERATION
5083,L,304.1,313.1,1327,54.1,57,9.0,7517.904523868959,3083.7000000000003,0,0.004272662619952882,CONTINUE OPERATION,CONTINUE OPERATION,CONTINUE OPERATION
1889,H,297.7,307.4,1432,40.2,132,9.699999999999989,6028.339311120382,5306.400000000001,0,0.0036716432138912485,CONTINUE OPERATION,CONTINUE OPERATION,CONTINUE OPERATION
8583,L,297.4,308.0,1423,38.0,154,10.600000000000023,5662.616038340482,5852.0,0,0.003692732092990549,CONTINUE OPERATION,CONTINUE OPERATION,CONTINUE OPERATION
8307,M,298.7,310.1,1402,69.7,64,11.400000000000034,10233.151638440082,4460.8,1,0.936471008460216,REPAIR AFTER FAILURE,CONTINUE OPERATION,PERFORM MAINTENANCE
7424,M,300.1,311.4,1575,29.8,210,11.299999999999955,4915.021706541232,6258.0,0,0.12834630486901616,CONTINUE OPERATION,PERFORM MAINTENANCE,PERFORM MAINTENANCE
6838,L,301.1,311.1,1570,41.6,202,10.0,6839.45664637522,8403.2,0,0.004118502996788264,CONTINUE OPERATION,PERFORM MAINTENANCE,CONTINUE OPERATION
2029,L,298.7,308.5,1668,35.2,77,9.800000000000011,6148.473814193656,2710.4,0,0.0036612248707719197,CONTINUE OPERATION,CONTINUE OPERATION,CONTINUE OPERATION
377,M,297.4,308.2,1424,53.9,120,10.800000000000011,8037.618196552319,6468.0,0,0.0037589884669132524,CONTINUE OPERATION,CONTINUE OPERATION,CONTINUE OPERATION
7366,H,299.6,310.1,1531,36.8,62,10.5,5899.994779245727,2281.6,0,0.0036522107070287926,CONTINUE OPERATION,CONTINUE OPERATION,CONTINUE OPERATION
1821,L,298.1,307.6,1354,43.3,155,9.5,6139.530747106437,6711.5,0,0.003948086167318578,CONTINUE OPERATION,CONTINUE OPERATION,CONTINUE OPERATION
5433,L,302.9,312.5,1550,45.5,72,9.600000000000023,7385.360729814006,3276.0,0,0.0037653092338026635,CONTINUE OPERATION,CONTINUE OPERATION,CONTINUE OPERATION
3128,M,300.1,309.5,1462,42.8,50,9.399999999999977,6552.692068955543,2140.0,0,0.003639864083070806,CONTINUE OPERATION,CONTINUE OPERATION,CONTINUE OPERATION
8983,M,297.0,307.7,1261,51.1,130,10.699999999999989,6747.8373326210285,6643.0,0,0.00383994516144257,CONTINUE OPERATION,CONTINUE OPERATION,CONTINUE OPERATION
8537,L,298.6,309.5,1730,30.2,41,10.899999999999977,5471.188325981744,1238.2,0,0.0036978366122395524,CONTINUE OPERATION,CONTINUE OPERATION,CONTINUE OPERATION
5640,L,302.6,312.1,1420,51.6,182,9.5,7673.02589712771,9391.2,0,0.004396165906926848,CONTINUE OPERATION,CONTINUE OPERATION,CONTINUE OPERATION
7630,L,300.5,311.6,1534,37.7,90,11.100000000000023,6056.13193412914,3393.0000000000005,0,0.003667886232279302,CONTINUE OPERATION,CONTINUE OPERATION,CONTINUE OPERATION
9857,M,298.6,309.5,1366,55.0,65,10.899999999999977,7867.595202140039,3575.0,0,0.0036685250687283344,CONTINUE OPERATION,CONTINUE OPERATION,CONTINUE OPERATION
3794,M,302.2,310.8,1356,48.3,36,8.600000000000023,6858.599417611092,1738.8,0,0.9781915481477206,CONTINUE OPERATION,CONTINUE OPERATION,PERFORM MAINTENANCE
5505,L,302.8,312.2,1746,27.4,44,9.399999999999977,5009.834972826571,1205.6,0,0.003652438653952215,CONTINUE OPERATION,CONTINUE OPERATION,CONTINUE OPERATION
1867,L,298.1,307.9,1502,41.8,79,9.799999999999955,6574.68321753067,3302.2,0,0.003638926025097612,CONTINUE OPERATION,CONTINUE OPERATION,CONTINUE OPERATION
9475,L,298.8,309.6,1523,41.9,165,10.800000000000011,6682.555037279432,6913.5,0,0.0036418305662161837,CONTINUE OPERATION,CONTINUE OPERATION,CONTINUE OPERATION
5837,M,301.3,311.1,1834,25.4,22,9.800000000000011,4878.223184592182,558.8,0,0.0036436362829872517,CONTINUE OPERATION,CONTINUE OPERATION,CONTINUE OPERATION
5286,L,303.8,313.1,1422,42.4,152,9.300000000000011,6313.847251478622,6444.8,0,0.0036718869518319723,CONTINUE OPERATION,CONTINUE OPERATION,CONTINUE OPERATION
4488,M,302.5,310.4,1509,37.6,45,7.899999999999977,5941.631353881304,1692.0,0,0.003638926025097612,CONTINUE OPERATION,CONTINUE OPERATION,CONTINUE OPERATION
9386,M,297.5,308.0,2033,16.7,128,10.5,3555.3508780430807,2137.6,0,0.004008286511970763,CONTINUE OPERATION,CONTINUE OPERATION,CONTINUE OPERATION
3513,M,301.9,311.1,1417,52.5,171,9.200000000000045,7790.36438273929,8977.5,0,0.005052017943935482,CONTINUE OPERATION,CONTINUE OPERATION,CONTINUE OPERATION
1791,L,298.1,307.8,1524,40.8,71,9.699999999999989,6511.390597536348,2896.7999999999997,0,0.003656019427789882,CONTINUE OPERATION,CONTINUE OPERATION,CONTINUE OPERATION
55,L,298.8,309.1,1512,40.7,156,10.300000000000011,6444.286178455672,6349.200000000001,0,0.003642097068128957,CONTINUE OPERATION,CONTINUE OPERATION,CONTINUE OPERATION
8025,M,300.8,312.0,1422,50.7,219,11.199999999999989,7549.812633253919,11103.300000000001,0,0.1969892870372695,CONTINUE OPERATION,PERFORM MAINTENANCE,PERFORM MAINTENANCE
9636,L,299.2,310.3,1507,41.3,158,11.100000000000023,6517.663310868017,6525.4,0,0.0036418305662161837,CONTINUE OPERATION,CONTINUE OPERATION,CONTINUE OPERATION
7677,L,300.6,311.7,1428,52.6,208,11.099999999999966,7865.79402235198,10940.800000000001,0,0.22960428479383785,CONTINUE OPERATION,PERFORM MAINTENANCE,PERFORM MAINTENANCE
1990,L,298.2,307.8,1423,48.1,183,9.600000000000023,7167.679774846769,8802.300000000001,0,0.0036542091901684793,CONTINUE OPERATION,CONTINUE OPERATION,CONTINUE OPERATION
5972,L,300.5,310.8,1445,46.6,155,10.300000000000011,7051.51415049253,7223.0,0,0.00377500245347081,CONTINUE OPERATION,CONTINUE OPERATION,CONTINUE OPERATION
4765,L,303.7,312.0,1892,22.5,79,8.300000000000011,4457.919975443917,1777.5,0,0.004605899389331316,CONTINUE OPERATION,CONTINUE OPERATION,CONTINUE OPERATION
3886,L,302.4,311.3,1392,50.5,51,8.900000000000034,7361.379905891603,2575.5,0,0.003844508372198603,CONTINUE OPERATION,CONTINUE OPERATION,CONTINUE OPERATION
7421,M,300.1,311.4,1342,48.5,203,11.299999999999955,6815.894701473296,9845.5,0,0.00812826405532569,CONTINUE OPERATION,PERFORM MAINTENANCE,CONTINUE OPERATION
9320,L,298.4,309.3,1409,43.1,166,10.900000000000034,6359.410816931187,7154.6,0,0.003643035126102151,CONTINUE OPERATION,CONTINUE OPERATION,CONTINUE OPERATION
4650,L,303.3,311.4,1658,30.5,7,8.099999999999966,5295.5732966460755,213.5,0,0.0036960074805539042,CONTINUE OPERATION,CONTINUE OPERATION,CONTINUE OPERATION
591,H,297.5,309.3,1525,41.7,235,11.800000000000011,6659.3910274469645,9799.5,0,0.006243864044934277,CONTINUE OPERATION,PERFORM MAINTENANCE,CONTINUE OPERATION
6497,L,300.8,309.9,1312,65.3,192,9.099999999999966,8971.718412219681,12537.599999999999,1,0.9931375611834387,REPAIR AFTER FAILURE,CONTINUE OPERATION,PERFORM MAINTENANCE
8035,L,300.7,311.7,1910,19.7,13,11.0,3940.290225887438,256.09999999999997,0,0.003722220659007093,CONTINUE OPERATION,CONTINUE OPERATION,CONTINUE OPERATION
2094,L,299.4,309.3,1377,43.6,28,9.900000000000034,6287.080882070038,1220.8,0,0.0038452848849423946,CONTINUE OPERATION,CONTINUE OPERATION,CONTINUE OPERATION
4720,M,303.4,311.7,1353,44.1,192,8.300000000000011,6248.345044651275,8467.2,1,0.5713853437794867,REPAIR AFTER FAILURE,CONTINUE OPERATION,PERFORM MAINTENANCE
7574,L,300.4,311.1,1487,37.4,162,10.700000000000045,5823.863517273735,6058.8,0,0.003658370914174998,CONTINUE OPERATION,CONTINUE OPERATION,CONTINUE OPERATION
6848,M,301.1,311.3,1389,53.3,8,10.199999999999989,7752.790934602354,426.4,0,0.004106652909805143,CONTINUE OPERATION,CONTINUE OPERATION,CONTINUE OPERATION
9023,L,297.4,308.3,1706,30.9,9,10.900000000000034,5520.343779034912,278.09999999999997,0,0.003638926025097612,CONTINUE OPERATION,CONTINUE OPERATION,CONTINUE OPERATION
5874,M,301.5,311.1,1660,33.8,115,9.600000000000023,5875.6160202538695,3886.9999999999995,0,0.0036536110876692245,CONTINUE OPERATION,CONTINUE OPERATION,CONTINUE OPERATION
1210,L,297.0,308.1,1537,39.0,103,11.100000000000023,6277.216281137767,4017.0,0,0.0036404426947292596,CONTINUE OPERATION,CONTINUE OPERATION,CONTINUE OPERATION
9547,L,299.6,311.1,1679,30.7,129,11.5,5397.811193569398,3960.2999999999997,0,0.003689141993391208,CONTINUE OPERATION,CONTINUE OPERATION,CONTINUE OPERATION
5856,H,301.2,310.9,1598,35.9,71,9.699999999999989,6007.583855655665,2548.9,0,0.0036439861539669257,CONTINUE OPERATION,CONTINUE OPERATION,CONTINUE OPERATION
754,M,296.9,308.1,1483,44.3,219,11.200000000000045,6879.763280120775,9701.699999999999,0,0.004649939737396668,CONTINUE OPERATION,PERFORM MAINTENANCE,CONTINUE OPERATION
4960,L,303.9,312.7,1339,62.3,156,8.800000000000011,8735.690556155483,9718.8,0,0.042460282295436594,CONTINUE OPERATION,CONTINUE OPERATION,CONTINUE OPERATION
9069,M,297.2,308.2,1678,28.1,133,11.0,4937.724949451173,3737.3,0,0.003640100013952964,CONTINUE OPERATION,CONTINUE OPERATION,CONTINUE OPERATION
9354,M,298.2,308.8,1607,31.9,39,10.600000000000023,5368.2802226256545,1244.1,0,0.0036918254572530763,CONTINUE OPERATION,CONTINUE OPERATION,CONTINUE OPERATION
1247,L,297.2,308.5,1513,42.9,212,11.300000000000011,6797.11844938034,9094.8,0,0.008750292221448516,CONTINUE OPERATION,PERFORM MAINTENANCE,CONTINUE OPERATION
732,L,297.2,308.6,1924,22.1,163,11.400000000000034,4452.725875589982,3602.3,0,0.0037626993146592513,CONTINUE OPERATION,CONTINUE OPERATION,CONTINUE OPERATION
5367,M,303.1,312.5,1766,26.7,157,9.399999999999977,4937.7668373532215,4191.9,0,0.0037555303359848293,CONTINUE OPERATION,CONTINUE OPERATION,CONTINUE OPERATION
8708,M,297.2,308.5,1364,54.0,43,11.300000000000011,7713.238283093659,2322.0,0,0.004347673543510594,CONTINUE OPERATION,CONTINUE OPERATION,CONTINUE OPERATION
2105,L,299.3,309.1,1495,44.0,55,9.800000000000011,6888.46549177122,2420.0,0,0.003638926025097612,CONTINUE OPERATION,CONTINUE OPERATION,CONTINUE OPERATION
8536,M,298.6,309.5,1426,45.4,38,10.899999999999977,6779.598834348821,1725.2,0,0.004332494869344871,CONTINUE OPERATION,CONTINUE OPERATION,CONTINUE OPERATION
8169,M,299.8,311.2,1745,26.3,150,11.399999999999977,4805.956081584106,3945.0,0,0.003778370588434761,CONTINUE OPERATION,CONTINUE OPERATION,CONTINUE OPERATION
8298,H,298.7,310.1,1435,45.6,37,11.400000000000034,6852.4418960100575,1687.2,0,0.018299758123636288,CONTINUE OPERATION,CONTINUE OPERATION,CONTINUE OPERATION
2401,M,299.2,308.6,1367,47.6,168,9.400000000000034,6814.030689832166,7996.8,0,0.0038675403462496197,CONTINUE OPERATION,CONTINUE OPERATION,CONTINUE OPERATION
5996,M,300.5,310.2,1386,48.2,225,9.699999999999989,6995.824184719895,10845.0,0,0.038124454825522555,CONTINUE OPERATION,PERFORM MAINTENANCE,CONTINUE OPERATION
9071,L,297.0,308.1,1429,54.0,138,11.100000000000023,8080.804623563667,7452.0,0,0.0038233065190106637,CONTINUE OPERATION,CONTINUE OPERATION,CONTINUE OPERATION
4288,M,301.7,310.0,1391,50.6,195,8.300000000000011,7370.658076195206,9867.0,0,0.011198393311584951,CONTINUE OPERATION,CONTINUE OPERATION,CONTINUE OPERATION
1754,M,298.0,307.4,1463,46.5,182,9.399999999999977,7124.032580912895,8463.0,0,0.003956730018747278,CONTINUE OPERATION,CONTINUE OPERATION,CONTINUE OPERATION
1361,M,298.6,310.1,1458,41.9,61,11.5,6397.350784211038,2555.9,0,0.0036663166888374716,CONTINUE OPERATION,CONTINUE OPERATION,CONTINUE OPERATION
4026,M,302.1,311.0,1574,34.1,215,8.899999999999977,5620.665304439547,7331.5,0,0.07069361858858135,CONTINUE OPERATION,PERFORM MAINTENANCE,CONTINUE OPERATION
7441,M,299.9,311.4,1337,54.8,32,11.5,7672.565130205183,1753.6,0,0.00389509929122324,CONTINUE OPERATION,CONTINUE OPERATION,CONTINUE OPERATION
120,L,298.9,308.7,1433,44.7,108,9.800000000000011,6707.834386165318,4827.6,0,0.0036409796989197553,CONTINUE OPERATION,CONTINUE OPERATION,CONTINUE OPERATION
8787,M,297.5,308.5,1699,30.1,40,11.0,5355.3578048438885,1204.0,0,0.003664912822841278,CONTINUE OPERATION,CONTINUE OPERATION,CONTINUE OPERATION
5553,L,302.5,311.9,1306,59.7,172,9.399999999999977,8164.8108111206575,10268.4,0,0.018323789145745638,CONTINUE OPERATION,CONTINUE OPERATION,CONTINUE OPERATION
518,L,297.6,309.5,1924,20.6,37,11.899999999999977,4150.504662314644,762.2,0,0.003690934279887146,CONTINUE OPERATION,CONTINUE OPERATION,CONTINUE OPERATION
2838,L,300.3,309.3,1478,39.5,180,9.0,6113.644023640857,7110.0,0,0.0036822550301933037,CONTINUE OPERATION,CONTINUE OPERATION,CONTINUE OPERATION
5019,M,304.0,313.1,1466,39.5,83,9.100000000000023,6064.006859714138,3278.5,0,0.00363972720324028,CONTINUE OPERATION,CONTINUE OPERATION,CONTINUE OPERATION
9130,L,297.6,308.6,1576,32.7,83,11.0,5396.7535240426905,2714.1000000000004,0,0.003638926025097612,CONTINUE OPERATION,CONTINUE OPERATION,CONTINUE OPERATION
2809,L,299.9,309.2,1598,34.6,111,9.300000000000011,5790.039036370084,3840.6000000000004,0,0.0036433883980848576,CONTINUE OPERATION,CONTINUE OPERATION,CONTINUE OPERATION
7220,L,299.8,309.7,1429,42.6,127,9.899999999999977,6374.856980811337,5410.2,0,0.003640714264850687,CONTINUE OPERATION,CONTINUE OPERATION,CONTINUE OPERATION
1710,L,298.2,307.8,1530,35.9,68,9.600000000000023,5751.941989457552,2441.2,0,0.0036515914882665848,CONTINUE OPERATION,CONTINUE OPERATION,CONTINUE OPERATION
5637,M,302.5,312.0,1487,46.1,175,9.5,7178.612517281262,8067.5,0,0.003737436890907269,CONTINUE OPERATION,CONTINUE OPERATION,CONTINUE OPERATION
4628,M,303.0,311.1,1597,36.7,191,8.100000000000023,6137.614375587747,7009.700000000001,0,0.003794768367398397,CONTINUE OPERATION,CONTINUE OPERATION,CONTINUE OPERATION
6295,H,301.1,310.6,1782,24.9,93,9.5,4646.604030218519,2315.7,0,0.00366579745086296,CONTINUE OPERATION,CONTINUE OPERATION,CONTINUE OPERATION
6058,M,300.9,310.9,1636,35.3,153,10.0,6047.649633964447,5400.9,0,0.003651190939433924,CONTINUE OPERATION,CONTINUE OPERATION,CONTINUE OPERATION
823,M,296.6,307.5,1482,39.9,153,10.899999999999977,6192.267615784698,6104.7,0,0.003638926025097612,CONTINUE OPERATION,CONTINUE OPERATION,CONTINUE OPERATION
4618,M,303.0,311.3,1335,53.6,164,8.300000000000011,7493.326797342375,8790.4,1,0.9792715345962686,REPAIR AFTER FAILURE,CONTINUE OPERATION,PERFORM MAINTENANCE
2192,L,299.6,309.0,1472,48.8,72,9.399999999999977,7522.397001363591,3513.6,0,0.0036436704844917617,CONTINUE OPERATION,CONTINUE OPERATION,CONTINUE OPERATION
3575,L,301.7,310.5,1567,39.1,114,8.800000000000011,6416.147980255018,4457.400000000001,0,0.003792727740784143,CONTINUE OPERATION,CONTINUE OPERATION,CONTINUE OPERATION
1052,L,296.7,307.7,1927,23.9,112,11.0,4822.899737962466,2676.7999999999997,0,0.003822131233974383,CONTINUE OPERATION,CONTINUE OPERATION,CONTINUE OPERATION
6112,L,300.7,310.8,1925,22.0,74,10.100000000000023,4434.881629317591,1628.0,0,0.003676727056326256,CONTINUE OPERATION,CONTINUE OPERATION,CONTINUE OPERATION
8419,L,299.0,310.3,1431,39.9,157,11.300000000000011,5979.173386091702,6264.3,0,0.003673341479590717,CONTINUE OPERATION,CONTINUE OPERATION,CONTINUE OPERATION
133,M,298.7,308.4,1430,49.6,135,9.699999999999989,7427.5627911272295,6696.0,0,0.0036670163891023367,CONTINUE OPERATION,CONTINUE OPERATION,CONTINUE OPERATION
8649,L,297.4,308.4,1328,61.8,98,11.0,8594.392190572526,6056.4,0,0.009152813992003534,CONTINUE OPERATION,CONTINUE OPERATION,CONTINUE OPERATION
4367,H,302.0,309.9,1447,42.8,185,7.899999999999977,6485.461986168721,7917.999999999999,0,0.00475482848318319,CONTINUE OPERATION,CONTINUE OPERATION,CONTINUE OPERATION
8162,L,299.6,311.0,1574,35.0,133,11.399999999999977,5769.011309542057,4655.0,0,0.003662621844923955,CONTINUE OPERATION,CONTINUE OPERATION,CONTINUE OPERATION
6583,M,301.5,310.5,1503,38.2,200,9.0,6012.4428522932185,7640.000000000001,0,0.004680018617963725,CONTINUE OPERATION,PERFORM MAINTENANCE,CONTINUE OPERATION
97,M,298.9,308.9,1750,29.9,50,10.0,5479.4611866361965,1495.0,0,0.003667081235538821,CONTINUE OPERATION,CONTINUE OPERATION,CONTINUE OPERATION
7133,M,300.5,309.9,1552,41.3,116,9.399999999999977,6712.284975757902,4790.799999999999,0,0.0036831973386646545,CONTINUE OPERATION,CONTINUE OPERATION,CONTINUE OPERATION
9075,L,297.3,308.1,1506,36.0,150,10.800000000000011,5677.486243567475,5400.0,0,0.003638926025097612,CONTINUE OPERATION,CONTINUE OPERATION,CONTINUE OPERATION
6022,L,300.7,310.9,1521,39.4,61,10.199999999999989,6275.582652957898,2403.4,0,0.003638926025097612,CONTINUE OPERATION,CONTINUE OPERATION,CONTINUE OPERATION
9411,L,298.0,308.5,1404,46.6,201,10.5,6851.436586360908,9366.6,0,0.004300364205200499,CONTINUE OPERATION,PERFORM MAINTENANCE,CONTINUE OPERATION
1272,H,298.0,309.4,1562,38.1,58,11.399999999999977,6232.103010632217,2209.8,0,0.0036404426947292596,CONTINUE OPERATION,CONTINUE OPERATION,CONTINUE OPERATION
6891,L,300.9,311.5,1505,41.1,129,10.600000000000023,6477.492812804115,5301.900000000001,0,0.003638926025097612,CONTINUE OPERATION,CONTINUE OPERATION,CONTINUE OPERATION
6816,L,300.9,310.7,1477,43.2,143,9.800000000000011,6681.790583067059,6177.6,0,0.0036470218291321612,CONTINUE OPERATION,CONTINUE OPERATION,CONTINUE OPERATION
4950,M,303.8,312.7,1919,20.2,131,8.899999999999977,4059.3356435074675,2646.2,0,0.0036412898604148898,CONTINUE OPERATION,CONTINUE OPERATION,CONTINUE OPERATION
7086,L,300.6,310.4,2514,13.4,215,9.799999999999955,3527.7572225690506,2881.0,0,0.19010382925051017,CONTINUE OPERATION,PERFORM MAINTENANCE,PERFORM MAINTENANCE
1968,L,298.0,307.6,1281,50.8,122,9.600000000000023,6814.617120460835,6197.599999999999,0,0.0036956650687096785,CONTINUE OPERATION,CONTINUE OPERATION,CONTINUE OPERATION
7087,L,300.6,310.3,1648,30.5,217,9.699999999999989,5263.633771334578,6618.5,1,0.045302049626476805,REPAIR AFTER FAILURE,PERFORM MAINTENANCE,CONTINUE OPERATION
6232,L,301.3,311.0,1576,30.4,151,9.699999999999989,5017.165355684947,4590.4,0,0.003805885203301668,CONTINUE OPERATION,CONTINUE OPERATION,CONTINUE OPERATION
9751,L,298.6,309.9,1615,28.8,199,11.299999999999955,4870.725250125615,5731.2,0,0.004366619966346272,CONTINUE OPERATION,CONTINUE OPERATION,CONTINUE OPERATION
1262,H,297.8,309.2,1648,33.0,29,11.399999999999977,5695.079162427576,957.0,0,0.0037186702062634745,CONTINUE OPERATION,CONTINUE OPERATION,CONTINUE OPERATION
8469,M,298.6,309.7,1280,64.1,71,11.099999999999966,8592.046468057844,4551.099999999999,0,0.008905530166568029,CONTINUE OPERATION,CONTINUE OPERATION,CONTINUE OPERATION
9300,L,298.1,308.9,1367,41.9,113,10.799999999999955,5998.064829915288,4734.7,0,0.003667489625219239,CONTINUE OPERATION,CONTINUE OPERATION,CONTINUE OPERATION
844,L,296.5,307.5,1566,35.1,206,11.0,5756.088891760291,7230.6,0,0.04042046888866155,CONTINUE OPERATION,PERFORM MAINTENANCE,CONTINUE OPERATION
3733,L,302.2,311.1,1470,39.6,97,8.900000000000034,6095.946385025634,3841.2000000000003,0,0.003653448117923344,CONTINUE OPERATION,CONTINUE OPERATION,CONTINUE OPERATION
747,L,296.8,308.1,1356,48.3,201,11.300000000000011,6858.599417611092,9708.3,0,0.005484871623886372,CONTINUE OPERATION,PERFORM MAINTENANCE,CONTINUE OPERATION
3302,L,301.3,310.5,1503,48.6,72,9.199999999999989,7649.338288519643,3499.2000000000003,0,0.004043516942807169,CONTINUE OPERATION,CONTINUE OPERATION,CONTINUE OPERATION
5485,L,302.6,312.1,1344,51.0,206,9.5,7177.910894921959,10506.0,0,0.013413743240399506,CONTINUE OPERATION,PERFORM MAINTENANCE,CONTINUE OPERATION
9137,L,297.7,308.7,1731,28.4,104,11.0,5148.065049584521,2953.6,0,0.003640115871559538,CONTINUE OPERATION,CONTINUE OPERATION,CONTINUE OPERATION
3091,L,300.0,309.3,1558,29.7,168,9.300000000000011,4845.655340749969,4989.599999999999,0,0.005834950541439485,CONTINUE OPERATION,CONTINUE OPERATION,CONTINUE OPERATION
1475,M,298.4,309.5,1519,35.4,133,11.100000000000023,5631.053504147417,4708.2,0,0.003641068642956774,CONTINUE OPERATION,CONTINUE OPERATION,CONTINUE OPERATION
6780,L,301.3,310.8,1560,38.5,52,9.5,6289.468492486765,2002.0,0,0.0036675747368033022,CONTINUE OPERATION,CONTINUE OPERATION,CONTINUE OPERATION
1425,L,298.6,309.7,1356,54.0,6,11.099999999999966,7667.9993488819655,324.0,0,0.003949585548686,CONTINUE OPERATION,CONTINUE OPERATION,CONTINUE OPERATION
8967,L,297.1,307.8,1536,40.4,92,10.699999999999989,6498.321572097415,3716.7999999999997,0,0.0036404426947292596,CONTINUE OPERATION,CONTINUE OPERATION,CONTINUE OPERATION
5124,M,304.2,313.5,1557,37.3,164,9.300000000000011,6081.714970304873,6117.2,0,0.0036412438728719277,CONTINUE OPERATION,CONTINUE OPERATION,CONTINUE OPERATION
1091,L,297.0,307.7,1447,46.4,8,10.699999999999989,7030.968134538052,371.2,0,0.0036803673553502405,CONTINUE OPERATION,CONTINUE OPERATION,CONTINUE OPERATION
9272,L,298.2,308.6,1353,54.1,38,10.400000000000034,7665.203331420272,2055.8,0,0.0036694249795701612,CONTINUE OPERATION,CONTINUE OPERATION,CONTINUE OPERATION
4035,L,302.0,310.8,1454,36.6,0,8.800000000000011,5572.808376349863,0.0,0,0.003684263110801802,CONTINUE OPERATION,CONTINUE OPERATION,CONTINUE OPERATION
4327,H,301.7,310.1,1660,29.3,72,8.400000000000034,5093.3594495100115,2109.6,0,0.003797982081477886,CONTINUE OPERATION,CONTINUE OPERATION,CONTINUE OPERATION
92,M,298.9,308.9,1727,27.1,37,10.0,4901.062563183781,1002.7,0,0.003640100013952964,CONTINUE OPERATION,CONTINUE OPERATION,CONTINUE OPERATION
7651,M,300.4,311.5,1476,32.6,144,11.100000000000023,5038.863288945741,4694.400000000001,0,0.004182552109302117,CONTINUE OPERATION,CONTINUE OPERATION,CONTINUE OPERATION
8804,M,297.5,308.6,1255,60.7,77,11.100000000000023,7977.393865383002,4673.900000000001,0,0.0040965826083133915,CONTINUE OPERATION,CONTINUE OPERATION,CONTINUE OPERATION
3055,L,300.1,309.2,1427,37.6,73,9.099999999999966,5618.759404896369,2744.8,0,0.0036947942494654556,CONTINUE OPERATION,CONTINUE OPERATION,CONTINUE OPERATION
3376,M,301.5,310.8,1385,47.5,30,9.300000000000011,6889.250889934618,1425.0,0,0.003983017716822298,CONTINUE OPERATION,CONTINUE OPERATION,CONTINUE OPERATION
6686,L,301.7,311.0,1715,24.8,17,9.300000000000011,4453.94062474937,421.6,0,0.0036866817380182084,CONTINUE OPERATION,CONTINUE OPERATION,CONTINUE OPERATION
2887,M,300.5,309.5,1691,27.6,67,9.0,4887.438523042714,1849.2,0,0.0037911367979046964,CONTINUE OPERATION,CONTINUE OPERATION,CONTINUE OPERATION
2941,M,300.7,309.6,1996,19.8,203,8.900000000000034,4138.6084981330505,4019.4,1,0.006206925843237398,REPAIR AFTER FAILURE,PERFORM MAINTENANCE,CONTINUE OPERATION
4630,L,302.9,311.2,1751,23.8,196,8.300000000000011,4364.070130905678,4664.8,0,0.003754747389615241,CONTINUE OPERATION,CONTINUE OPERATION,CONTINUE OPERATION
8440,L,298.6,309.8,1370,56.0,0,11.199999999999989,8034.099612780297,0.0,0,0.004284706269005992,CONTINUE OPERATION,CONTINUE OPERATION,CONTINUE OPERATION
61,M,298.8,309.0,1592,38.2,169,10.199999999999989,6368.469075749038,6455.8,0,0.00366877929668927,CONTINUE OPERATION,CONTINUE OPERATION,CONTINUE OPERATION
1758,L,298.1,307.4,1608,33.9,193,9.299999999999955,5708.3995152787975,6542.7,0,0.004183924287862467,CONTINUE OPERATION,CONTINUE OPERATION,CONTINUE OPERATION
9015,L,297.2,308.1,1431,49.7,210,10.900000000000034,7447.742287938788,10437.0,1,0.010871703835641169,REPAIR AFTER FAILURE,PERFORM MAINTENANCE,CONTINUE OPERATION
2852,M,300.5,309.4,1347,50.1,213,8.899999999999977,7066.981258323704,10671.300000000001,0,0.007986491633589539,CONTINUE OPERATION,PERFORM MAINTENANCE,CONTINUE OPERATION
6302,L,301.2,310.6,1437,51.2,112,9.400000000000034,7704.693151075897,5734.400000000001,0,0.0037952083289332014,CONTINUE OPERATION,CONTINUE OPERATION,CONTINUE OPERATION
1187,M,297.4,308.6,1522,38.0,33,11.200000000000045,6056.571757100643,1254.0,0,0.003638926025097612,CONTINUE OPERATION,CONTINUE OPERATION,CONTINUE OPERATION
6915,L,301.0,311.4,1484,36.2,188,10.399999999999977,5625.629020832219,6805.6,0,0.003677177737177589,CONTINUE OPERATION,CONTINUE OPERATION,CONTINUE OPERATION
4679,L,303.6,311.8,1695,30.7,90,8.199999999999989,5449.249537284175,2763.0,0,0.004146201273220939,CONTINUE OPERATION,CONTINUE OPERATION,CONTINUE OPERATION
204,L,298.4,308.5,1741,32.8,112,10.100000000000023,5980.000672157147,3673.5999999999995,0,0.0036413224497372303,CONTINUE OPERATION,CONTINUE OPERATION,CONTINUE OPERATION
3593,M,301.6,310.4,1377,44.9,161,8.799999999999955,6474.53971570974,7228.9,0,0.007590032548330275,CONTINUE OPERATION,CONTINUE OPERATION,CONTINUE OPERATION
2172,L,299.5,309.2,1816,23.0,15,9.699999999999989,4373.93473183795,345.0,0,0.0036470370619362397,CONTINUE OPERATION,CONTINUE OPERATION,CONTINUE OPERATION
3519,M,301.9,310.9,1569,32.5,188,9.0,5339.922112939251,6110.0,0,0.0037231828727174654,CONTINUE OPERATION,CONTINUE OPERATION,CONTINUE OPERATION
2176,M,299.6,309.3,1387,48.3,25,9.699999999999989,7015.396306951758,1207.5,0,0.003806346335439528,CONTINUE OPERATION,CONTINUE OPERATION,CONTINUE OPERATION
3955,L,302.3,311.5,1448,49.6,28,9.199999999999989,7521.056588498061,1388.8,0,0.003747442046441718,CONTINUE OPERATION,CONTINUE OPERATION,CONTINUE OPERATION
4735,L,303.2,311.5,1544,42.5,227,8.300000000000011,6871.710330952074,9647.5,0,0.020436397836277653,CONTINUE OPERATION,PERFORM MAINTENANCE,CONTINUE OPERATION
9538,L,299.3,310.6,1480,45.1,107,11.300000000000011,6989.8342147270505,4825.7,0,0.003670418097661406,CONTINUE OPERATION,CONTINUE OPERATION,CONTINUE OPERATION
6014,H,300.8,310.8,1618,32.8,40,10.0,5557.519292102391,1312.0,0,0.0036881540885779036,CONTINUE OPERATION,CONTINUE OPERATION,CONTINUE OPERATION
6053,L,300.8,310.9,1748,29.9,140,10.099999999999966,5473.198945280042,4186.0,0,0.0036436521405938255,CONTINUE OPERATION,CONTINUE OPERATION,CONTINUE OPERATION
9122,L,297.4,308.4,1580,41.2,66,11.0,6816.837179269372,2719.2000000000003,0,0.0036404426947292596,CONTINUE OPERATION,CONTINUE OPERATION,CONTINUE OPERATION
6116,L,300.8,310.9,1453,43.9,84,10.099999999999966,6679.727603891201,3687.6,0,0.003730431208568763,CONTINUE OPERATION,CONTINUE OPERATION,CONTINUE OPERATION
6788,M,301.1,310.6,1410,43.9,73,9.5,6482.04812215182,3204.7,0,0.0036669387975409224,CONTINUE OPERATION,CONTINUE OPERATION,CONTINUE OPERATION
2965,M,300.7,309.5,1838,24.9,66,8.800000000000011,4792.625256757372,1643.3999999999999,0,0.003665912038314738,CONTINUE OPERATION,CONTINUE OPERATION,CONTINUE OPERATION
8707,L,297.2,308.5,1471,41.7,41,11.300000000000011,6423.583082868515,1709.7,0,0.003638926025097612,CONTINUE OPERATION,CONTINUE OPERATION,CONTINUE OPERATION
5255,M,303.5,313.0,1403,51.9,77,9.5,7625.24227286661,3996.2999999999997,0,0.004491973093807009,CONTINUE OPERATION,CONTINUE OPERATION,CONTINUE OPERATION
4329,L,301.6,310.0,1566,30.3,79,8.399999999999977,4968.931436476832,2393.7000000000003,0,0.0037480956553889964,CONTINUE OPERATION,CONTINUE OPERATION,CONTINUE OPERATION
2781,L,300.2,309.5,2183,17.8,39,9.300000000000011,4069.137412586668,694.2,0,0.0037233314214637292,CONTINUE OPERATION,CONTINUE OPERATION,CONTINUE OPERATION
5782,L,301.7,311.1,1455,39.8,118,9.400000000000034,6064.216299224377,4696.4,0,0.003647870884462466,CONTINUE OPERATION,CONTINUE OPERATION,CONTINUE OPERATION
8483,L,298.3,309.4,1618,31.5,108,11.099999999999966,5337.2517591836995,3402.0,0,0.003641068642956774,CONTINUE OPERATION,CONTINUE OPERATION,CONTINUE OPERATION
1320,M,299.0,310.3,1540,38.1,182,11.300000000000011,6144.3269118909175,6934.2,0,0.003645163224064724,CONTINUE OPERATION,CONTINUE OPERATION,CONTINUE OPERATION
9978,H,298.6,308.3,1377,52.1,181,9.699999999999989,7512.7732558680955,9430.1,0,0.004033183514597481,CONTINUE OPERATION,CONTINUE OPERATION,CONTINUE OPERATION
9741,L,298.9,310.1,1495,42.9,175,11.200000000000045,6716.253854476939,7507.5,0,0.0036689416073483793,CONTINUE OPERATION,CONTINUE OPERATION,CONTINUE OPERATION
5896,L,301.1,310.8,1274,55.7,169,9.699999999999989,7431.102318850272,9413.300000000001,0,0.003964532489557586,CONTINUE OPERATION,CONTINUE OPERATION,CONTINUE OPERATION
6355,L,300.1,309.7,1481,37.9,34,9.599999999999966,5877.909382890991,1288.6,0,0.0036774856006922137,CONTINUE OPERATION,CONTINUE OPERATION,CONTINUE OPERATION
5195,L,303.9,313.0,1551,36.8,140,9.100000000000023,5977.068519013797,5152.0,0,0.0036412438728719277,CONTINUE OPERATION,CONTINUE OPERATION,CONTINUE OPERATION
2963,M,300.7,309.6,1439,43.0,61,8.900000000000034,6479.744287539187,2623.0,0,0.0039270259555944775,CONTINUE OPERATION,CONTINUE OPERATION,CONTINUE OPERATION
7452,L,300.3,311.7,1579,33.6,59,11.399999999999977,5555.843776020477,1982.4,0,0.003655794941391092,CONTINUE OPERATION,CONTINUE OPERATION,CONTINUE OPERATION
7531,H,300.1,311.4,1377,56.7,50,11.299999999999955,8176.089128747045,2835.0,0,0.003960358320759632,CONTINUE OPERATION,CONTINUE OPERATION,CONTINUE OPERATION
545,L,297.6,309.4,1958,22.1,108,11.799999999999955,4531.412299586895,2386.8,0,0.003640115871559538,CONTINUE OPERATION,CONTINUE OPERATION,CONTINUE OPERATION
9291,L,298.2,309.0,1353,57.8,89,10.800000000000011,8189.4408975248,5144.2,0,0.0036903680603061857,CONTINUE OPERATION,CONTINUE OPERATION,CONTINUE OPERATION
327,L,297.7,308.5,1373,56.7,203,10.800000000000011,8152.338688285906,11510.1,1,0.98023340488647,REPAIR AFTER FAILURE,PERFORM MAINTENANCE,PERFORM MAINTENANCE
1781,L,298.5,308.1,1662,28.6,48,9.600000000000023,4977.665064053812,1372.8000000000002,0,0.003705577279463499,CONTINUE OPERATION,CONTINUE OPERATION,CONTINUE OPERATION
8015,M,301.0,312.0,1558,37.5,190,11.0,6118.2516928661225,7125.0,0,0.003978602914935961,CONTINUE OPERATION,CONTINUE OPERATION,CONTINUE OPERATION
2612,L,299.4,309.1,2421,14.2,57,9.700000000000045,3600.0766854546873,809.4,0,0.005157100469692975,CONTINUE OPERATION,CONTINUE OPERATION,CONTINUE OPERATION
9511,L,299.1,310.3,1449,40.7,40,11.199999999999989,6175.774254353352,1628.0,0,0.003902202772305139,CONTINUE OPERATION,CONTINUE OPERATION,CONTINUE OPERATION
1152,L,297.1,307.9,1507,38.3,170,10.799999999999955,6044.225297972035,6510.999999999999,0,0.003656794542362232,CONTINUE OPERATION,CONTINUE OPERATION,CONTINUE OPERATION
2905,L,300.6,309.4,1552,36.4,113,8.799999999999955,5915.912182023914,4113.2,0,0.0037065148543561645,CONTINUE OPERATION,CONTINUE OPERATION,CONTINUE OPERATION
4538,L,302.4,310.3,1923,23.3,172,7.900000000000034,4692.062875915964,4007.6,0,0.0038211207832776635,CONTINUE OPERATION,CONTINUE OPERATION,CONTINUE OPERATION
3859,L,302.6,311.5,1599,37.0,211,8.899999999999977,6195.534872144431,7807.0,0,0.1442883047976006,CONTINUE OPERATION,PERFORM MAINTENANCE,PERFORM MAINTENANCE
7573,L,300.3,311.1,1605,37.1,160,10.800000000000011,6235.590178477701,5936.0,0,0.0036536592207132438,CONTINUE OPERATION,CONTINUE OPERATION,CONTINUE OPERATION
7822,H,299.9,311.3,1413,41.8,153,11.400000000000034,6185.104784534512,6395.4,0,0.003662174019472303,CONTINUE OPERATION,CONTINUE OPERATION,CONTINUE OPERATION
8206,L,299.3,310.8,1483,43.5,15,11.5,6755.523762646811,652.5,0,0.003643394490715871,CONTINUE OPERATION,CONTINUE OPERATION,CONTINUE OPERATION
7342,M,299.7,310.3,1661,34.5,6,10.600000000000023,6000.9132072545435,207.0,0,0.003666458347902726,CONTINUE OPERATION,CONTINUE OPERATION,CONTINUE OPERATION
7852,L,300.3,311.7,1515,37.5,5,11.399999999999977,5949.391087735671,187.5,0,0.003658715587245826,CONTINUE OPERATION,CONTINUE OPERATION,CONTINUE OPERATION
2459,L,299.0,308.6,1297,54.2,110,9.600000000000023,7361.526513548772,5962.0,0,0.0037457220340885327,CONTINUE OPERATION,CONTINUE OPERATION,CONTINUE OPERATION
8160,M,299.7,311.1,1618,30.3,125,11.400000000000034,5133.927882643368,3787.5,0,0.003979296207217338,CONTINUE OPERATION,CONTINUE OPERATION,CONTINUE OPERATION
8465,M,298.7,309.8,1475,40.5,59,11.100000000000023,6255.696371460675,2389.5,0,0.0036722573565954805,CONTINUE OPERATION,CONTINUE OPERATION,CONTINUE OPERATION
2537,H,298.9,308.7,1353,48.1,79,9.800000000000011,6815.088359358874,3799.9,0,0.003932636695023941,CONTINUE OPERATION,CONTINUE OPERATION,CONTINUE OPERATION
9655,H,299.1,310.0,1431,49.5,205,10.899999999999977,7417.77149402354,10147.5,0,0.005934611606201965,CONTINUE OPERATION,PERFORM MAINTENANCE,CONTINUE OPERATION
4980,M,303.7,312.8,1685,31.8,203,9.100000000000023,5611.19863857673,6455.400000000001,0,0.005480002818764182,CONTINUE OPERATION,PERFORM MAINTENANCE,CONTINUE OPERATION
5658,M,302.2,311.4,1372,55.1,9,9.199999999999989,7916.520271731944,495.90000000000003,0,0.00991083872275691,CONTINUE OPERATION,CONTINUE OPERATION,CONTINUE OPERATION
8149,M,299.6,310.8,1427,50.4,98,11.199999999999989,7531.5285640100265,4939.2,0,0.0037933889539115777,CONTINUE OPERATION,CONTINUE OPERATION,CONTINUE OPERATION
8014,L,300.9,312.0,1500,44.2,188,11.100000000000023,6942.919764433444,8309.6,0,0.003761961535272316,CONTINUE OPERATION,CONTINUE OPERATION,CONTINUE OPERATION
5406,L,302.7,312.4,1360,47.8,11,9.699999999999989,6807.621840818842,525.8,0,0.004628697350779817,CONTINUE OPERATION,CONTINUE OPERATION,CONTINUE OPERATION
2087,L,299.5,309.3,1577,36.6,14,9.800000000000011,6044.235769947547,512.4,0,0.0036413826600562222,CONTINUE OPERATION,CONTINUE OPERATION,CONTINUE OPERATION
2190,M,299.6,309.1,1471,44.3,67,9.5,6824.094258299165,2968.1,0,0.003661979728417547,CONTINUE OPERATION,CONTINUE OPERATION,CONTINUE OPERATION
5643,L,302.5,312.0,1574,42.0,188,9.5,6922.813571450468,7896.0,0,0.003906817280496563,CONTINUE OPERATION,CONTINUE OPERATION,CONTINUE OPERATION
4704,L,303.7,311.9,1561,33.3,153,8.199999999999989,5443.46900680157,5094.9,0,0.00439499034762122,CONTINUE OPERATION,CONTINUE OPERATION,CONTINUE OPERATION
8221,M,299.1,310.5,1428,43.0,53,11.399999999999977,6430.211843367588,2279.0,0,0.003682211856554906,CONTINUE OPERATION,CONTINUE OPERATION,CONTINUE OPERATION
9850,M,298.5,309.3,1498,34.6,46,10.800000000000011,5427.708683656062,1591.6000000000001,0,0.003639864083070806,CONTINUE OPERATION,CONTINUE OPERATION,CONTINUE OPERATION
2160,L,299.4,309.0,1507,41.0,213,9.600000000000023,6470.3195095784195,8733.0,0,0.01704494103032723,CONTINUE OPERATION,PERFORM MAINTENANCE,CONTINUE OPERATION
6067,L,301.0,311.0,1582,37.5,176,10.0,6212.499472473816,6600.0,0,0.0036962926693118285,CONTINUE OPERATION,CONTINUE OPERATION,CONTINUE OPERATION
9969,L,298.4,308.1,1491,50.0,156,9.700000000000045,7806.857744170636,7800.0,0,0.0037771568592628937,CONTINUE OPERATION,CONTINUE OPERATION,CONTINUE OPERATION
9641,L,299.3,310.4,1365,53.9,171,11.099999999999966,7704.598903296288,9216.9,0,0.00418242270500434,CONTINUE OPERATION,CONTINUE OPERATION,CONTINUE OPERATION
3561,L,301.7,310.6,1486,38.5,78,8.900000000000034,5991.121910150855,3003.0,0,0.003678714923277033,CONTINUE OPERATION,CONTINUE OPERATION,CONTINUE OPERATION
5623,L,302.9,312.3,1578,36.3,141,9.400000000000034,5998.494180911279,5118.299999999999,0,0.003678477292385341,CONTINUE OPERATION,CONTINUE OPERATION,CONTINUE OPERATION
1652,H,297.9,307.8,1635,34.0,142,9.900000000000034,5821.371187101886,4828.0,0,0.003638926025097612,CONTINUE OPERATION,CONTINUE OPERATION,CONTINUE OPERATION
6764,L,301.4,310.9,1536,38.3,9,9.5,6160.53752998344,344.7,0,0.0036538742065645308,CONTINUE OPERATION,CONTINUE OPERATION,CONTINUE OPERATION
5090,M,303.9,313.2,1570,40.7,74,9.300000000000011,6691.487632391141,3011.8,0,0.00369923323082894,CONTINUE OPERATION,CONTINUE OPERATION,CONTINUE OPERATION
7603,L,300.4,311.2,1406,43.6,22,10.800000000000011,6419.488540443334,959.2,0,0.0037890207558751174,CONTINUE OPERATION,CONTINUE OPERATION,CONTINUE OPERATION
3425,M,301.5,310.5,1623,33.5,157,9.0,5693.665445733461,5259.5,0,0.003686075694328076,CONTINUE OPERATION,CONTINUE OPERATION,CONTINUE OPERATION
7373,L,299.6,310.1,1553,38.0,83,10.5,6179.931628631602,3154.0,0,0.0036413826600562222,CONTINUE OPERATION,CONTINUE OPERATION,CONTINUE OPERATION
1728,L,298.3,307.7,1465,49.4,109,9.399999999999977,7578.673397764897,5384.599999999999,0,0.0036558593876353995,CONTINUE OPERATION,CONTINUE OPERATION,CONTINUE OPERATION
624,H,298.3,310.1,1509,37.6,85,11.800000000000011,5941.631353881304,3196.0,0,0.0036658118292163693,CONTINUE OPERATION,CONTINUE OPERATION,CONTINUE OPERATION
6954,M,300.8,311.2,1429,52.3,77,10.399999999999977,7826.408922451476,4027.1,0,0.004503873800200614,CONTINUE OPERATION,CONTINUE OPERATION,CONTINUE OPERATION
9799,M,298.5,309.3,1551,34.7,121,10.800000000000011,5635.985804613554,4198.700000000001,0,0.0036678106514733853,CONTINUE OPERATION,CONTINUE OPERATION,CONTINUE OPERATION
5091,L,303.9,313.2,1345,48.2,77,9.300000000000011,6788.877004652423,3711.4,0,0.004185389667248427,CONTINUE OPERATION,CONTINUE OPERATION,CONTINUE OPERATION
4357,L,302.0,309.9,1407,52.8,154,7.899999999999977,7779.588719937476,8131.2,0,0.00897896950008005,CONTINUE OPERATION,CONTINUE OPERATION,CONTINUE OPERATION
2126,L,299.3,309.0,1449,46.5,121,9.699999999999989,7055.860020329997,5626.5,0,0.0036540971408241182,CONTINUE OPERATION,CONTINUE OPERATION,CONTINUE OPERATION
3771,M,302.3,311.0,1384,49.7,192,8.699999999999989,7203.127411954773,9542.400000000001,0,0.007596992480574695,CONTINUE OPERATION,CONTINUE OPERATION,CONTINUE OPERATION
4078,H,302.1,310.7,1294,62.4,101,8.599999999999966,8455.65945899,6302.4,1,0.6677073708538226,REPAIR AFTER FAILURE,CONTINUE OPERATION,PERFORM MAINTENANCE
3392,L,301.5,310.7,1408,47.3,79,9.199999999999989,6974.168139361148,3736.7,0,0.004330917541366441,CONTINUE OPERATION,CONTINUE OPERATION,CONTINUE OPERATION
7851,L,300.4,311.7,1373,47.2,3,11.300000000000011,6786.426562382624,141.60000000000002,0,0.0039537528600991755,CONTINUE OPERATION,CONTINUE OPERATION,CONTINUE OPERATION
5928,M,300.2,310.1,1550,38.7,45,9.900000000000034,6281.614510852792,1741.5000000000002,0,0.0036673694577998876,CONTINUE OPERATION,CONTINUE OPERATION,CONTINUE OPERATION
2397,L,299.2,308.6,1582,38.8,156,9.400000000000034,6427.866120852907,6052.799999999999,0,0.003653484306380333,CONTINUE OPERATION,CONTINUE OPERATION,CONTINUE OPERATION
8934,L,297.3,308.2,1601,35.7,9,10.899999999999977,5985.330907692738,321.3,0,0.0036404426947292596,CONTINUE OPERATION,CONTINUE OPERATION,CONTINUE OPERATION
1692,M,298.1,307.6,1764,27.7,23,9.5,5116.900450460911,637.1,0,0.0036902608213172927,CONTINUE OPERATION,CONTINUE OPERATION,CONTINUE OPERATION
3843,L,302.5,311.2,1227,60.1,167,8.699999999999989,7722.317485862535,10036.7,0,0.052187141833303904,CONTINUE OPERATION,CONTINUE OPERATION,CONTINUE OPERATION
7292,M,300.1,310.4,1556,38.1,92,10.299999999999955,6208.164074611863,3505.2000000000003,0,0.0036413826600562222,CONTINUE OPERATION,CONTINUE OPERATION,CONTINUE OPERATION
9517,L,298.9,310.1,1523,39.1,53,11.200000000000045,6235.988113547156,2072.3,0,0.003639864083070806,CONTINUE OPERATION,CONTINUE OPERATION,CONTINUE OPERATION
119,L,298.7,308.5,1467,40.7,106,9.800000000000011,6252.491946954015,4314.200000000001,0,0.0036401305849835795,CONTINUE OPERATION,CONTINUE OPERATION,CONTINUE OPERATION
4891,M,303.7,312.3,1756,26.4,190,8.600000000000023,4854.640295739235,5016.0,0,0.004362460114529351,CONTINUE OPERATION,CONTINUE OPERATION,CONTINUE OPERATION
6479,L,300.6,309.8,1418,42.7,147,9.199999999999989,6340.634564838233,6276.900000000001,0,0.003877460522918495,CONTINUE OPERATION,CONTINUE OPERATION,CONTINUE OPERATION
7807,M,300.0,311.5,1451,49.0,115,11.5,7445.46986925269,5635.0,0,0.0037580228662306703,CONTINUE OPERATION,CONTINUE OPERATION,CONTINUE OPERATION
7809,M,300.0,311.4,1537,35.4,120,11.399999999999977,5697.780932109665,4248.0,0,0.0036949911351439164,CONTINUE OPERATION,CONTINUE OPERATION,CONTINUE OPERATION
8622,L,297.5,308.3,1437,42.3,29,10.800000000000011,6365.400786924031,1226.6999999999998,0,0.003670682489977604,CONTINUE OPERATION,CONTINUE OPERATION,CONTINUE OPERATION
7769,L,300.3,311.5,1552,38.9,23,11.199999999999989,6322.224831888195,894.6999999999999,0,0.0036413826600562222,CONTINUE OPERATION,CONTINUE OPERATION,CONTINUE OPERATION
4838,H,303.3,311.8,1649,29.4,49,8.5,5076.876560054177,1440.6,0,0.003669348098250657,CONTINUE OPERATION,CONTINUE OPERATION,CONTINUE OPERATION
6496,L,300.7,309.9,1815,27.0,190,9.199999999999989,5131.791599638927,5130.0,0,0.004248954363489437,CONTINUE OPERATION,CONTINUE OPERATION,CONTINUE OPERATION
9484,L,298.9,309.6,1663,33.7,195,10.700000000000045,5868.819708146605,6571.500000000001,0,0.004064200602906345,CONTINUE OPERATION,CONTINUE OPERATION,CONTINUE OPERATION
947,L,295.6,306.2,1428,44.5,51,10.599999999999966,6654.5215588339,2269.5,0,0.003638926025097612,CONTINUE OPERATION,CONTINUE OPERATION,CONTINUE OPERATION
7094,L,300.6,310.2,1447,45.9,17,9.599999999999966,6955.203391708978,780.3,0,0.0037548251415532577,CONTINUE OPERATION,CONTINUE OPERATION,CONTINUE OPERATION
3382,L,301.3,310.6,1510,38.5,47,9.300000000000011,6087.88296388142,1809.5,0,0.003783568547344118,CONTINUE OPERATION,CONTINUE OPERATION,CONTINUE OPERATION
5791,M,301.8,311.3,1542,40.1,142,9.5,6475.262282020067,5694.2,0,0.0036532613493783553,CONTINUE OPERATION,CONTINUE OPERATION,CONTINUE OPERATION
4081,L,302.0,310.4,1336,58.2,110,8.399999999999977,8142.505503280171,6402.0,1,0.9844809614306136,REPAIR AFTER FAILURE,CONTINUE OPERATION,PERFORM MAINTENANCE
5148,L,304.4,313.6,1507,43.1,13,9.200000000000045,6801.726118605607,560.3000000000001,0,0.005136341382508079,CONTINUE OPERATION,CONTINUE OPERATION,CONTINUE OPERATION
5827,L,301.3,311.1,1624,40.9,0,9.800000000000011,6955.653686655993,0.0,0,0.003658253180998889,CONTINUE OPERATION,CONTINUE OPERATION,CONTINUE OPERATION
2011,L,298.7,308.5,1616,30.2,34,9.800000000000011,5110.659153055779,1026.8,0,0.003638926025097612,CONTINUE OPERATION,CONTINUE OPERATION,CONTINUE OPERATION
9229,M,298.1,309.0,2042,17.8,129,10.899999999999977,3806.3117711873456,2296.2000000000003,0,0.003642496438592583,CONTINUE OPERATION,CONTINUE OPERATION,CONTINUE OPERATION
7790,L,300.1,311.4,1729,29.3,71,11.299999999999955,5305.071378435428,2080.3,0,0.0036578585603177565,CONTINUE OPERATION,CONTINUE OPERATION,CONTINUE OPERATION
8314,L,298.8,309.9,1739,30.6,83,11.099999999999966,5572.494217084503,2539.8,0,0.00370534578463749,CONTINUE OPERATION,CONTINUE OPERATION,CONTINUE OPERATION
418,L,297.4,308.4,2151,17.7,0,11.0,3986.9638207442704,0.0,0,0.003926234044756092,CONTINUE OPERATION,CONTINUE OPERATION,CONTINUE OPERATION
1313,L,298.9,310.2,1359,56.9,166,11.300000000000011,8097.674976113442,9445.4,0,0.004271217970349431,CONTINUE OPERATION,CONTINUE OPERATION,CONTINUE OPERATION
2508,L,299.0,308.9,1615,30.6,14,9.899999999999977,5175.145578258466,428.40000000000003,0,0.003638926025097612,CONTINUE OPERATION,CONTINUE OPERATION,CONTINUE OPERATION
850,L,296.3,307.3,1567,31.4,5,11.0,5152.609886956715,157.0,0,0.003741272805882212,CONTINUE OPERATION,CONTINUE OPERATION,CONTINUE OPERATION
9724,M,298.8,309.7,2098,19.0,133,10.899999999999977,4174.338878579878,2527.0,0,0.004330814272056718,CONTINUE OPERATION,CONTINUE OPERATION,CONTINUE OPERATION
5453,L,303.0,312.6,1451,42.1,125,9.600000000000023,6397.026152970168,5262.5,0,0.003638926025097612,CONTINUE OPERATION,CONTINUE OPERATION,CONTINUE OPERATION
5041,L,304.0,313.2,1314,47.1,144,9.199999999999989,6481.042812502672,6782.400000000001,0,0.004385897813068869,CONTINUE OPERATION,CONTINUE OPERATION,CONTINUE OPERATION
1630,L,297.9,307.9,1412,44.5,85,10.0,6579.961093188703,3782.5,0,0.0039525123176766186,CONTINUE OPERATION,CONTINUE OPERATION,CONTINUE OPERATION
7861,L,300.5,312.0,1498,42.9,25,11.5,6729.7312869608395,1072.5,0,0.003645213347370435,CONTINUE OPERATION,CONTINUE OPERATION,CONTINUE OPERATION
3271,M,301.4,310.0,1689,32.1,207,8.600000000000023,5677.580491347082,6644.700000000001,0,0.012373634217499999,CONTINUE OPERATION,PERFORM MAINTENANCE,CONTINUE OPERATION
1181,L,297.2,308.3,1379,52.1,21,11.100000000000023,7523.685054351565,1094.1000000000001,0,0.0037559319970668277,CONTINUE OPERATION,CONTINUE OPERATION,CONTINUE OPERATION
5142,L,304.4,313.6,1568,39.1,0,9.200000000000045,6420.242522680197,0.0,0,0.005255131460598348,CONTINUE OPERATION,CONTINUE OPERATION,CONTINUE OPERATION
4591,H,302.9,311.2,2102,17.8,91,8.300000000000011,3918.1524696551423,1619.8,0,0.003952320937248876,CONTINUE OPERATION,CONTINUE OPERATION,CONTINUE OPERATION
6819,L,300.9,310.7,1359,46.0,151,9.800000000000011,6546.4507715504105,6946.0,0,0.0037768356699093785,CONTINUE OPERATION,CONTINUE OPERATION,CONTINUE OPERATION
4349,L,301.9,309.7,1595,31.4,133,7.800000000000011,5244.679495657921,4176.2,0,0.003723929475742513,CONTINUE OPERATION,CONTINUE OPERATION,CONTINUE OPERATION
1273,L,298.1,309.4,1397,48.2,63,11.299999999999955,7051.346598884338,3036.6000000000004,0,0.0037011233270868174,CONTINUE OPERATION,CONTINUE OPERATION,CONTINUE OPERATION
1649,H,298.0,307.9,1482,37.8,132,9.899999999999977,5866.358793901293,4989.599999999999,0,0.003654970838002553,CONTINUE OPERATION,CONTINUE OPERATION,CONTINUE OPERATION
8633,L,297.4,308.3,1336,53.7,61,10.900000000000034,7512.930335500777,3275.7000000000003,0,0.00372087969512851,CONTINUE OPERATION,CONTINUE OPERATION,CONTINUE OPERATION
5944,M,300.7,310.6,1484,38.0,84,9.900000000000034,5905.356430707854,3192.0,0,0.003700032650073523,CONTINUE OPERATION,CONTINUE OPERATION,CONTINUE OPERATION
768,L,296.9,308.0,1713,29.3,13,11.100000000000023,5255.978757235332,380.90000000000003,0,0.0036636352747021123,CONTINUE OPERATION,CONTINUE OPERATION,CONTINUE OPERATION
1667,L,298.2,307.9,1769,27.2,188,9.699999999999989,5038.779513141644,5113.599999999999,0,0.00386824266027083,CONTINUE OPERATION,CONTINUE OPERATION,CONTINUE OPERATION
8132,M,299.9,311.3,1389,50.0,55,11.400000000000034,7272.78699306037,2750.0,0,0.0038973590258081824,CONTINUE OPERATION,CONTINUE OPERATION,CONTINUE OPERATION
1564,M,298.0,308.2,2090,19.0,143,10.199999999999989,4158.42147580169,2717.0,0,0.003695516209344022,CONTINUE OPERATION,CONTINUE OPERATION,CONTINUE OPERATION
6177,L,301.0,310.8,1527,45.3,8,9.800000000000011,7243.790092867736,362.4,0,0.003773707985576041,CONTINUE OPERATION,CONTINUE OPERATION,CONTINUE OPERATION
7786,L,300.3,311.5,1466,46.2,62,11.199999999999989,7092.585238450461,2864.4,0,0.0037706636534262277,CONTINUE OPERATION,CONTINUE OPERATION,CONTINUE OPERATION
4134,L,301.8,310.3,1688,28.8,31,8.5,5090.888063289188,892.8000000000001,0,0.0037541921027805015,CONTINUE OPERATION,CONTINUE OPERATION,CONTINUE OPERATION
7326,M,299.9,310.5,1335,52.9,180,10.600000000000023,7395.466186183053,9522.0,0,0.0037076562858633665,CONTINUE OPERATION,CONTINUE OPERATION,CONTINUE OPERATION
7219,M,299.8,309.7,1556,37.7,124,9.899999999999977,6142.986499025386,4674.8,0,0.0036643383169243037,CONTINUE OPERATION,CONTINUE OPERATION,CONTINUE OPERATION
1724,M,298.3,307.8,1457,52.5,98,9.5,8010.275868490575,5145.0,0,0.0037528172807968913,CONTINUE OPERATION,CONTINUE OPERATION,CONTINUE OPERATION
5290,L,303.9,313.3,1526,40.7,164,9.400000000000034,6503.955494922854,6674.8,0,0.003642409177874637,CONTINUE OPERATION,CONTINUE OPERATION,CONTINUE OPERATION
9986,M,298.8,308.6,1507,42.3,207,9.800000000000011,6675.475981833344,8756.099999999999,0,0.009468419283810814,CONTINUE OPERATION,PERFORM MAINTENANCE,CONTINUE OPERATION
8670,L,297.5,308.9,1581,30.4,155,11.399999999999977,5033.082758463136,4712.0,0,0.0037808391237032653,CONTINUE OPERATION,CONTINUE OPERATION,CONTINUE OPERATION
7642,M,300.4,311.4,1604,31.7,119,11.0,5324.664444618315,3772.2999999999997,0,0.003643404799248506,CONTINUE OPERATION,CONTINUE OPERATION,CONTINUE OPERATION
2869,L,300.8,309.7,1519,35.8,14,8.899999999999977,5694.681227358122,501.19999999999993,0,0.0036522758267446393,CONTINUE OPERATION,CONTINUE OPERATION,CONTINUE OPERATION
3722,L,302.2,311.2,1451,41.8,66,9.0,6351.44164356658,2758.7999999999997,0,0.00364450325855849,CONTINUE OPERATION,CONTINUE OPERATION,CONTINUE OPERATION
6703,M,301.5,310.7,1744,28.2,61,9.199999999999989,5150.201332588963,1720.2,0,0.003644453318736493,CONTINUE OPERATION,CONTINUE OPERATION,CONTINUE OPERATION
4130,L,301.9,310.4,1286,62.8,22,8.5,8457.251199267817,1381.6,1,0.9120241385397921,REPAIR AFTER FAILURE,CONTINUE OPERATION,PERFORM MAINTENANCE
8151,L,299.5,310.7,1472,40.9,104,11.199999999999989,6304.631913028092,4253.599999999999,0,0.003639864083070806,CONTINUE OPERATION,CONTINUE OPERATION,CONTINUE OPERATION
2277,H,299.3,308.7,1408,44.4,82,9.399999999999977,6546.576435256554,3640.7999999999997,0,0.0036989092846877137,CONTINUE OPERATION,CONTINUE OPERATION,CONTINUE OPERATION
7408,L,299.9,310.9,1292,51.1,173,11.0,6913.723896706082,8840.300000000001,0,0.0039005245575162396,CONTINUE OPERATION,CONTINUE OPERATION,CONTINUE OPERATION
8460,L,298.7,309.9,1372,54.7,44,11.199999999999989,7859.050070122275,2406.8,0,0.00389448546763234,CONTINUE OPERATION,CONTINUE OPERATION,CONTINUE OPERATION
4775,L,303.5,312.0,1761,25.8,105,8.5,4757.8164101555985,2709.0,0,0.0041658265308550935,CONTINUE OPERATION,CONTINUE OPERATION,CONTINUE OPERATION
9548,L,299.6,311.1,1521,37.2,131,11.5,5925.169408376493,4873.200000000001,0,0.003645126267524458,CONTINUE OPERATION,CONTINUE OPERATION,CONTINUE OPERATION
5363,L,303.2,312.5,1518,39.9,146,9.300000000000011,6342.687072038578,5825.4,0,0.003689613254345231,CONTINUE OPERATION,CONTINUE OPERATION,CONTINUE OPERATION
4577,L,303.0,311.2,1800,23.7,61,8.199999999999989,4467.344753404685,1445.7,0,0.0036424622941318998,CONTINUE OPERATION,CONTINUE OPERATION,CONTINUE OPERATION
5703,H,302.3,311.7,1456,45.4,130,9.399999999999977,6922.2271408217985,5902.0,0,0.0037759249300279305,CONTINUE OPERATION,CONTINUE OPERATION,CONTINUE OPERATION
7078,L,300.7,310.5,1357,52.6,199,9.800000000000011,7474.707624882099,10467.4,0,0.006010022111460359,CONTINUE OPERATION,CONTINUE OPERATION,CONTINUE OPERATION
3527,M,301.9,310.9,1573,38.9,209,9.0,6407.770399845445,8130.099999999999,0,0.06744880524351024,CONTINUE OPERATION,PERFORM MAINTENANCE,CONTINUE OPERATION
3420,L,301.6,310.6,1834,23.5,146,9.0,4513.316725902217,3431.0,0,0.0037785268508331903,CONTINUE OPERATION,CONTINUE OPERATION,CONTINUE OPERATION
2086,H,299.4,309.3,1439,49.7,9,9.900000000000034,7489.378862574363,447.3,0,0.005554262520055899,CONTINUE OPERATION,CONTINUE OPERATION,CONTINUE OPERATION
1349,L,298.7,310.2,1402,45.9,30,11.5,6738.904737509321,1377.0,0,0.003929356791774833,CONTINUE OPERATION,CONTINUE OPERATION,CONTINUE OPERATION
3221,L,300.6,309.6,1423,49.1,74,9.0,7316.695986382045,3633.4,0,0.0044215316498639745,CONTINUE OPERATION,CONTINUE OPERATION,CONTINUE OPERATION
8293,M,298.9,310.4,1533,44.4,24,11.5,7127.771076170665,1065.6,0,0.00372653518851501,CONTINUE OPERATION,CONTINUE OPERATION,CONTINUE OPERATION
2262,L,299.1,308.3,1533,42.4,48,9.199999999999989,6806.700306973788,2035.1999999999998,0,0.0036412438728719277,CONTINUE OPERATION,CONTINUE OPERATION,CONTINUE OPERATION
4502,L,302.4,310.2,1642,28.3,88,7.800000000000011,4866.1804127534215,2490.4,0,0.003677481408273024,CONTINUE OPERATION,CONTINUE OPERATION,CONTINUE OPERATION
4179,L,302.4,310.9,1349,46.1,148,8.5,6512.406379161009,6822.8,1,0.9871217939563627,REPAIR AFTER FAILURE,CONTINUE OPERATION,PERFORM MAINTENANCE
4100,L,302.0,310.4,1895,23.2,161,8.399999999999977,4603.899314080722,3735.2,0,0.003638926025097612,CONTINUE OPERATION,CONTINUE OPERATION,CONTINUE OPERATION
5549,H,302.3,311.9,1374,52.4,154,9.599999999999966,7539.571041203217,8069.599999999999,0,0.008005518542458862,CONTINUE OPERATION,CONTINUE OPERATION,CONTINUE OPERATION
6250,L,300.8,310.2,1520,37.7,193,9.399999999999977,6000.860847376985,7276.1,0,0.003903725755572977,CONTINUE OPERATION,CONTINUE OPERATION,CONTINUE OPERATION
5095,M,304.1,313.5,1428,39.9,88,9.399999999999977,5966.638431403878,3511.2,0,0.0036886309115878786,CONTINUE OPERATION,CONTINUE OPERATION,CONTINUE OPERATION
4080,L,302.0,310.4,1357,58.0,108,8.399999999999977,8242.073046447942,6264.0,1,0.9727745591180318,REPAIR AFTER FAILURE,CONTINUE OPERATION,PERFORM MAINTENANCE
5732,L,302.2,311.7,1412,44.5,204,9.5,6579.961093188703,9078.0,0,0.007183760936202992,CONTINUE OPERATION,PERFORM MAINTENANCE,CONTINUE OPERATION
8908,L,297.2,308.5,1518,44.3,163,11.300000000000011,7042.131260433809,7220.9,0,0.0036430337223299623,CONTINUE OPERATION,CONTINUE OPERATION,CONTINUE OPERATION
7268,L,300.5,310.6,1543,36.2,30,10.100000000000023,5849.289473816788,1086.0,0,0.0036512178976840434,CONTINUE OPERATION,CONTINUE OPERATION,CONTINUE OPERATION
5025,M,303.9,313.1,1473,42.8,97,9.200000000000045,6601.994129665878,4151.599999999999,0,0.0036768325028852015,CONTINUE OPERATION,CONTINUE OPERATION,CONTINUE OPERATION
5302,L,303.9,313.1,1491,37.2,195,9.200000000000045,5808.302161662953,7254.000000000001,0,0.003956503383162923,CONTINUE OPERATION,CONTINUE OPERATION,CONTINUE OPERATION
1518,H,298.2,309.0,1371,55.7,23,10.800000000000011,7996.892683786283,1281.1000000000001,0,0.003717185816886436,CONTINUE OPERATION,CONTINUE OPERATION,CONTINUE OPERATION
3724,M,302.3,311.2,1507,47.7,70,8.899999999999977,7527.664405046113,3339.0,0,0.004442447849832475,CONTINUE OPERATION,CONTINUE OPERATION,CONTINUE OPERATION
2350,L,299.3,308.6,1744,26.4,33,9.300000000000011,4821.465077317326,871.1999999999999,0,0.0036802093680784326,CONTINUE OPERATION,CONTINUE OPERATION,CONTINUE OPERATION
7318,H,299.9,310.3,1535,43.9,154,10.400000000000034,7056.697778370953,6760.599999999999,0,0.003655525754766087,CONTINUE OPERATION,CONTINUE OPERATION,CONTINUE OPERATION
4778,H,303.6,312.2,1371,54.6,112,8.599999999999966,7838.964821090324,6115.2,1,0.2918905407863533,REPAIR AFTER FAILURE,CONTINUE OPERATION,PERFORM MAINTENANCE
5830,M,301.3,311.2,1438,42.4,7,9.899999999999977,6384.8891333517995,296.8,0,0.003958920335889224,CONTINUE OPERATION,CONTINUE OPERATION,CONTINUE OPERATION
8245,M,299.0,310.3,1303,68.6,111,11.300000000000011,9360.459087174882,7614.599999999999,1,0.9614644586521474,REPAIR AFTER FAILURE,CONTINUE OPERATION,PERFORM MAINTENANCE
2945,H,300.7,309.6,1925,20.5,9,8.900000000000034,4132.503336409574,184.5,0,0.0036557001835967004,CONTINUE OPERATION,CONTINUE OPERATION,CONTINUE OPERATION
35,M,298.8,309.2,1452,48.6,98,10.399999999999977,7389.7799034800555,4762.8,0,0.0037128362700111057,CONTINUE OPERATION,CONTINUE OPERATION,CONTINUE OPERATION
9665,L,299.2,310.3,1610,33.3,233,11.100000000000023,5614.340231230319,7758.9,0,0.046163490798002055,CONTINUE OPERATION,PERFORM MAINTENANCE,CONTINUE OPERATION
5346,L,303.4,312.7,1534,35.5,98,9.300000000000011,5702.723704551312,3479.0,0,0.0036412438728719277,CONTINUE OPERATION,CONTINUE OPERATION,CONTINUE OPERATION
663,L,297.5,308.9,1469,44.0,185,11.399999999999977,6768.666091914329,8140.0,0,0.00364089250824299,CONTINUE OPERATION,CONTINUE OPERATION,CONTINUE OPERATION
4619,H,303.1,311.3,2056,19.7,167,8.199999999999989,4241.485185562603,3289.9,0,0.0037104702136832868,CONTINUE OPERATION,CONTINUE OPERATION,CONTINUE OPERATION
7395,M,299.7,310.6,1572,38.0,139,10.900000000000034,6255.539291827996,5282.0,0,0.0036669432692751102,CONTINUE OPERATION,CONTINUE OPERATION,CONTINUE OPERATION
5695,L,302.4,311.8,1451,42.0,110,9.400000000000034,6381.8313165023055,4620.0,0,0.0036484765524911903,CONTINUE OPERATION,CONTINUE OPERATION,CONTINUE OPERATION
9861,M,298.7,309.6,1800,24.8,78,10.900000000000034,4674.689868541612,1934.4,0,0.0036482269083981654,CONTINUE OPERATION,CONTINUE OPERATION,CONTINUE OPERATION
5600,L,302.8,312.1,1487,36.6,84,9.300000000000011,5699.288896583388,3074.4,0,0.00363972720324028,CONTINUE OPERATION,CONTINUE OPERATION,CONTINUE OPERATION
8165,L,299.6,311.0,1552,33.2,139,11.399999999999977,5395.831990197637,4614.8,0,0.003691972703400776,CONTINUE OPERATION,CONTINUE OPERATION,CONTINUE OPERATION
966,M,295.8,306.5,1641,32.2,101,10.699999999999989,5533.412804473846,3252.2000000000003,0,0.003638926025097612,CONTINUE OPERATION,CONTINUE OPERATION,CONTINUE OPERATION
9662,M,299.1,310.1,1570,30.9,226,11.0,5080.269480120055,6983.4,0,0.1073945493038061,CONTINUE OPERATION,PERFORM MAINTENANCE,PERFORM MAINTENANCE
8723,L,297.2,308.6,1578,34.4,76,11.400000000000034,5684.523411111515,2614.4,0,0.0036404426947292596,CONTINUE OPERATION,CONTINUE OPERATION,CONTINUE OPERATION
7114,H,300.9,310.4,1457,43.8,69,9.5,6682.858724569279,3022.2,0,0.003649187083503568,CONTINUE OPERATION,CONTINUE OPERATION,CONTINUE OPERATION
5871,L,301.5,311.1,1469,49.5,107,9.600000000000023,7614.74935340362,5296.5,0,0.003798580808820645,CONTINUE OPERATION,CONTINUE OPERATION,CONTINUE OPERATION
5844,L,301.4,311.1,1462,37.1,41,9.700000000000045,5680.02046164137,1521.1000000000001,0,0.003648575839929983,CONTINUE OPERATION,CONTINUE OPERATION,CONTINUE OPERATION
7956,H,300.9,311.9,1513,38.0,38,11.0,6020.757600849719,1444.0,0,0.0036625436134955407,CONTINUE OPERATION,CONTINUE OPERATION,CONTINUE OPERATION
5670,L,302.2,311.5,1424,45.2,39,9.300000000000011,6740.266094325879,1762.8000000000002,0,0.004882480606360205,CONTINUE OPERATION,CONTINUE OPERATION,CONTINUE OPERATION
6266,L,300.8,310.4,1368,46.8,21,9.599999999999966,6704.410050172904,982.8,0,0.003760559171155009,CONTINUE OPERATION,CONTINUE OPERATION,CONTINUE OPERATION
3436,L,301.5,310.5,1466,48.1,189,9.0,7384.271644360761,9090.9,0,0.0039136326385172514,CONTINUE OPERATION,CONTINUE OPERATION,CONTINUE OPERATION
4120,M,302.1,310.7,1376,46.3,210,8.599999999999966,6671.56993496738,9723.0,1,0.8174231330118417,REPAIR AFTER FAILURE,PERFORM MAINTENANCE,PERFORM MAINTENANCE
9482,H,298.8,309.6,1309,57.4,185,10.800000000000011,7868.286352523828,10619.0,0,0.006625495863421713,CONTINUE OPERATION,CONTINUE OPERATION,CONTINUE OPERATION
7785,L,300.2,311.5,1383,42.1,60,11.300000000000011,6097.234438013607,2526.0,0,0.003764209826579572,CONTINUE OPERATION,CONTINUE OPERATION,CONTINUE OPERATION
8348,M,298.7,309.6,1452,42.7,180,10.900000000000034,6492.666705320954,7686.000000000001,0,0.003722488957751217,CONTINUE OPERATION,CONTINUE OPERATION,CONTINUE OPERATION
4458,L,302.6,310.4,1478,47.7,189,7.7999999999999545,7382.805567789086,9015.300000000001,0,0.006043973969505525,CONTINUE OPERATION,CONTINUE OPERATION,CONTINUE OPERATION
6821,M,300.8,310.6,1545,37.5,155,9.800000000000011,6067.200812245289,5812.5,0,0.003692866485203901,CONTINUE OPERATION,CONTINUE OPERATION,CONTINUE OPERATION
1224,L,297.1,308.3,1763,25.7,139,11.199999999999989,4744.757856692177,3572.2999999999997,0,0.0036412898604148898,CONTINUE OPERATION,CONTINUE OPERATION,CONTINUE OPERATION
8171,H,300.0,311.4,1641,34.5,155,11.399999999999977,5928.656576221978,5347.5,0,0.003703645726852548,CONTINUE OPERATION,CONTINUE OPERATION,CONTINUE OPERATION
2946,M,300.7,309.5,1622,30.5,14,8.800000000000011,5180.591005524689,427.0,0,0.003682142646054146,CONTINUE OPERATION,CONTINUE OPERATION,CONTINUE OPERATION
426,L,297.4,308.5,1501,44.9,20,11.100000000000023,7057.577424313959,898.0,0,0.0036878752135341654,CONTINUE OPERATION,CONTINUE OPERATION,CONTINUE OPERATION
7568,L,300.2,311.0,1627,33.7,147,10.800000000000011,5741.773701235434,4953.900000000001,0,0.003649642268872974,CONTINUE OPERATION,CONTINUE OPERATION,CONTINUE OPERATION
5705,L,302.4,311.9,1452,43.1,137,9.5,6553.4879390944525,5904.7,0,0.003638926025097612,CONTINUE OPERATION,CONTINUE OPERATION,CONTINUE OPERATION
5034,M,303.9,313.1,1514,41.1,121,9.200000000000045,6516.228650222877,4973.1,0,0.00363972720324028,CONTINUE OPERATION,CONTINUE OPERATION,CONTINUE OPERATION
8799,L,297.3,308.4,1472,41.3,67,11.099999999999966,6366.290904842547,2767.1,0,0.003638926025097612,CONTINUE OPERATION,CONTINUE OPERATION,CONTINUE OPERATION
9620,L,298.9,310.0,1470,45.9,109,11.100000000000023,7065.756037188803,5003.099999999999,0,0.003692832103146746,CONTINUE OPERATION,CONTINUE OPERATION,CONTINUE OPERATION
3895,M,302.3,311.2,1546,40.0,71,8.899999999999977,6475.86965659976,2840.0,0,0.0036460199281901375,CONTINUE OPERATION,CONTINUE OPERATION,CONTINUE OPERATION
8827,L,297.2,308.7,1463,49.9,146,11.5,7644.929586829107,7285.4,0,0.003667499875158491,CONTINUE OPERATION,CONTINUE OPERATION,CONTINUE OPERATION
6597,L,301.5,310.6,1481,46.8,20,9.100000000000023,7258.210003147715,936.0,0,0.004427800180046251,CONTINUE OPERATION,CONTINUE OPERATION,CONTINUE OPERATION
9635,L,299.2,310.2,1609,33.2,156,11.0,5594.003654786081,5179.200000000001,0,0.003796894438647838,CONTINUE OPERATION,CONTINUE OPERATION,CONTINUE OPERATION
6367,L,300.0,309.6,1571,33.1,65,9.600000000000023,5445.437738197819,2151.5,0,0.003651012876608131,CONTINUE OPERATION,CONTINUE OPERATION,CONTINUE OPERATION
9874,M,298.9,309.9,1449,44.1,112,11.0,6691.686599925868,4939.2,0,0.0036554149058766485,CONTINUE OPERATION,CONTINUE OPERATION,CONTINUE OPERATION
8211,L,299.2,310.6,1675,33.3,28,11.400000000000034,5841.006141186823,932.3999999999999,0,0.003645477640388993,CONTINUE OPERATION,CONTINUE OPERATION,CONTINUE OPERATION
3804,L,302.3,310.9,1529,33.4,62,8.599999999999966,5347.891286303857,2070.7999999999997,0,0.0037247659771904224,CONTINUE OPERATION,CONTINUE OPERATION,CONTINUE OPERATION
6127,L,300.9,310.9,1228,66.4,109,10.0,8538.765056652965,7237.6,0,0.0537108715386877,CONTINUE OPERATION,CONTINUE OPERATION,CONTINUE OPERATION
7849,M,300.3,311.7,1374,47.9,222,11.399999999999977,6892.08879529836,10633.8,1,0.01990124880282815,REPAIR AFTER FAILURE,PERFORM MAINTENANCE,CONTINUE OPERATION
717,L,297.4,308.7,1545,36.9,125,11.300000000000011,5970.125599249363,4612.5,0,0.0036404426947292596,CONTINUE OPERATION,CONTINUE OPERATION,CONTINUE OPERATION
7285,M,300.2,310.4,1202,61.7,74,10.199999999999989,7766.373086841376,4565.8,0,0.004514807389860128,CONTINUE OPERATION,CONTINUE OPERATION,CONTINUE OPERATION
9236,L,298.1,308.7,1556,31.6,145,10.599999999999966,5149.028471331623,4582.0,0,0.0037173670272406143,CONTINUE OPERATION,CONTINUE OPERATION,CONTINUE OPERATION
2970,M,300.6,309.4,1452,39.4,78,8.799999999999955,5990.891526689592,3073.2,0,0.0036958376024717023,CONTINUE OPERATION,CONTINUE OPERATION,CONTINUE OPERATION
2773,L,299.9,309.4,1858,22.5,22,9.5,4377.809362777377,495.0,0,0.003677775023756226,CONTINUE OPERATION,CONTINUE OPERATION,CONTINUE OPERATION
9259,M,298.2,309.0,1694,28.0,5,10.800000000000011,4967.067424835703,140.0,0,0.003640100013952964,CONTINUE OPERATION,CONTINUE OPERATION,CONTINUE OPERATION
5594,L,302.6,311.9,1598,35.5,69,9.299999999999955,5940.646988183178,2449.5,0,0.0036687001031515828,CONTINUE OPERATION,CONTINUE OPERATION,CONTINUE OPERATION
6712,H,301.4,310.7,1516,36.4,83,9.300000000000011,5778.687414915113,3021.2,0,0.0036424622941318998,CONTINUE OPERATION,CONTINUE OPERATION,CONTINUE OPERATION
1809,L,298.1,307.7,1767,27.0,127,9.599999999999966,4996.074797003848,3429.0,0,0.0036524533673762565,CONTINUE OPERATION,CONTINUE OPERATION,CONTINUE OPERATION
354,L,297.6,308.3,1658,34.3,59,10.699999999999989,5955.3496418019795,2023.6999999999998,0,0.003638926025097612,CONTINUE OPERATION,CONTINUE OPERATION,CONTINUE OPERATION
1428,L,298.8,309.9,1568,33.7,13,11.099999999999966,5533.559412131014,438.1,0,0.0036713002754959465,CONTINUE OPERATION,CONTINUE OPERATION,CONTINUE OPERATION
2789,H,300.3,309.5,1438,44.0,59,9.199999999999989,6625.828345931113,2596.0,0,0.004180333634676232,CONTINUE OPERATION,CONTINUE OPERATION,CONTINUE OPERATION
6005,L,300.6,310.5,1570,38.3,14,9.899999999999977,6296.903595100262,536.1999999999999,0,0.0036538906443107483,CONTINUE OPERATION,CONTINUE OPERATION,CONTINUE OPERATION
5988,H,300.7,310.8,1296,58.2,204,10.100000000000023,7898.717913361602,11872.800000000001,0,0.6563270392708007,CONTINUE OPERATION,PERFORM MAINTENANCE,PERFORM MAINTENANCE
7423,L,300.0,311.3,1407,47.3,208,11.300000000000011,6969.214894943989,9838.4,0,0.03040090736482185,CONTINUE OPERATION,PERFORM MAINTENANCE,CONTINUE OPERATION
840,L,296.6,307.5,1582,37.9,197,10.899999999999977,6278.766133513536,7466.299999999999,0,0.004314349217312087,CONTINUE OPERATION,CONTINUE OPERATION,CONTINUE OPERATION
5206,H,303.7,312.6,1711,27.6,170,8.900000000000034,4945.243827868765,4692.0,0,0.0036480196915443528,CONTINUE OPERATION,CONTINUE OPERATION,CONTINUE OPERATION
9558,M,299.5,310.9,1577,34.6,159,11.399999999999977,5713.9496623001405,5501.400000000001,0,0.003655384189079436,CONTINUE OPERATION,CONTINUE OPERATION,CONTINUE OPERATION
9181,L,297.9,309.1,1521,36.1,15,11.200000000000045,5749.96278608579,541.5,0,0.003638926025097612,CONTINUE OPERATION,CONTINUE OPERATION,CONTINUE OPERATION
8539,L,298.5,309.4,1517,40.2,45,10.899999999999977,6386.16671436426,1809.0000000000002,0,0.003910012304179135,CONTINUE OPERATION,CONTINUE OPERATION,CONTINUE OPERATION
797,L,296.8,307.7,1565,40.1,89,10.899999999999977,6571.845312166927,3568.9,0,0.0036404426947292596,CONTINUE OPERATION,CONTINUE OPERATION,CONTINUE OPERATION
2427,L,298.9,308.3,1855,23.8,33,9.400000000000034,4623.272468777859,785.4,0,0.0036704267287913797,CONTINUE OPERATION,CONTINUE OPERATION,CONTINUE OPERATION
542,L,297.5,309.4,1803,24.7,98,11.899999999999977,4663.60004647444,2420.6,0,0.003640115871559538,CONTINUE OPERATION,CONTINUE OPERATION,CONTINUE OPERATION
3045,L,300.2,309.4,1526,35.3,46,9.199999999999989,5641.0228248348085,1623.8,0,0.0036673645617863087,CONTINUE OPERATION,CONTINUE OPERATION,CONTINUE OPERATION
3034,H,300.6,309.7,1470,43.8,18,9.099999999999966,6742.486153134413,788.4,0,0.003651413589797282,CONTINUE OPERATION,CONTINUE OPERATION,CONTINUE OPERATION
20,H,298.9,309.3,1375,42.7,58,10.400000000000034,6148.3586224630235,2476.6000000000004,0,0.0037339657087098925,CONTINUE OPERATION,CONTINUE OPERATION,CONTINUE OPERATION
6526,L,301.2,310.4,1515,38.4,51,9.199999999999989,6092.176473841327,1958.3999999999999,0,0.00363972720324028,CONTINUE OPERATION,CONTINUE OPERATION,CONTINUE OPERATION
3951,M,302.3,311.4,1571,32.7,17,9.099999999999966,5379.631844080625,555.9000000000001,0,0.003652115532771974,CONTINUE OPERATION,CONTINUE OPERATION,CONTINUE OPERATION
2193,M,299.5,308.9,1448,42.9,74,9.399999999999977,6505.107412229169,3174.6,0,0.003638926025097612,CONTINUE OPERATION,CONTINUE OPERATION,CONTINUE OPERATION
5391,L,302.7,312.2,1572,34.4,228,9.5,5662.909253654817,7843.2,0,0.19067547506375315,CONTINUE OPERATION,PERFORM MAINTENANCE,PERFORM MAINTENANCE
2569,H,299.5,309.2,1872,22.6,162,9.699999999999989,4430.39962379847,3661.2000000000003,0,0.0038804081992178732,CONTINUE OPERATION,CONTINUE OPERATION,CONTINUE OPERATION
2448,L,299.4,308.9,1440,42.5,87,9.5,6408.849013323178,3697.5,0,0.003638926025097612,CONTINUE OPERATION,CONTINUE OPERATION,CONTINUE OPERATION
9762,L,298.6,309.7,1925,22.1,7,11.099999999999966,4455.040182178126,154.70000000000002,0,0.003756447087681805,CONTINUE OPERATION,CONTINUE OPERATION,CONTINUE OPERATION
5056,M,303.9,312.9,1430,53.5,189,9.0,8011.584865429572,10111.5,0,0.011820499036939842,CONTINUE OPERATION,CONTINUE OPERATION,CONTINUE OPERATION
6078,L,300.8,310.7,1339,59.1,203,9.899999999999977,8286.987349418765,11997.300000000001,1,0.9933582507353526,REPAIR AFTER FAILURE,PERFORM MAINTENANCE,PERFORM MAINTENANCE
7648,L,300.4,311.4,1552,28.8,135,11.0,4680.7217264365045,3888.0,0,0.0037949472780592812,CONTINUE OPERATION,CONTINUE OPERATION,CONTINUE OPERATION
1301,L,298.7,309.9,1483,32.8,142,11.199999999999989,5093.820216432538,4657.599999999999,0,0.003986790531892566,CONTINUE OPERATION,CONTINUE OPERATION,CONTINUE OPERATION
7712,L,300.5,311.5,1499,37.6,73,11.0,5902.256725956312,2744.8,0,0.0036496921215213294,CONTINUE OPERATION,CONTINUE OPERATION,CONTINUE OPERATION
704,L,297.7,308.9,1516,33.7,92,11.199999999999989,5350.048513259322,3100.4,0,0.003666379768970011,CONTINUE OPERATION,CONTINUE OPERATION,CONTINUE OPERATION
8925,M,297.2,308.2,1405,42.5,204,11.0,6253.078377582685,8670.0,0,0.007561016302659545,CONTINUE OPERATION,PERFORM MAINTENANCE,CONTINUE OPERATION
3463,L,301.6,310.5,1809,25.5,40,8.899999999999977,4830.669943792345,1020.0,0,0.0036444389011502064,CONTINUE OPERATION,CONTINUE OPERATION,CONTINUE OPERATION
8209,L,299.3,310.8,1391,46.9,21,11.5,6831.6969125208525,984.9,0,0.003947262373221681,CONTINUE OPERATION,CONTINUE OPERATION,CONTINUE OPERATION
3311,L,301.3,310.4,1459,44.7,92,9.099999999999966,6829.539685565387,4112.400000000001,0,0.0036458407490383626,CONTINUE OPERATION,CONTINUE OPERATION,CONTINUE OPERATION
5427,L,302.7,312.4,1423,51.9,60,9.699999999999989,7733.941378680817,3114.0,0,0.003865126433604453,CONTINUE OPERATION,CONTINUE OPERATION,CONTINUE OPERATION
3503,L,301.7,310.8,1493,47.6,145,9.100000000000023,7442.097893137838,6902.0,0,0.003953328553575539,CONTINUE OPERATION,CONTINUE OPERATION,CONTINUE OPERATION
2939,L,300.9,309.7,1431,41.4,199,8.800000000000011,6203.954340456052,8238.6,0,0.0039364104923052465,CONTINUE OPERATION,CONTINUE OPERATION,CONTINUE OPERATION
8262,L,299.1,310.6,1921,23.9,158,11.5,4807.8829250783065,3776.2,0,0.003926882217992642,CONTINUE OPERATION,CONTINUE OPERATION,CONTINUE OPERATION
2952,H,300.7,309.5,1667,30.5,29,8.800000000000011,5324.318869426421,884.5,0,0.003687386409288702,CONTINUE OPERATION,CONTINUE OPERATION,CONTINUE OPERATION
274,L,298.1,308.0,1652,28.5,63,9.899999999999977,4930.415510543821,1795.5,0,0.003640100013952964,CONTINUE OPERATION,CONTINUE OPERATION,CONTINUE OPERATION
5547,M,302.3,311.7,1540,28.9,149,9.399999999999977,4660.657421355578,4306.099999999999,0,0.004897071878826563,CONTINUE OPERATION,CONTINUE OPERATION,CONTINUE OPERATION
7144,M,300.4,309.8,1517,40.3,149,9.400000000000034,6402.052701215912,6004.7,0,0.003710347681898976,CONTINUE OPERATION,CONTINUE OPERATION,CONTINUE OPERATION
6645,M,301.5,310.4,1486,39.6,144,8.899999999999977,6162.296821869451,5702.400000000001,0,0.00363972720324028,CONTINUE OPERATION,CONTINUE OPERATION,CONTINUE OPERATION
4031,L,302.0,310.8,1447,42.7,229,8.800000000000011,6470.309037602906,9778.300000000001,0,0.03523846512692254,CONTINUE OPERATION,PERFORM MAINTENANCE,CONTINUE OPERATION
249,L,298.0,308.3,1405,56.2,218,10.300000000000011,8268.776584003457,12251.6,1,0.9822014204735883,REPAIR AFTER FAILURE,PERFORM MAINTENANCE,PERFORM MAINTENANCE
6175,L,300.9,310.8,1517,44.3,4,9.900000000000034,7037.492175282007,177.2,0,0.003658253180998889,CONTINUE OPERATION,CONTINUE OPERATION,CONTINUE OPERATION
706,M,297.8,309.0,1434,43.3,96,11.199999999999989,6502.2799788409375,4156.799999999999,0,0.003652918146921015,CONTINUE OPERATION,CONTINUE OPERATION,CONTINUE OPERATION
8077,L,300.3,311.8,1547,39.7,121,11.5,6431.458008453513,4803.700000000001,0,0.0036404426947292596,CONTINUE OPERATION,CONTINUE OPERATION,CONTINUE OPERATION
8971,L,296.9,307.6,1514,35.7,100,10.700000000000045,5660.081820266587,3570.0000000000005,0,0.003695539117641513,CONTINUE OPERATION,CONTINUE OPERATION,CONTINUE OPERATION
6887,L,300.8,311.3,1782,26.9,116,10.5,5019.8252374649865,3120.3999999999996,0,0.003654648657325635,CONTINUE OPERATION,CONTINUE OPERATION,CONTINUE OPERATION
1169,L,297.0,308.1,1355,43.7,217,11.100000000000023,6200.823219777975,9482.900000000001,0,0.09475891988340672,CONTINUE OPERATION,PERFORM MAINTENANCE,CONTINUE OPERATION
3866,L,302.6,311.6,1311,53.2,0,9.0,7303.7002647716945,0.0,0,0.010643287101988102,CONTINUE OPERATION,CONTINUE OPERATION,CONTINUE OPERATION
7701,H,300.8,311.7,1468,38.7,39,10.899999999999977,5949.296839956064,1509.3000000000002,0,0.0036742877477432866,CONTINUE OPERATION,CONTINUE OPERATION,CONTINUE OPERATION
4692,M,303.4,311.4,1606,29.6,122,8.0,4978.125830976339,3611.2000000000003,0,0.0037675601246833805,CONTINUE OPERATION,CONTINUE OPERATION,CONTINUE OPERATION
5567,M,302.5,312.0,1445,54.8,0,9.5,8292.338528905377,0.0,0,0.0057082942503083375,CONTINUE OPERATION,CONTINUE OPERATION,CONTINUE OPERATION
9541,M,299.5,310.8,1754,31.3,114,11.300000000000011,5749.135500020346,3568.2000000000003,0,0.0036677669342429628,CONTINUE OPERATION,CONTINUE OPERATION,CONTINUE OPERATION
9413,L,298.1,308.6,1439,44.9,205,10.5,6766.058570011848,9204.5,0,0.01705948036831999,CONTINUE OPERATION,PERFORM MAINTENANCE,CONTINUE OPERATION
5897,M,301.0,310.7,1517,40.2,171,9.699999999999989,6386.16671436426,6874.200000000001,0,0.0036666787403508,CONTINUE OPERATION,CONTINUE OPERATION,CONTINUE OPERATION
9759,L,298.5,309.7,1613,36.7,0,11.199999999999989,6199.105815794012,0.0,0,0.0036929363934336728,CONTINUE OPERATION,CONTINUE OPERATION,CONTINUE OPERATION
7525,H,300.1,311.5,1383,49.1,33,11.399999999999977,7111.026387327033,1620.3,0,0.004503525284420741,CONTINUE OPERATION,CONTINUE OPERATION,CONTINUE OPERATION
1568,L,298.2,308.2,1407,47.1,153,10.0,6939.746755853317,7206.3,0,0.003666196175717946,CONTINUE OPERATION,CONTINUE OPERATION,CONTINUE OPERATION
482,L,297.3,309.0,1548,37.4,171,11.699999999999989,6062.771166603727,6395.4,0,0.0036404426947292596,CONTINUE OPERATION,CONTINUE OPERATION,CONTINUE OPERATION
8062,M,300.3,311.6,1359,54.1,81,11.300000000000011,7699.195363932114,4382.1,0,0.004291689392716649,CONTINUE OPERATION,CONTINUE OPERATION,CONTINUE OPERATION
874,L,295.9,306.4,1575,28.5,74,10.5,4700.608007933728,2109.0,0,0.003724364057002904,CONTINUE OPERATION,CONTINUE OPERATION,CONTINUE OPERATION
9671,L,299.0,310.2,1412,44.1,246,11.199999999999989,6520.815375497119,10848.6,0,0.03625934422265146,CONTINUE OPERATION,PERFORM MAINTENANCE,CONTINUE OPERATION
2081,M,299.4,309.3,1485,47.1,209,9.900000000000034,7324.466192211924,9843.9,0,0.005583514075432714,CONTINUE OPERATION,PERFORM MAINTENANCE,CONTINUE OPERATION
5591,L,302.5,312.0,1574,33.8,63,9.5,5571.216636072043,2129.3999999999996,0,0.0036551349475042504,CONTINUE OPERATION,CONTINUE OPERATION,CONTINUE OPERATION
3345,L,301.3,310.7,1594,34.1,172,9.399999999999977,5692.084177431155,5865.2,0,0.003663863592806274,CONTINUE OPERATION,CONTINUE OPERATION,CONTINUE OPERATION
4794,L,303.6,312.6,1699,27.9,160,9.0,4963.936304157624,4464.0,0,0.003703514368732413,CONTINUE OPERATION,CONTINUE OPERATION,CONTINUE OPERATION
3181,L,300.2,309.4,1527,37.0,194,9.199999999999989,5916.561444505656,7178.0,0,0.0038356755477740776,CONTINUE OPERATION,CONTINUE OPERATION,CONTINUE OPERATION
2051,M,299.4,309.2,1470,44.4,135,9.800000000000011,6834.8489771499535,5994.0,0,0.0037078003812142614,CONTINUE OPERATION,CONTINUE OPERATION,CONTINUE OPERATION
1626,M,297.9,307.8,1303,59.3,75,9.900000000000034,8091.475566610358,4447.5,0,0.0038238588159092467,CONTINUE OPERATION,CONTINUE OPERATION,CONTINUE OPERATION
2097,M,299.4,309.4,1326,47.5,35,10.0,6595.77377621177,1662.5,0,0.0036738705045438443,CONTINUE OPERATION,CONTINUE OPERATION,CONTINUE OPERATION
7947,L,300.8,311.7,1426,45.5,16,10.899999999999977,6794.531871428884,728.0,0,0.003930203672749556,CONTINUE OPERATION,CONTINUE OPERATION,CONTINUE OPERATION
8193,L,299.5,310.8,1873,22.3,211,11.300000000000011,4373.924259862438,4705.3,0,0.11389173743426691,CONTINUE OPERATION,PERFORM MAINTENANCE,PERFORM MAINTENANCE
3902,L,302.2,311.1,1630,34.6,94,8.900000000000034,5905.984749238572,3252.4,0,0.003648039527592778,CONTINUE OPERATION,CONTINUE OPERATION,CONTINUE OPERATION
8743,H,297.4,308.7,1323,51.1,130,11.300000000000011,7079.610460791135,6643.0,0,0.0036438007503955872,CONTINUE OPERATION,CONTINUE OPERATION,CONTINUE OPERATION
8887,L,297.8,308.9,1530,37.6,106,11.099999999999966,6024.318072523787,3985.6000000000004,0,0.0036553131203249704,CONTINUE OPERATION,CONTINUE OPERATION,CONTINUE OPERATION
2814,L,300.0,309.3,1395,56.5,122,9.300000000000011,8253.749299143783,6893.0,0,0.0036602453029069134,CONTINUE OPERATION,CONTINUE OPERATION,CONTINUE OPERATION
6415,L,300.4,310.1,1503,42.2,196,9.700000000000045,6642.018020072613,8271.2,0,0.003785550819175017,CONTINUE OPERATION,CONTINUE OPERATION,CONTINUE OPERATION
5270,L,303.5,312.9,1275,64.4,113,9.399999999999977,8598.539092875264,7277.200000000001,0,0.02877353235884853,CONTINUE OPERATION,CONTINUE OPERATION,CONTINUE OPERATION
9568,L,299.8,311.1,1588,38.0,183,11.300000000000011,6319.208902940749,6954.0,0,0.0036404426947292596,CONTINUE OPERATION,CONTINUE OPERATION,CONTINUE OPERATION
6920,M,301.2,311.6,1423,48.0,199,10.400000000000034,7152.778153693242,9552.0,0,0.00388300836308767,CONTINUE OPERATION,CONTINUE OPERATION,CONTINUE OPERATION
1669,L,298.2,307.9,1544,31.4,192,9.699999999999989,5076.981279809297,6028.799999999999,0,0.004455612716935927,CONTINUE OPERATION,CONTINUE OPERATION,CONTINUE OPERATION
8506,L,298.4,309.6,1710,27.3,163,11.200000000000045,4888.6323282510775,4449.900000000001,1,0.003829775743698053,REPAIR AFTER FAILURE,CONTINUE OPERATION,CONTINUE OPERATION
9951,L,298.2,307.8,1355,59.4,115,9.600000000000023,8428.578930316056,6831.0,0,0.004489006163886372,CONTINUE OPERATION,CONTINUE OPERATION,CONTINUE OPERATION
721,L,297.5,308.9,1696,30.9,133,11.399999999999977,5487.985374702937,4109.7,0,0.003640115871559538,CONTINUE OPERATION,CONTINUE OPERATION,CONTINUE OPERATION
6558,M,301.5,310.6,1447,41.9,140,9.100000000000023,6349.085449076388,5866.0,0,0.00363972720324028,CONTINUE OPERATION,CONTINUE OPERATION,CONTINUE OPERATION
8110,H,300.3,311.8,2141,18.5,204,11.5,4147.792420657044,3774.0,0,0.01081907647250798,CONTINUE OPERATION,PERFORM MAINTENANCE,CONTINUE OPERATION
1984,M,298.0,307.5,1387,45.5,166,9.5,6608.706665969048,7553.0,0,0.003755732541346716,CONTINUE OPERATION,CONTINUE OPERATION,CONTINUE OPERATION
1088,M,296.9,307.8,1392,43.9,0,10.900000000000034,6399.298571656264,0.0,0,0.00381101322724092,CONTINUE OPERATION,CONTINUE OPERATION,CONTINUE OPERATION
3472,L,301.8,310.7,1523,43.3,60,8.899999999999977,6905.838499145571,2598.0,0,0.0036545858935232976,CONTINUE OPERATION,CONTINUE OPERATION,CONTINUE OPERATION
9231,L,298.2,309.1,1539,36.5,134,10.900000000000034,5882.475164214209,4891.0,0,0.0036416472546152274,CONTINUE OPERATION,CONTINUE OPERATION,CONTINUE OPERATION
8504,L,298.4,309.7,1419,41.3,159,11.300000000000011,6137.069832861124,6566.7,0,0.003692036873921293,CONTINUE OPERATION,CONTINUE OPERATION,CONTINUE OPERATION
5305,H,303.9,313.2,1680,29.1,201,9.300000000000011,5119.539388289927,5849.1,0,0.00488409329478439,CONTINUE OPERATION,PERFORM MAINTENANCE,CONTINUE OPERATION
4912,L,303.5,312.2,1511,37.1,27,8.699999999999989,5870.390504473399,1001.7,0,0.00363972720324028,CONTINUE OPERATION,CONTINUE OPERATION,CONTINUE OPERATION
9395,L,297.7,308.2,1500,39.9,158,10.5,6267.477343911637,6304.2,0,0.003638926025097612,CONTINUE OPERATION,CONTINUE OPERATION,CONTINUE OPERATION
8944,L,297.3,308.3,1471,38.2,37,11.0,5884.433423634946,1413.4,0,0.003638926025097612,CONTINUE OPERATION,CONTINUE OPERATION,CONTINUE OPERATION
3256,L,301.1,309.8,1519,39.6,167,8.699999999999989,6299.144597859823,6613.2,0,0.0036660862981241103,CONTINUE OPERATION,CONTINUE OPERATION,CONTINUE OPERATION
5130,L,304.2,313.3,1668,35.7,180,9.100000000000023,6235.810089963453,6426.000000000001,0,0.003691039382984139,CONTINUE OPERATION,CONTINUE OPERATION,CONTINUE OPERATION
956,H,295.6,306.2,1632,32.2,76,10.599999999999966,5503.06501944017,2447.2000000000003,0,0.003638926025097612,CONTINUE OPERATION,CONTINUE OPERATION,CONTINUE OPERATION
8636,L,297.5,308.4,1723,27.3,67,10.899999999999977,4925.797369343045,1829.1000000000001,0,0.0036412898604148898,CONTINUE OPERATION,CONTINUE OPERATION,CONTINUE OPERATION
6863,L,301.1,311.3,1630,29.5,51,10.199999999999989,5035.44942492884,1504.5,0,0.0037112072059318412,CONTINUE OPERATION,CONTINUE OPERATION,CONTINUE OPERATION
2203,L,299.8,309.0,1614,30.8,100,9.199999999999989,5205.744690704431,3080.0,0,0.0036582991453136594,CONTINUE OPERATION,CONTINUE OPERATION,CONTINUE OPERATION
7270,L,300.2,310.4,1808,25.8,35,10.199999999999989,4884.799585213697,903.0,0,0.0036470370619362397,CONTINUE OPERATION,CONTINUE OPERATION,CONTINUE OPERATION
2258,L,299.1,308.2,1319,60.3,36,9.099999999999966,8328.959027270723,2170.7999999999997,0,0.00427036224253924,CONTINUE OPERATION,CONTINUE OPERATION,CONTINUE OPERATION
7230,L,299.8,309.8,1542,39.4,155,10.0,6362.227778343905,6107.0,0,0.0036486389076014853,CONTINUE OPERATION,CONTINUE OPERATION,CONTINUE OPERATION
2783,M,300.2,309.6,1528,35.1,44,9.400000000000034,5616.413682381689,1544.4,0,0.0036525314535935465,CONTINUE OPERATION,CONTINUE OPERATION,CONTINUE OPERATION
4374,L,302.0,309.7,1551,34.8,207,7.699999999999989,5652.2278386326125,7203.599999999999,0,0.010819595885381372,CONTINUE OPERATION,PERFORM MAINTENANCE,CONTINUE OPERATION
5244,L,303.6,313.0,1593,31.6,52,9.399999999999977,5271.466809017529,1643.2,0,0.0036500748186349364,CONTINUE OPERATION,CONTINUE OPERATION,CONTINUE OPERATION
4865,M,303.5,312.3,1624,34.8,121,8.800000000000011,5918.2579045385955,4210.799999999999,0,0.00363972720324028,CONTINUE OPERATION,CONTINUE OPERATION,CONTINUE OPERATION
6420,L,300.3,309.9,1518,36.4,0,9.599999999999966,5786.311013087825,0.0,0,0.003656302641008017,CONTINUE OPERATION,CONTINUE OPERATION,CONTINUE OPERATION
8115,L,300.4,311.8,1367,57.2,10,11.400000000000034,8188.288980218485,572.0,0,0.004558458749879835,CONTINUE OPERATION,CONTINUE OPERATION,CONTINUE OPERATION
2023,L,298.7,308.5,1444,54.2,62,9.800000000000011,8195.870690489148,3360.4,0,0.0037006032175282907,CONTINUE OPERATION,CONTINUE OPERATION,CONTINUE OPERATION
3643,L,302.3,311.6,1784,26.4,79,9.300000000000011,4932.049138723688,2085.6,0,0.0036715764667453648,CONTINUE OPERATION,CONTINUE OPERATION,CONTINUE OPERATION
939,L,295.5,306.1,1488,40.7,31,10.600000000000023,6341.995921654788,1261.7,0,0.0036636352747021123,CONTINUE OPERATION,CONTINUE OPERATION,CONTINUE OPERATION
4627,M,303.0,311.2,1592,38.9,188,8.199999999999989,6485.168770854386,7313.2,0,0.0038076214632610517,CONTINUE OPERATION,CONTINUE OPERATION,CONTINUE OPERATION
2763,L,299.8,309.2,1491,47.5,216,9.399999999999977,7416.514856962103,10260.0,0,0.009313293252459009,CONTINUE OPERATION,PERFORM MAINTENANCE,CONTINUE OPERATION
7583,L,300.3,311.1,1480,46.6,185,10.800000000000011,7222.312071092695,8621.0,0,0.0036845900547359902,CONTINUE OPERATION,CONTINUE OPERATION,CONTINUE OPERATION
6553,L,301.4,310.8,1389,52.7,125,9.400000000000034,7665.517490685631,6587.5,0,0.003762499740781207,CONTINUE OPERATION,CONTINUE OPERATION,CONTINUE OPERATION
3234,L,300.8,309.4,1489,38.4,109,8.599999999999966,5987.624270329858,4185.599999999999,0,0.0036724329286640734,CONTINUE OPERATION,CONTINUE OPERATION,CONTINUE OPERATION
240,M,298.0,308.1,1339,51.6,197,10.100000000000023,7235.339208629582,10165.2,0,0.004165733524572825,CONTINUE OPERATION,CONTINUE OPERATION,CONTINUE OPERATION
3510,L,301.7,311.0,1474,42.6,164,9.300000000000011,6575.604751375725,6986.400000000001,0,0.003646469741703868,CONTINUE OPERATION,CONTINUE OPERATION,CONTINUE OPERATION
8381,H,298.8,310.0,1530,38.3,53,11.199999999999989,6136.472930256942,2029.8999999999999,0,0.0038432955183515622,CONTINUE OPERATION,CONTINUE OPERATION,CONTINUE OPERATION
5738,L,302.3,311.7,1281,48.8,0,9.399999999999977,6546.325107844267,0.0,0,0.006657687408810523,CONTINUE OPERATION,CONTINUE OPERATION,CONTINUE OPERATION
7893,L,300.9,312.7,1416,43.8,112,11.800000000000011,6494.802988325395,4905.599999999999,0,0.0036539973837923082,CONTINUE OPERATION,CONTINUE OPERATION,CONTINUE OPERATION
6047,H,300.9,311.0,1853,23.6,122,10.100000000000023,4579.478667186818,2879.2000000000003,0,0.003654648657325635,CONTINUE OPERATION,CONTINUE OPERATION,CONTINUE OPERATION
7248,L,300.0,310.1,1762,28.0,202,10.100000000000023,5166.453838583534,5656.0,0,0.003950395979100503,CONTINUE OPERATION,PERFORM MAINTENANCE,CONTINUE OPERATION
8607,L,297.5,308.4,1433,50.0,218,10.899999999999977,7503.170454323622,10900.0,0,0.04373435669761069,CONTINUE OPERATION,PERFORM MAINTENANCE,CONTINUE OPERATION
6052,L,300.9,311.0,2003,20.2,138,10.100000000000023,4237.024123994505,2787.6,0,0.003654648657325635,CONTINUE OPERATION,CONTINUE OPERATION,CONTINUE OPERATION
2903,M,300.7,309.5,1733,26.7,108,8.800000000000011,4845.498261117289,2883.6,0,0.003665912038314738,CONTINUE OPERATION,CONTINUE OPERATION,CONTINUE OPERATION
2599,M,299.2,308.9,1447,39.6,22,9.699999999999989,6000.567632062648,871.2,0,0.003638926025097612,CONTINUE OPERATION,CONTINUE OPERATION,CONTINUE OPERATION
2782,M,300.2,309.6,1491,41.8,41,9.400000000000034,6526.533074126651,1713.8,0,0.0036658508808144717,CONTINUE OPERATION,CONTINUE OPERATION,CONTINUE OPERATION
8612,L,297.5,308.4,1441,44.5,4,10.899999999999977,6715.101937170623,178.0,0,0.003694807085792008,CONTINUE OPERATION,CONTINUE OPERATION,CONTINUE OPERATION
6573,M,301.4,310.6,1855,25.3,178,9.200000000000045,4914.655187398313,4503.400000000001,0,0.0037812853344032214,CONTINUE OPERATION,CONTINUE OPERATION,CONTINUE OPERATION
5870,L,301.5,311.1,2055,16.8,105,9.600000000000023,3615.3448257511336,1764.0,0,0.003799315057284648,CONTINUE OPERATION,CONTINUE OPERATION,CONTINUE OPERATION
388,L,297.6,308.7,1455,48.2,145,11.099999999999966,7344.10114629686,6989.0,0,0.003698661710596997,CONTINUE OPERATION,CONTINUE OPERATION,CONTINUE OPERATION
6000,H,300.4,310.2,1431,43.2,0,9.800000000000011,6473.691485693272,0.0,0,0.003773863958439874,CONTINUE OPERATION,CONTINUE OPERATION,CONTINUE OPERATION
4379,M,301.8,309.5,1732,30.1,220,7.699999999999989,5459.375937604247,6622.0,0,0.07212920770320255,CONTINUE OPERATION,PERFORM MAINTENANCE,CONTINUE OPERATION
7940,M,300.7,311.7,1532,40.0,0,11.0,6417.22659373275,0.0,0,0.0036449111603475194,CONTINUE OPERATION,CONTINUE OPERATION,CONTINUE OPERATION
6138,M,300.8,310.7,1452,43.0,139,9.899999999999977,6538.282630651078,5977.0,0,0.0036450395708956954,CONTINUE OPERATION,CONTINUE OPERATION,CONTINUE OPERATION
5663,M,302.3,311.5,1530,42.3,21,9.199999999999989,6777.35783158926,888.3,0,0.0038245933190086032,CONTINUE OPERATION,CONTINUE OPERATION,CONTINUE OPERATION
2134,L,299.3,309.0,1473,46.3,146,9.699999999999989,7141.876827185284,6759.799999999999,0,0.003642097068128957,CONTINUE OPERATION,CONTINUE OPERATION,CONTINUE OPERATION
5527,M,302.5,311.9,1532,38.8,96,9.399999999999977,6224.709795920768,3724.7999999999997,0,0.0036404426947292596,CONTINUE OPERATION,CONTINUE OPERATION,CONTINUE OPERATION
9108,M,297.5,308.6,1440,38.8,29,11.100000000000023,5850.90215804563,1125.1999999999998,0,0.0036658118292163693,CONTINUE OPERATION,CONTINUE OPERATION,CONTINUE OPERATION
4403,L,302.3,310.1,1388,49.9,48,7.800000000000011,7253.015903293779,2395.2,0,0.008225149520698815,CONTINUE OPERATION,CONTINUE OPERATION,CONTINUE OPERATION
8524,L,298.3,309.4,1468,46.2,10,11.099999999999966,7102.2613438235185,462.0,0,0.0037391093634421544,CONTINUE OPERATION,CONTINUE OPERATION,CONTINUE OPERATION
2917,L,300.6,309.5,1516,39.0,142,8.899999999999977,6191.450801694764,5538.0,0,0.00365515211316903,CONTINUE OPERATION,CONTINUE OPERATION,CONTINUE OPERATION
244,M,298.0,308.2,1395,49.1,206,10.199999999999989,7172.727267043536,10114.6,0,0.005579218928796868,CONTINUE OPERATION,PERFORM MAINTENANCE,CONTINUE OPERATION
2080,L,299.3,309.2,2280,15.4,207,9.899999999999977,3676.9200417614943,3187.8,0,0.08224028749274843,CONTINUE OPERATION,PERFORM MAINTENANCE,CONTINUE OPERATION
6719,M,301.4,310.6,1431,40.6,101,9.200000000000045,6084.071164795066,4100.6,0,0.003765354869225956,CONTINUE OPERATION,CONTINUE OPERATION,CONTINUE OPERATION
2803,L,300.2,309.5,1343,50.2,98,9.300000000000011,7060.059282510294,4919.6,0,0.003694549735901588,CONTINUE OPERATION,CONTINUE OPERATION,CONTINUE OPERATION
9312,H,298.5,309.4,1573,33.6,143,10.899999999999977,5534.732273388355,4804.8,0,0.0036436039303756754,CONTINUE OPERATION,CONTINUE OPERATION,CONTINUE OPERATION
1308,L,298.9,310.1,1750,25.0,156,11.200000000000045,4581.4892864851145,3900.0,0,0.00368935953123613,CONTINUE OPERATION,CONTINUE OPERATION,CONTINUE OPERATION
2672,L,299.7,309.3,1445,42.6,0,9.600000000000023,6446.233965900896,0.0,0,0.003639864083070806,CONTINUE OPERATION,CONTINUE OPERATION,CONTINUE OPERATION
3949,L,302.3,311.5,1384,50.8,13,9.199999999999989,7362.552767148943,660.4,0,0.004135242791184995,CONTINUE OPERATION,CONTINUE OPERATION,CONTINUE OPERATION
979,L,296.2,306.8,1389,53.3,132,10.600000000000023,7752.790934602354,7035.599999999999,0,0.003763958408776892,CONTINUE OPERATION,CONTINUE OPERATION,CONTINUE OPERATION
3412,L,301.3,310.3,1313,55.6,127,9.0,7644.8353390494985,7061.2,0,0.004273576663136432,CONTINUE OPERATION,CONTINUE OPERATION,CONTINUE OPERATION
1281,H,298.3,309.5,1427,54.3,89,11.199999999999989,8114.325417177469,4832.7,0,0.003748216985836151,CONTINUE OPERATION,CONTINUE OPERATION,CONTINUE OPERATION
6450,L,300.6,310.2,1378,47.3,71,9.599999999999966,6825.570806846351,3358.2999999999997,0,0.003768687114020034,CONTINUE OPERATION,CONTINUE OPERATION,CONTINUE OPERATION
4059,L,301.9,310.8,1465,44.3,57,8.900000000000034,6796.259747388359,2525.1,0,0.0037447385806570433,CONTINUE OPERATION,CONTINUE OPERATION,CONTINUE OPERATION
3786,L,302.3,310.9,1587,36.6,20,8.599999999999966,6082.563200321342,732.0,0,0.003757330607717882,CONTINUE OPERATION,CONTINUE OPERATION,CONTINUE OPERATION
1959,M,297.8,307.6,1352,49.4,102,9.800000000000011,6994.106780735932,5038.8,0,0.003692794130917073,CONTINUE OPERATION,CONTINUE OPERATION,CONTINUE OPERATION
42,M,298.8,309.1,1368,49.1,117,10.300000000000011,7033.900287681403,5744.7,0,0.003668769617789359,CONTINUE OPERATION,CONTINUE OPERATION,CONTINUE OPERATION
5325,L,303.5,312.7,1694,27.3,40,9.199999999999989,4842.89073921481,1092.0,0,0.0036409026321159188,CONTINUE OPERATION,CONTINUE OPERATION,CONTINUE OPERATION
8447,L,298.6,310.1,1439,49.9,17,11.5,7519.517208097801,848.3,0,0.005566585608708589,CONTINUE OPERATION,CONTINUE OPERATION,CONTINUE OPERATION
6449,L,300.6,310.2,1519,44.6,69,9.599999999999966,7094.491137993638,3077.4,0,0.0037162140618268364,CONTINUE OPERATION,CONTINUE OPERATION,CONTINUE OPERATION
5878,L,301.4,311.0,1533,45.8,125,9.600000000000023,7352.520614608479,5725.0,0,0.0037065649799326154,CONTINUE OPERATION,CONTINUE OPERATION,CONTINUE OPERATION
9452,M,298.0,308.7,1392,53.4,104,10.699999999999989,7784.112613358646,5553.599999999999,0,0.003677775436591254,CONTINUE OPERATION,CONTINUE OPERATION,CONTINUE OPERATION
7162,L,300.2,310.2,1378,43.9,193,10.0,6334.937810159721,8472.699999999999,0,0.0038085363426830477,CONTINUE OPERATION,CONTINUE OPERATION,CONTINUE OPERATION
6930,M,300.9,311.5,1836,21.8,12,10.600000000000023,4191.387254713359,261.6,0,0.0036436362829872517,CONTINUE OPERATION,CONTINUE OPERATION,CONTINUE OPERATION
5357,L,303.3,312.5,1968,20.6,130,9.199999999999989,4245.422648355103,2678.0,0,0.0036412898604148898,CONTINUE OPERATION,CONTINUE OPERATION,CONTINUE OPERATION
3935,M,302.6,311.6,1227,68.2,187,9.0,8763.095716070298,12753.4,1,0.9439639554472748,REPAIR AFTER FAILURE,CONTINUE OPERATION,PERFORM MAINTENANCE
5046,M,304.1,313.2,1410,42.4,155,9.099999999999966,6260.56584007374,6572.0,0,0.003877577533945484,CONTINUE OPERATION,CONTINUE OPERATION,CONTINUE OPERATION
6360,L,300.1,309.7,1441,40.1,46,9.599999999999966,6051.136801809933,1844.6000000000001,0,0.0037054469290544595,CONTINUE OPERATION,CONTINUE OPERATION,CONTINUE OPERATION
2250,M,299.2,308.4,1396,48.7,13,9.199999999999989,7119.393495761094,633.1,0,0.003981234815539091,CONTINUE OPERATION,CONTINUE OPERATION,CONTINUE OPERATION
870,L,295.8,306.4,1325,56.2,65,10.599999999999966,7797.956564985466,3653.0,0,0.003774624653517804,CONTINUE OPERATION,CONTINUE OPERATION,CONTINUE OPERATION
552,M,297.4,309.3,1622,35.0,123,11.900000000000034,5944.940498143085,4305.0,0,0.003638926025097612,CONTINUE OPERATION,CONTINUE OPERATION,CONTINUE OPERATION
1307,L,298.8,310.0,1423,42.1,154,11.199999999999989,6273.582505635114,6483.400000000001,0,0.0037777997444790787,CONTINUE OPERATION,CONTINUE OPERATION,CONTINUE OPERATION
7782,M,300.4,311.6,1518,36.4,53,11.200000000000045,5786.311013087825,1929.1999999999998,0,0.003643404799248506,CONTINUE OPERATION,CONTINUE OPERATION,CONTINUE OPERATION
1543,L,298.4,308.9,1628,34.9,93,10.5,5949.8832705847335,3245.7,0,0.003638926025097612,CONTINUE OPERATION,CONTINUE OPERATION,CONTINUE OPERATION
4015,L,302.1,310.9,1477,41.4,184,8.799999999999955,6403.38264210593,7617.599999999999,0,0.004018632768867767,CONTINUE OPERATION,CONTINUE OPERATION,CONTINUE OPERATION
8090,L,300.1,311.4,1910,23.0,153,11.299999999999955,4600.338842406653,3519.0,0,0.0037194001899542835,CONTINUE OPERATION,CONTINUE OPERATION,CONTINUE OPERATION
8520,M,298.3,309.5,1543,49.9,199,11.199999999999989,8062.970849266787,9930.1,0,0.0043071090772955544,CONTINUE OPERATION,CONTINUE OPERATION,CONTINUE OPERATION
6236,M,301.3,310.9,1512,36.9,159,9.599999999999966,5842.608353440154,5867.099999999999,0,0.0036895908362216574,CONTINUE OPERATION,CONTINUE OPERATION,CONTINUE OPERATION
9337,H,298.5,308.9,1500,40.3,207,10.399999999999977,6330.309196983433,8342.099999999999,0,0.028455132461489376,CONTINUE OPERATION,PERFORM MAINTENANCE,CONTINUE OPERATION
287,L,298.2,308.3,1805,31.6,96,10.100000000000023,5973.005392515154,3033.6000000000004,0,0.003640115871559538,CONTINUE OPERATION,CONTINUE OPERATION,CONTINUE OPERATION
9008,M,297.4,308.0,1440,42.4,190,10.600000000000023,6393.769368585947,8056.0,0,0.003643646554433077,CONTINUE OPERATION,CONTINUE OPERATION,CONTINUE OPERATION
7641,M,300.4,311.4,1352,57.3,116,11.0,8112.597541217994,6646.799999999999,0,0.004182514841247167,CONTINUE OPERATION,CONTINUE OPERATION,CONTINUE OPERATION
6548,L,301.4,310.8,1770,24.1,112,9.400000000000034,4467.030594139327,2699.2000000000003,0,0.00366579745086296,CONTINUE OPERATION,CONTINUE OPERATION,CONTINUE OPERATION
1780,L,298.5,308.2,1595,32.3,46,9.699999999999989,5395.004704132192,1485.8,0,0.003638926025097612,CONTINUE OPERATION,CONTINUE OPERATION,CONTINUE OPERATION
1892,M,297.8,307.4,1438,43.6,141,9.599999999999966,6565.593542786285,6147.6,0,0.003718213943682513,CONTINUE OPERATION,CONTINUE OPERATION,CONTINUE OPERATION
7407,H,299.8,310.9,1427,47.2,168,11.099999999999966,7053.336274231613,7929.6,0,0.0037991695892859723,CONTINUE OPERATION,CONTINUE OPERATION,CONTINUE OPERATION
2388,M,299.2,308.5,1526,37.3,135,9.300000000000011,5960.6275174600105,5035.5,0,0.003642448432757895,CONTINUE OPERATION,CONTINUE OPERATION,CONTINUE OPERATION
962,M,295.8,306.6,1480,43.2,92,10.800000000000011,6695.362263330568,3974.4,0,0.003638926025097612,CONTINUE OPERATION,CONTINUE OPERATION,CONTINUE OPERATION
470,H,297.3,308.8,1499,44.2,134,11.5,6938.291151257154,5922.8,0,0.003692475867674884,CONTINUE OPERATION,CONTINUE OPERATION,CONTINUE OPERATION
5184,L,304.0,313.0,1397,42.4,113,9.0,6202.844311051783,4791.2,0,0.0037309850398063423,CONTINUE OPERATION,CONTINUE OPERATION,CONTINUE OPERATION
1064,M,296.8,307.9,1409,44.3,145,11.099999999999966,6536.470978887507,6423.5,0,0.0037175842707861716,CONTINUE OPERATION,CONTINUE OPERATION,CONTINUE OPERATION
3248,M,301.0,309.7,1511,39.3,146,8.699999999999989,6218.499914442172,5737.799999999999,0,0.0036479274597089246,CONTINUE OPERATION,CONTINUE OPERATION,CONTINUE OPERATION
2861,L,300.7,309.5,1479,43.6,240,8.800000000000011,6752.790577038189,10464.0,0,0.020086802173706328,CONTINUE OPERATION,PERFORM MAINTENANCE,CONTINUE OPERATION
101,L,298.8,308.8,1991,20.7,59,10.0,4315.888571575122,1221.3,0,0.00366921994925908,CONTINUE OPERATION,CONTINUE OPERATION,CONTINUE OPERATION
4258,M,302.7,311.1,1297,60.7,125,8.400000000000034,8244.366409085063,7587.5,1,0.949312868986609,REPAIR AFTER FAILURE,CONTINUE OPERATION,PERFORM MAINTENANCE
3499,L,301.9,311.0,1353,43.8,130,9.100000000000023,6205.839296048205,5694.0,0,0.005375285976422623,CONTINUE OPERATION,CONTINUE OPERATION,CONTINUE OPERATION
8389,L,298.8,309.9,1525,39.7,77,11.099999999999966,6339.995774332003,3056.9,0,0.0036713002754959465,CONTINUE OPERATION,CONTINUE OPERATION,CONTINUE OPERATION
3523,L,301.8,310.9,1521,39.3,197,9.099999999999966,6259.654778204197,7742.099999999999,0,0.004275872581155153,CONTINUE OPERATION,CONTINUE OPERATION,CONTINUE OPERATION
4641,H,303.1,311.3,1494,42.7,221,8.199999999999989,6680.471114152552,9436.7,0,0.02014449526038392,CONTINUE OPERATION,PERFORM MAINTENANCE,CONTINUE OPERATION
1999,L,298.4,308.0,1540,37.8,7,9.600000000000023,6095.946385025634,264.59999999999997,0,0.0036404426947292596,CONTINUE OPERATION,CONTINUE OPERATION,CONTINUE OPERATION
433,M,297.6,308.5,1848,23.7,37,10.899999999999977,4586.473946828811,876.9,0,0.003640100013952964,CONTINUE OPERATION,CONTINUE OPERATION,CONTINUE OPERATION
8688,L,297.1,308.5,1483,46.9,203,11.399999999999977,7283.541711911159,9520.699999999999,0,0.005261217789517445,CONTINUE OPERATION,PERFORM MAINTENANCE,CONTINUE OPERATION
2640,M,299.9,309.5,1372,56.2,133,9.600000000000023,8074.563326158535,7474.6,0,0.0036723200673508096,CONTINUE OPERATION,CONTINUE OPERATION,CONTINUE OPERATION
4064,L,301.9,310.7,1480,47.1,68,8.800000000000011,7299.804689881244,3202.8,0,0.004196399138115469,CONTINUE OPERATION,CONTINUE OPERATION,CONTINUE OPERATION
1981,L,298.0,307.6,1385,45.0,158,9.600000000000023,6526.658737832796,7110.0,0,0.003694072580845951,CONTINUE OPERATION,CONTINUE OPERATION,CONTINUE OPERATION
6674,L,301.5,310.7,1618,35.5,218,9.199999999999989,6014.998014318137,7739.0,0,0.1764542043859352,CONTINUE OPERATION,PERFORM MAINTENANCE,PERFORM MAINTENANCE
8091,L,300.2,311.6,1375,56.9,155,11.400000000000034,8193.01184117438,8819.5,0,0.004122062292350419,CONTINUE OPERATION,CONTINUE OPERATION,CONTINUE OPERATION
6029,M,300.7,310.8,1452,47.9,77,10.100000000000023,7283.342744376433,3688.2999999999997,0,0.00643989781920265,CONTINUE OPERATION,CONTINUE OPERATION,CONTINUE OPERATION
8269,H,299.2,310.8,1761,30.4,180,11.600000000000023,5606.1092584779135,5472.0,0,0.003870659977044311,CONTINUE OPERATION,CONTINUE OPERATION,CONTINUE OPERATION
281,L,298.1,308.0,1626,36.5,83,9.899999999999977,6215.012746596688,3029.5,0,0.003638926025097612,CONTINUE OPERATION,CONTINUE OPERATION,CONTINUE OPERATION
5313,M,303.7,312.9,1566,32.6,9,9.199999999999989,5346.111050466822,293.40000000000003,0,0.003674587936674961,CONTINUE OPERATION,CONTINUE OPERATION,CONTINUE OPERATION
684,L,297.7,309.0,1538,43.2,30,11.300000000000011,6957.748081758387,1296.0,0,0.003642583908816232,CONTINUE OPERATION,CONTINUE OPERATION,CONTINUE OPERATION
1853,L,297.6,307.2,1486,40.6,42,9.599999999999966,6317.910377977266,1705.2,0,0.003638926025097612,CONTINUE OPERATION,CONTINUE OPERATION,CONTINUE OPERATION
3725,H,302.3,311.1,1543,37.5,73,8.800000000000011,6059.346830611313,2737.5,0,0.003648756358236034,CONTINUE OPERATION,CONTINUE OPERATION,CONTINUE OPERATION
1502,L,298.0,308.7,1462,48.2,204,10.699999999999989,7379.433591674234,9832.800000000001,0,0.004870747861501826,CONTINUE OPERATION,PERFORM MAINTENANCE,CONTINUE OPERATION
5840,M,301.3,311.1,1581,30.9,31,9.800000000000011,5115.863724885227,957.9,0,0.003669348098250657,CONTINUE OPERATION,CONTINUE OPERATION,CONTINUE OPERATION
9885,L,298.8,309.6,1613,27.7,143,10.800000000000011,4678.88913072191,3961.1,0,0.0037026839047612226,CONTINUE OPERATION,CONTINUE OPERATION,CONTINUE OPERATION
1755,L,298.0,307.3,1424,46.5,185,9.300000000000011,6934.1233050033925,8602.5,0,0.0038000988951304637,CONTINUE OPERATION,CONTINUE OPERATION,CONTINUE OPERATION
789,M,296.9,308.0,1641,33.3,67,11.100000000000023,5722.442434440343,2231.1,0,0.003638926025097612,CONTINUE OPERATION,CONTINUE OPERATION,CONTINUE OPERATION
7385,M,299.8,310.5,1375,53.9,110,10.699999999999989,7761.042851305783,5929.0,0,0.004104262445980099,CONTINUE OPERATION,CONTINUE OPERATION,CONTINUE OPERATION
1850,M,297.7,307.2,1372,52.8,33,9.5,7586.066612476346,1742.3999999999999,0,0.003757725177829464,CONTINUE OPERATION,CONTINUE OPERATION,CONTINUE OPERATION
7966,L,301.0,312.2,1602,35.9,67,11.199999999999989,6022.621612490849,2405.2999999999997,0,0.0036404426947292596,CONTINUE OPERATION,CONTINUE OPERATION,CONTINUE OPERATION
9127,L,297.4,308.5,1761,27.2,76,11.100000000000023,5015.992494427607,2067.2,0,0.0036412898604148898,CONTINUE OPERATION,CONTINUE OPERATION,CONTINUE OPERATION
7602,L,300.4,311.2,1705,28.7,20,10.800000000000011,5124.304137147871,574.0,0,0.0036636148858889177,CONTINUE OPERATION,CONTINUE OPERATION,CONTINUE OPERATION
7915,H,300.8,312.1,1527,35.1,164,11.300000000000011,5612.738018976988,5756.400000000001,0,0.0036896683490444163,CONTINUE OPERATION,CONTINUE OPERATION,CONTINUE OPERATION
1567,L,298.1,308.2,1521,39.3,151,10.099999999999966,6259.654778204197,5934.299999999999,0,0.0036401305849835795,CONTINUE OPERATION,CONTINUE OPERATION,CONTINUE OPERATION
7046,M,300.7,310.5,1863,22.2,111,9.800000000000011,4331.0624640919605,2464.2,0,0.0036847607227766996,CONTINUE OPERATION,CONTINUE OPERATION,CONTINUE OPERATION
4222,M,302.0,310.6,1535,38.6,34,8.600000000000023,6204.750210594961,1312.4,0,0.003776971225470857,CONTINUE OPERATION,CONTINUE OPERATION,CONTINUE OPERATION
734,H,297.0,308.4,1305,54.6,168,11.399999999999977,7461.596711541118,9172.800000000001,0,0.004451507069928985,CONTINUE OPERATION,CONTINUE OPERATION,CONTINUE OPERATION
9554,M,299.3,310.7,1440,45.5,146,11.399999999999977,6861.2383554401085,6643.0,0,0.003775238476116911,CONTINUE OPERATION,CONTINUE OPERATION,CONTINUE OPERATION
7253,L,300.3,310.5,1522,39.1,217,10.199999999999989,6231.8935711219765,8484.7,0,0.16066921358569816,CONTINUE OPERATION,PERFORM MAINTENANCE,PERFORM MAINTENANCE
1217,L,297.0,308.1,1455,43.5,122,11.100000000000023,6627.975100911066,5307.0,0,0.0036636352747021123,CONTINUE OPERATION,CONTINUE OPERATION,CONTINUE OPERATION
7527,L,300.1,311.3,1470,45.2,40,11.199999999999989,6957.999409170674,1808.0,0,0.00754970802859393,CONTINUE OPERATION,CONTINUE OPERATION,CONTINUE OPERATION
5642,L,302.5,312.0,1495,38.8,186,9.5,6074.374115470984,7216.799999999999,0,0.0036966020003677117,CONTINUE OPERATION,CONTINUE OPERATION,CONTINUE OPERATION
8901,L,297.3,308.6,1446,50.1,144,11.300000000000011,7586.380771741705,7214.400000000001,0,0.0036732967960751038,CONTINUE OPERATION,CONTINUE OPERATION,CONTINUE OPERATION
7459,L,300.0,311.5,1591,32.0,79,11.5,5331.492172652118,2528.0,0,0.003654247121627567,CONTINUE OPERATION,CONTINUE OPERATION,CONTINUE OPERATION
6942,M,300.8,311.4,1732,26.9,45,10.599999999999966,4878.977166829044,1210.5,0,0.0036741769879259983,CONTINUE OPERATION,CONTINUE OPERATION,CONTINUE OPERATION
8030,L,300.6,312.0,1490,42.2,3,11.399999999999977,6584.568762413967,126.60000000000001,0,0.0036496818129886947,CONTINUE OPERATION,CONTINUE OPERATION,CONTINUE OPERATION
568,L,297.8,309.7,1935,22.1,171,11.899999999999977,4478.18324805957,3779.1000000000004,0,0.003817279086012753,CONTINUE OPERATION,CONTINUE OPERATION,CONTINUE OPERATION
8625,L,297.4,308.3,1632,33.5,39,10.900000000000034,5725.238451902039,1306.5,0,0.003638926025097612,CONTINUE OPERATION,CONTINUE OPERATION,CONTINUE OPERATION
1600,M,297.8,307.8,1543,43.7,8,10.0,7061.15883993905,349.6,0,0.0036615345640070318,CONTINUE OPERATION,CONTINUE OPERATION,CONTINUE OPERATION
4760,L,303.6,311.7,1546,38.5,64,8.099999999999966,6233.024544477268,2464.0,0,0.0040210795317549035,CONTINUE OPERATION,CONTINUE OPERATION,CONTINUE OPERATION
9583,L,299.3,310.5,1281,59.8,15,11.199999999999989,8021.931177235393,897.0,0,0.004020650546615317,CONTINUE OPERATION,CONTINUE OPERATION,CONTINUE OPERATION
1096,L,297.0,307.6,1680,35.8,20,10.600000000000023,6298.264951916817,716.0,0,0.0037203794909473112,CONTINUE OPERATION,CONTINUE OPERATION,CONTINUE OPERATION
6135,L,301.0,310.9,1740,28.9,129,9.899999999999977,5265.9376059472115,3728.1,0,0.0036797764079729476,CONTINUE OPERATION,CONTINUE OPERATION,CONTINUE OPERATION
2433,L,299.0,308.3,1441,44.0,48,9.300000000000011,6639.651353606909,2112.0,0,0.00363972720324028,CONTINUE OPERATION,CONTINUE OPERATION,CONTINUE OPERATION
8849,L,297.5,308.9,1596,30.7,5,11.399999999999977,5130.974785548994,153.5,0,0.00366471298695183,CONTINUE OPERATION,CONTINUE OPERATION,CONTINUE OPERATION
7617,L,300.5,311.4,1556,45.3,58,10.899999999999977,7381.360435168434,2627.3999999999996,0,0.003927239807335245,CONTINUE OPERATION,CONTINUE OPERATION,CONTINUE OPERATION
7056,M,300.8,310.5,1409,50.6,141,9.699999999999989,7466.036829158191,7134.6,0,0.0037041880336102493,CONTINUE OPERATION,CONTINUE OPERATION,CONTINUE OPERATION
3477,L,301.8,310.7,1547,41.7,72,8.899999999999977,6755.46093079374,3002.4,0,0.0036412438728719277,CONTINUE OPERATION,CONTINUE OPERATION,CONTINUE OPERATION
1341,M,298.6,310.2,1328,50.5,12,11.599999999999966,7022.925657344864,606.0,0,0.0039012227707064693,CONTINUE OPERATION,CONTINUE OPERATION,CONTINUE OPERATION
9160,H,297.5,308.5,1671,28.0,158,11.0,4899.627902538641,4424.0,0,0.003693160743826284,CONTINUE OPERATION,CONTINUE OPERATION,CONTINUE OPERATION
9204,L,297.8,308.8,1621,36.1,68,11.0,6128.001102067763,2454.8,0,0.003638926025097612,CONTINUE OPERATION,CONTINUE OPERATION,CONTINUE OPERATION
1370,L,298.7,310.3,1451,40.0,86,11.600000000000023,6077.934587145053,3440.0,0,0.003638926025097612,CONTINUE OPERATION,CONTINUE OPERATION,CONTINUE OPERATION
9381,M,297.5,308.1,1480,42.4,112,10.600000000000023,6571.374073268889,4748.8,0,0.003638926025097612,CONTINUE OPERATION,CONTINUE OPERATION,CONTINUE OPERATION
7163,M,300.1,310.1,1501,39.3,195,10.0,6177.345050680146,7663.499999999999,0,0.0037088360219453788,CONTINUE OPERATION,CONTINUE OPERATION,CONTINUE OPERATION
9313,L,298.5,309.4,1418,45.1,148,10.899999999999977,6697.016835461459,6674.8,0,0.003693691197502215,CONTINUE OPERATION,CONTINUE OPERATION,CONTINUE OPERATION
9982,M,298.7,308.4,1507,45.7,192,9.699999999999989,7212.039063115458,8774.400000000001,0,0.0036917364527773353,CONTINUE OPERATION,CONTINUE OPERATION,CONTINUE OPERATION
2911,M,300.7,309.5,1352,44.0,126,8.800000000000011,6229.568792558321,5544.0,0,0.004647188083055466,CONTINUE OPERATION,CONTINUE OPERATION,CONTINUE OPERATION
9763,M,298.6,309.6,1635,29.7,9,11.0,5085.138948733118,267.3,0,0.003639864083070806,CONTINUE OPERATION,CONTINUE OPERATION,CONTINUE OPERATION
8364,L,298.9,309.8,1396,49.0,13,10.900000000000034,7163.2501292052075,637.0,0,0.0037080416480856243,CONTINUE OPERATION,CONTINUE OPERATION,CONTINUE OPERATION
2263,M,299.2,308.4,1529,43.0,50,9.199999999999989,6885.009739852271,2150.0,0,0.0036515049312778837,CONTINUE OPERATION,CONTINUE OPERATION,CONTINUE OPERATION
4437,L,302.4,310.2,1578,31.2,139,7.800000000000011,5155.7305356592815,4336.8,0,0.003638926025097612,CONTINUE OPERATION,CONTINUE OPERATION,CONTINUE OPERATION
2936,M,300.9,309.7,1394,48.8,192,8.800000000000011,7123.791725476119,9369.599999999999,0,0.004339308229099485,CONTINUE OPERATION,CONTINUE OPERATION,CONTINUE OPERATION
5568,L,302.5,312.1,1534,38.6,3,9.600000000000023,6200.708028047342,115.80000000000001,0,0.0036449111603475194,CONTINUE OPERATION,CONTINUE OPERATION,CONTINUE OPERATION
417,L,297.4,308.4,1394,50.1,213,11.0,7313.5648657039665,10671.300000000001,0,0.02033986239075901,CONTINUE OPERATION,PERFORM MAINTENANCE,CONTINUE OPERATION
267,L,297.9,308.0,1954,21.1,42,10.100000000000023,4317.532671730501,886.2,0,0.0036412898604148898,CONTINUE OPERATION,CONTINUE OPERATION,CONTINUE OPERATION
825,L,296.6,307.3,1474,40.0,158,10.699999999999989,6174.276761855141,6320.0,0,0.003638926025097612,CONTINUE OPERATION,CONTINUE OPERATION,CONTINUE OPERATION
5345,L,303.5,312.8,1524,39.4,96,9.300000000000011,6287.960528013042,3782.3999999999996,0,0.0038606880874111986,CONTINUE OPERATION,CONTINUE OPERATION,CONTINUE OPERATION
157,H,298.4,308.2,1478,43.5,206,9.800000000000011,6732.747215908285,8961.0,0,0.01288593730733682,CONTINUE OPERATION,PERFORM MAINTENANCE,CONTINUE OPERATION
4363,H,302.1,310.1,1844,24.6,171,8.0,4750.339419640054,4206.6,0,0.003744272415627457,CONTINUE OPERATION,CONTINUE OPERATION,CONTINUE OPERATION
2842,L,300.3,309.3,1345,53.5,192,9.0,7535.3717790229175,10272.0,0,0.004447345781344132,CONTINUE OPERATION,CONTINUE OPERATION,CONTINUE OPERATION
4806,H,303.6,312.5,1375,54.0,186,8.899999999999977,7775.441817634736,10044.0,0,0.010922281463838038,CONTINUE OPERATION,CONTINUE OPERATION,CONTINUE OPERATION
3456,H,301.4,310.4,1610,38.6,16,9.0,6507.913901666376,617.6,0,0.0036404426947292596,CONTINUE OPERATION,CONTINUE OPERATION,CONTINUE OPERATION
9676,L,299.0,310.1,1886,21.2,13,11.100000000000023,4187.030912900381,275.59999999999997,0,0.0036470370619362397,CONTINUE OPERATION,CONTINUE OPERATION,CONTINUE OPERATION
3065,M,300.1,309.2,1687,27.7,95,9.099999999999966,4893.543684766189,2631.5,0,0.0038650582565503814,CONTINUE OPERATION,CONTINUE OPERATION,CONTINUE OPERATION
6612,L,301.6,310.6,1222,70.0,62,9.0,8957.727852935697,4340.0,0,0.3255039247964364,CONTINUE OPERATION,CONTINUE OPERATION,PERFORM MAINTENANCE
4113,L,302.0,310.6,1325,55.3,192,8.600000000000023,7673.078257005271,10617.599999999999,0,0.2900436267128354,CONTINUE OPERATION,CONTINUE OPERATION,PERFORM MAINTENANCE
1368,H,298.8,310.3,1708,27.1,78,11.5,4847.1423612726685,2113.8,0,0.0037490121143843444,CONTINUE OPERATION,CONTINUE OPERATION,CONTINUE OPERATION
9542,L,299.6,310.9,1716,28.5,117,11.299999999999955,5121.424343882081,3334.5,0,0.003760504192646729,CONTINUE OPERATION,CONTINUE OPERATION,CONTINUE OPERATION
4701,H,303.5,311.7,1584,32.7,143,8.199999999999989,5424.148211981994,4676.1,0,0.0037217525087626492,CONTINUE OPERATION,CONTINUE OPERATION,CONTINUE OPERATION
6727,L,301.5,310.8,1785,25.5,120,9.300000000000011,4766.581453659114,3060.0,0,0.0036715764667453648,CONTINUE OPERATION,CONTINUE OPERATION,CONTINUE OPERATION
4661,L,303.3,311.3,1350,48.1,32,8.0,6799.9772986951075,1539.2,1,0.9933623108364076,REPAIR AFTER FAILURE,CONTINUE OPERATION,PERFORM MAINTENANCE
803,H,296.9,307.8,1549,37.8,104,10.900000000000034,6131.572045717342,3931.2,0,0.003799429779060979,CONTINUE OPERATION,CONTINUE OPERATION,CONTINUE OPERATION
1007,M,296.2,307.2,1633,31.1,0,11.0,5318.328899433578,0.0,0,0.003717736734319213,CONTINUE OPERATION,CONTINUE OPERATION,CONTINUE OPERATION
233,L,298.2,308.4,1512,34.9,181,10.199999999999989,5525.935813958303,6316.9,0,0.0037018863381567493,CONTINUE OPERATION,CONTINUE OPERATION,CONTINUE OPERATION
1996,M,298.4,308.0,1416,38.2,198,9.600000000000023,5664.417218128541,7563.6,1,0.004044103531258558,REPAIR AFTER FAILURE,CONTINUE OPERATION,CONTINUE OPERATION
6155,L,301.0,311.0,1634,31.2,182,10.0,5338.69689180435,5678.4,0,0.003653168310904678,CONTINUE OPERATION,CONTINUE OPERATION,CONTINUE OPERATION
8895,H,297.4,308.6,1461,40.1,126,11.200000000000045,6135.122045415899,5052.6,0,0.003638926025097612,CONTINUE OPERATION,CONTINUE OPERATION,CONTINUE OPERATION
9126,L,297.4,308.5,1477,40.7,74,11.100000000000023,6295.112887287715,3011.8,0,0.003638926025097612,CONTINUE OPERATION,CONTINUE OPERATION,CONTINUE OPERATION
945,M,295.7,306.3,1347,50.4,46,10.600000000000023,7109.298511367559,2318.4,0,0.0038654184424455396,CONTINUE OPERATION,CONTINUE OPERATION,CONTINUE OPERATION
5012,M,303.8,312.9,1815,27.8,66,9.099999999999966,5283.844684072674,1834.8,0,0.0036409170497022055,CONTINUE OPERATION,CONTINUE OPERATION,CONTINUE OPERATION
8976,L,296.7,307.4,1535,34.6,114,10.699999999999989,5561.77091416025,3944.4,0,0.0036404426947292596,CONTINUE OPERATION,CONTINUE OPERATION,CONTINUE OPERATION
5164,M,304.3,313.4,1624,32.1,53,9.099999999999966,5459.0827222899115,1701.3000000000002,0,0.0037684228575490955,CONTINUE OPERATION,CONTINUE OPERATION,CONTINUE OPERATION
7404,L,299.8,310.8,1553,32.2,161,11.0,5236.678906366778,5184.200000000001,0,0.003737060470685394,CONTINUE OPERATION,CONTINUE OPERATION,CONTINUE OPERATION
6563,L,301.5,310.7,1942,20.5,155,9.199999999999989,4168.998171068775,3177.5,0,0.003685439442308483,CONTINUE OPERATION,CONTINUE OPERATION,CONTINUE OPERATION
4001,H,302.1,311.2,1598,37.9,148,9.099999999999966,6342.268193018097,5609.2,0,0.0037225220417637025,CONTINUE OPERATION,CONTINUE OPERATION,CONTINUE OPERATION
6803,M,301.1,310.7,1367,43.4,111,9.599999999999966,6212.792687788151,4817.4,0,0.003742021914219902,CONTINUE OPERATION,CONTINUE OPERATION,CONTINUE OPERATION
108,H,298.9,308.8,1621,32.7,75,9.900000000000034,5550.848643701271,2452.5,0,0.003638926025097612,CONTINUE OPERATION,CONTINUE OPERATION,CONTINUE OPERATION
2750,H,299.7,309.2,1456,40.6,182,9.5,6190.36171624152,7389.2,0,0.0038782055023080463,CONTINUE OPERATION,CONTINUE OPERATION,CONTINUE OPERATION
1670,L,298.2,307.8,1528,31.1,194,9.600000000000023,4976.366539090328,6033.400000000001,0,0.004585109940592803,CONTINUE OPERATION,CONTINUE OPERATION,CONTINUE OPERATION
3047,L,300.2,309.4,1558,38.3,51,9.199999999999989,6248.774395647266,1953.3,0,0.00364218383819889,CONTINUE OPERATION,CONTINUE OPERATION,CONTINUE OPERATION
1403,L,299.0,310.2,1372,48.0,174,11.199999999999989,6896.424193160315,8352.0,0,0.003970766687183093,CONTINUE OPERATION,CONTINUE OPERATION,CONTINUE OPERATION
8285,L,298.9,310.6,1387,52.7,2,11.700000000000045,7654.480028496018,105.4,0,0.0037773426255070562,CONTINUE OPERATION,CONTINUE OPERATION,CONTINUE OPERATION
3765,M,302.4,311.1,1443,51.8,178,8.700000000000045,7827.529423831257,9220.4,0,0.004772323371742355,CONTINUE OPERATION,CONTINUE OPERATION,CONTINUE OPERATION
2703,M,299.8,309.2,1372,58.2,65,9.399999999999977,8361.914334206882,3783.0,0,0.0042276077056072016,CONTINUE OPERATION,CONTINUE OPERATION,CONTINUE OPERATION
9488,M,298.9,309.6,1567,34.5,204,10.700000000000045,5661.3070414014865,7038.0,0,0.006128736128425624,CONTINUE OPERATION,PERFORM MAINTENANCE,CONTINUE OPERATION
6586,L,301.5,310.6,1453,44.0,208,9.100000000000023,6694.943384310088,9152.0,0,0.043856016752605295,CONTINUE OPERATION,PERFORM MAINTENANCE,CONTINUE OPERATION
5096,H,304.2,313.5,1627,32.2,91,9.300000000000011,5486.205138865905,2930.2000000000003,0,0.003638926025097612,CONTINUE OPERATION,CONTINUE OPERATION,CONTINUE OPERATION
3851,H,302.2,310.9,1415,48.4,185,8.699999999999989,7171.837149125019,8954.0,0,0.004565793396878201,CONTINUE OPERATION,CONTINUE OPERATION,CONTINUE OPERATION
1364,L,298.7,310.2,1566,33.1,68,11.5,5428.1066187255165,2250.8,0,0.003638926025097612,CONTINUE OPERATION,CONTINUE OPERATION,CONTINUE OPERATION
4351,L,301.8,309.6,1432,43.7,138,7.800000000000011,6553.194723780117,6030.6,0,0.00428691780167126,CONTINUE OPERATION,CONTINUE OPERATION,CONTINUE OPERATION
7992,M,301.1,312.3,1852,25.9,131,11.199999999999989,5023.071549873695,3392.8999999999996,0,0.003651112388291347,CONTINUE OPERATION,CONTINUE OPERATION,CONTINUE OPERATION
9626,M,299.0,310.0,1341,58.9,126,11.0,8271.279386150816,7421.4,0,0.0037750095280298115,CONTINUE OPERATION,CONTINUE OPERATION,CONTINUE OPERATION
5877,L,301.5,311.1,1458,41.4,123,9.600000000000023,6321.010082728806,5092.2,0,0.003638926025097612,CONTINUE OPERATION,CONTINUE OPERATION,CONTINUE OPERATION
6767,L,301.3,310.9,1509,41.7,16,9.599999999999966,6589.522006831127,667.2,0,0.003643394490715871,CONTINUE OPERATION,CONTINUE OPERATION,CONTINUE OPERATION
3453,L,301.5,310.4,1425,54.4,7,8.899999999999977,8117.875416876024,380.8,0,0.003913916623780137,CONTINUE OPERATION,CONTINUE OPERATION,CONTINUE OPERATION
8666,L,297.5,308.7,1407,42.5,145,11.199999999999989,6261.979556767855,6162.5,0,0.003687217809072068,CONTINUE OPERATION,CONTINUE OPERATION,CONTINUE OPERATION
6020,L,300.7,310.8,1619,34.9,57,10.100000000000023,5916.990795501648,1989.3,0,0.0036424622941318998,CONTINUE OPERATION,CONTINUE OPERATION,CONTINUE OPERATION
2101,L,299.3,309.3,1528,37.8,45,10.0,6048.445504103356,1700.9999999999998,0,0.0036643383169243037,CONTINUE OPERATION,CONTINUE OPERATION,CONTINUE OPERATION
794,H,296.9,307.9,1547,32.6,79,11.0,5281.247634145706,2575.4,0,0.003750604916637377,CONTINUE OPERATION,CONTINUE OPERATION,CONTINUE OPERATION
5522,L,302.6,311.9,1453,39.1,84,9.299999999999955,5949.370143784647,3284.4,0,0.003672584833647123,CONTINUE OPERATION,CONTINUE OPERATION,CONTINUE OPERATION
1338,L,298.6,310.1,1721,27.2,5,11.5,4902.057400857418,136.0,0,0.0037181039129652164,CONTINUE OPERATION,CONTINUE OPERATION,CONTINUE OPERATION
4450,L,302.5,310.3,1551,37.3,168,7.800000000000011,6058.278689109094,6266.4,0,0.003638926025097612,CONTINUE OPERATION,CONTINUE OPERATION,CONTINUE OPERATION
4904,H,303.6,312.4,1480,50.7,2,8.799999999999955,7857.751545158791,101.4,0,0.003940543687158762,CONTINUE OPERATION,CONTINUE OPERATION,CONTINUE OPERATION
6730,M,301.6,311.0,1431,42.3,129,9.399999999999977,6338.822913074661,5456.7,0,0.00364461265788558,CONTINUE OPERATION,CONTINUE OPERATION,CONTINUE OPERATION
8654,M,297.4,308.4,1441,46.8,116,11.0,7062.174621563711,5428.799999999999,0,0.0036490371600571294,CONTINUE OPERATION,CONTINUE OPERATION,CONTINUE OPERATION
8975,H,296.7,307.4,1661,34.2,109,10.699999999999989,5948.731353278417,3727.8,0,0.003668276883574433,CONTINUE OPERATION,CONTINUE OPERATION,CONTINUE OPERATION
1235,H,297.1,308.4,1654,31.4,171,11.299999999999955,5438.683313992601,5369.4,0,0.0036557093278482763,CONTINUE OPERATION,CONTINUE OPERATION,CONTINUE OPERATION
5121,L,304.2,313.6,1469,40.0,154,9.400000000000034,6153.332810831208,6160.0,0,0.003828343004557113,CONTINUE OPERATION,CONTINUE OPERATION,CONTINUE OPERATION
4034,L,302.0,310.8,1615,29.0,235,8.800000000000011,4904.549731029266,6815.0,1,0.04845005536031904,REPAIR AFTER FAILURE,PERFORM MAINTENANCE,CONTINUE OPERATION
386,L,297.6,308.7,1319,50.9,141,11.099999999999966,7030.58067144411,7176.9,0,0.00366958196346181,CONTINUE OPERATION,CONTINUE OPERATION,CONTINUE OPERATION
5726,M,302.4,311.9,1398,50.1,188,9.5,7334.550704629947,9418.800000000001,0,0.004610281137525105,CONTINUE OPERATION,CONTINUE OPERATION,CONTINUE OPERATION
3683,M,302.0,311.2,1558,39.1,179,9.199999999999989,6379.297098428411,6998.900000000001,0,0.003934463162481384,CONTINUE OPERATION,CONTINUE OPERATION,CONTINUE OPERATION
3194,L,300.0,309.0,1454,51.7,2,9.0,7871.972487904041,103.4,0,0.003876188636805121,CONTINUE OPERATION,CONTINUE OPERATION,CONTINUE OPERATION
6149,M,301.0,311.1,1420,47.4,167,10.100000000000023,7048.477277594059,7915.8,0,0.0038225319224015424,CONTINUE OPERATION,CONTINUE OPERATION,CONTINUE OPERATION
5129,M,304.1,313.3,1725,28.3,177,9.199999999999989,5112.1566455539905,5009.1,0,0.0037811560327250804,CONTINUE OPERATION,CONTINUE OPERATION,CONTINUE OPERATION
5620,L,303.0,312.3,1533,38.5,134,9.300000000000011,6180.612307039879,5159.0,0,0.003668164136646108,CONTINUE OPERATION,CONTINUE OPERATION,CONTINUE OPERATION
3686,L,302.0,311.1,1406,50.5,187,9.100000000000023,7435.416772761202,9443.5,0,0.004899609134061801,CONTINUE OPERATION,CONTINUE OPERATION,CONTINUE OPERATION
2534,L,298.9,308.7,1729,26.6,73,9.800000000000011,4816.208145610321,1941.8000000000002,0,0.0036412898604148898,CONTINUE OPERATION,CONTINUE OPERATION,CONTINUE OPERATION
2943,H,300.7,309.5,2007,19.7,2,8.800000000000011,4140.399205945596,39.4,0,0.0036557001835967004,CONTINUE OPERATION,CONTINUE OPERATION,CONTINUE OPERATION
3450,L,301.6,310.6,1506,43.4,222,9.0,6844.5250825230105,9634.8,0,0.01269813534400121,CONTINUE OPERATION,PERFORM MAINTENANCE,CONTINUE OPERATION
5503,H,302.6,312.0,1657,29.3,37,9.399999999999977,5084.154583034994,1084.1000000000001,0,0.003709339095667205,CONTINUE OPERATION,CONTINUE OPERATION,CONTINUE OPERATION
140,L,298.8,308.6,1511,36.1,157,9.800000000000011,5712.158954487593,5667.7,0,0.003666196175717946,CONTINUE OPERATION,CONTINUE OPERATION,CONTINUE OPERATION
6347,L,300.2,309.7,1421,44.6,17,9.5,6636.78203231663,758.2,0,0.0037223212804807513,CONTINUE OPERATION,CONTINUE OPERATION,CONTINUE OPERATION
5268,L,303.4,312.9,1389,54.1,109,9.5,7869.15552649132,5896.900000000001,0,0.004432641420569821,CONTINUE OPERATION,CONTINUE OPERATION,CONTINUE OPERATION
9458,L,298.4,309.1,1417,40.6,121,10.700000000000045,6024.548455985051,4912.6,0,0.0036401305849835795,CONTINUE OPERATION,CONTINUE OPERATION,CONTINUE OPERATION
6506,H,301.0,310.1,1454,44.1,217,9.100000000000023,6714.777305929752,9569.7,0,0.024125810594462064,CONTINUE OPERATION,PERFORM MAINTENANCE,CONTINUE OPERATION
1108,L,296.6,307.4,1504,45.8,58,10.799999999999955,7213.431835858548,2656.3999999999996,0,0.003679824304427498,CONTINUE OPERATION,CONTINUE OPERATION,CONTINUE OPERATION
6639,L,301.4,310.5,1380,48.4,131,9.100000000000023,6994.441883952316,6340.4,0,0.003969939970398798,CONTINUE OPERATION,CONTINUE OPERATION,CONTINUE OPERATION
977,L,296.0,306.7,1917,21.0,127,10.699999999999989,4215.703181852144,2667.0,0,0.003721481208341649,CONTINUE OPERATION,CONTINUE OPERATION,CONTINUE OPERATION
7580,L,300.4,311.3,1495,51.2,175,10.900000000000034,8015.668935879237,8960.0,0,0.0038648203660905864,CONTINUE OPERATION,CONTINUE OPERATION,CONTINUE OPERATION
420,M,297.3,308.3,1301,39.6,5,11.0,5395.119895862825,198.0,0,0.004620414751770471,CONTINUE OPERATION,CONTINUE OPERATION,CONTINUE OPERATION
1861,M,297.9,307.6,1609,30.3,64,9.700000000000045,5105.370805422236,1939.2,0,0.003638926025097612,CONTINUE OPERATION,CONTINUE OPERATION,CONTINUE OPERATION
9104,M,297.4,308.3,1550,47.8,18,10.900000000000034,7758.686656815592,860.4,0,0.004006727702937545,CONTINUE OPERATION,CONTINUE OPERATION,CONTINUE OPERATION
2456,L,299.1,308.6,1555,36.6,104,9.5,5959.915423125197,3806.4,0,0.003652796048152552,CONTINUE OPERATION,CONTINUE OPERATION,CONTINUE OPERATION
9431,L,298.0,308.6,1430,57.0,43,10.600000000000023,8535.707239803469,2451.0,0,0.004257030976159588,CONTINUE OPERATION,CONTINUE OPERATION,CONTINUE OPERATION
3597,M,301.7,310.5,1724,33.0,171,8.800000000000011,5957.716308267683,5643.0,0,0.0038454318958244123,CONTINUE OPERATION,CONTINUE OPERATION,CONTINUE OPERATION
4671,L,303.3,311.4,1511,43.4,65,8.099999999999966,6867.249269383977,2821.0,0,0.0038617956850466595,CONTINUE OPERATION,CONTINUE OPERATION,CONTINUE OPERATION
4758,L,303.5,311.6,1465,48.7,60,8.100000000000023,7471.283288889686,2922.0,0,0.004770643514202313,CONTINUE OPERATION,CONTINUE OPERATION,CONTINUE OPERATION
9476,M,298.8,309.6,1692,31.9,167,10.800000000000011,5652.227838632612,5327.3,0,0.0038342260745003894,CONTINUE OPERATION,CONTINUE OPERATION,CONTINUE OPERATION
3328,L,301.6,310.6,1418,43.9,129,9.0,6518.825700149845,5663.099999999999,0,0.0036420370813536863,CONTINUE OPERATION,CONTINUE OPERATION,CONTINUE OPERATION
8313,M,298.8,310.0,1484,44.9,80,11.199999999999989,6977.644835231122,3592.0,0,0.0037505912534903083,CONTINUE OPERATION,CONTINUE OPERATION,CONTINUE OPERATION
653,L,297.8,309.3,2015,20.1,161,11.5,4241.307161978901,3236.1000000000004,0,0.0036532277769033062,CONTINUE OPERATION,CONTINUE OPERATION,CONTINUE OPERATION
5883,L,301.4,311.1,1800,26.0,135,9.700000000000045,4900.884539600077,3510.0,0,0.003654648657325635,CONTINUE OPERATION,CONTINUE OPERATION,CONTINUE OPERATION
2519,L,298.8,308.6,1631,32.4,38,9.800000000000011,5533.852627445348,1231.2,0,0.003638926025097612,CONTINUE OPERATION,CONTINUE OPERATION,CONTINUE OPERATION
3176,L,300.3,309.6,1435,45.4,181,9.300000000000011,6822.387326290715,8217.4,0,0.003840527706337382,CONTINUE OPERATION,CONTINUE OPERATION,CONTINUE OPERATION
4700,L,303.5,311.7,1620,31.0,141,8.199999999999989,5259.026102109314,4371.0,0,0.003717273768311468,CONTINUE OPERATION,CONTINUE OPERATION,CONTINUE OPERATION
8320,M,298.8,309.7,1453,47.7,101,10.899999999999977,7257.927259808892,4817.700000000001,0,0.0036596335497148295,CONTINUE OPERATION,CONTINUE OPERATION,CONTINUE OPERATION
4342,M,301.7,309.8,1284,68.2,111,8.100000000000023,9170.183292122463,7570.200000000001,1,0.9890333810821994,REPAIR AFTER FAILURE,CONTINUE OPERATION,PERFORM MAINTENANCE
4525,M,302.4,310.4,1463,42.2,139,8.0,6465.251073430628,5865.8,0,0.0039106589850267754,CONTINUE OPERATION,CONTINUE OPERATION,CONTINUE OPERATION
9858,L,298.5,309.5,1547,33.1,68,11.0,5362.248364730763,2250.8,0,0.0037225237789912055,CONTINUE OPERATION,CONTINUE OPERATION,CONTINUE OPERATION
1183,L,297.3,308.4,1513,40.5,25,11.099999999999966,6416.860074589832,1012.5,0,0.003638926025097612,CONTINUE OPERATION,CONTINUE OPERATION,CONTINUE OPERATION
2801,M,300.2,309.5,1642,28.8,92,9.300000000000011,4952.155331706662,2649.6,0,0.00391065392739961,CONTINUE OPERATION,CONTINUE OPERATION,CONTINUE OPERATION
5819,L,301.3,311.0,1418,41.9,208,9.699999999999989,6221.84047463049,8715.199999999999,0,0.044885638360519856,CONTINUE OPERATION,PERFORM MAINTENANCE,CONTINUE OPERATION
8085,L,300.2,311.4,1331,49.8,143,11.199999999999989,6941.2233044005025,7121.4,0,0.0037307787648913557,CONTINUE OPERATION,CONTINUE OPERATION,CONTINUE OPERATION
989,M,296.2,307.0,2119,18.3,159,10.800000000000011,4060.7912481036306,2909.7000000000003,0,0.003951199894496126,CONTINUE OPERATION,CONTINUE OPERATION,CONTINUE OPERATION
3974,L,302.4,311.5,1505,37.9,79,9.100000000000023,5973.162472147833,2994.1,0,0.003648672062605134,CONTINUE OPERATION,CONTINUE OPERATION,CONTINUE OPERATION
600,L,297.8,309.7,1547,37.3,25,11.899999999999977,6042.654501645239,932.4999999999999,0,0.0036404426947292596,CONTINUE OPERATION,CONTINUE OPERATION,CONTINUE OPERATION
1584,M,298.2,308.3,1639,33.3,191,10.100000000000023,5715.468098749375,6360.299999999999,0,0.0036701872414254184,CONTINUE OPERATION,CONTINUE OPERATION,CONTINUE OPERATION
5282,H,303.8,313.2,1381,52.4,140,9.399999999999977,7577.982247381106,7336.0,0,0.004408106866184008,CONTINUE OPERATION,CONTINUE OPERATION,CONTINUE OPERATION
5040,H,304.1,313.2,1586,34.6,139,9.099999999999966,5746.559394044402,4809.400000000001,0,0.0036404426947292596,CONTINUE OPERATION,CONTINUE OPERATION,CONTINUE OPERATION
4196,M,302.5,311.0,1563,35.6,190,8.5,5826.900390172205,6764.0,0,0.003961223193752622,CONTINUE OPERATION,CONTINUE OPERATION,CONTINUE OPERATION
4727,M,303.4,311.8,1341,47.0,210,8.400000000000034,6600.172005926797,9870.0,1,0.8750046205899981,REPAIR AFTER FAILURE,PERFORM MAINTENANCE,PERFORM MAINTENANCE
9393,H,297.7,308.2,1489,43.0,151,10.5,6704.891761046456,6493.0,0,0.003638926025097612,CONTINUE OPERATION,CONTINUE OPERATION,CONTINUE OPERATION
2735,L,299.7,309.2,1412,45.4,147,9.5,6713.038957994766,6673.8,0,0.0037206739496606724,CONTINUE OPERATION,CONTINUE OPERATION,CONTINUE OPERATION
7206,L,299.8,309.7,1457,51.9,89,9.899999999999977,7918.729858564968,4619.099999999999,0,0.0037498188712908566,CONTINUE OPERATION,CONTINUE OPERATION,CONTINUE OPERATION
2482,L,298.9,308.7,1504,41.8,165,9.800000000000011,6583.437789058675,6896.999999999999,0,0.0036681626588633233,CONTINUE OPERATION,CONTINUE OPERATION,CONTINUE OPERATION
6101,L,300.7,310.6,1616,29.6,47,9.900000000000034,5009.122878491758,1391.2,0,0.0036837989977328116,CONTINUE OPERATION,CONTINUE OPERATION,CONTINUE OPERATION
2046,L,299.3,309.1,1388,45.5,123,9.800000000000011,6613.471414826993,5596.5,0,0.0036431388110413194,CONTINUE OPERATION,CONTINUE OPERATION,CONTINUE OPERATION
3346,L,301.3,310.7,1761,24.3,174,9.399999999999977,4481.199177007017,4228.2,0,0.004478094991688568,CONTINUE OPERATION,CONTINUE OPERATION,CONTINUE OPERATION
1089,M,296.9,307.7,2008,17.5,3,10.800000000000011,3679.852194904845,52.5,0,0.004007715219102812,CONTINUE OPERATION,CONTINUE OPERATION,CONTINUE OPERATION
3085,L,300.1,309.2,1441,42.9,148,9.099999999999966,6473.660069766735,6349.2,0,0.0036438363042448187,CONTINUE OPERATION,CONTINUE OPERATION,CONTINUE OPERATION
6714,L,301.3,310.6,1440,53.8,90,9.300000000000011,8112.848868630282,4842.0,0,0.0038586885531032276,CONTINUE OPERATION,CONTINUE OPERATION,CONTINUE OPERATION
3812,L,302.0,310.6,1392,50.0,84,8.600000000000023,7288.49495632832,4200.0,0,0.005971730832915472,CONTINUE OPERATION,CONTINUE OPERATION,CONTINUE OPERATION
9338,H,298.5,309.0,1531,30.8,212,10.5,4938.039108716533,6529.6,0,0.031492053873411016,CONTINUE OPERATION,PERFORM MAINTENANCE,CONTINUE OPERATION
8671,L,297.5,308.8,1530,37.8,157,11.300000000000011,6056.362317590402,5934.599999999999,0,0.0036553131203249704,CONTINUE OPERATION,CONTINUE OPERATION,CONTINUE OPERATION
8730,H,297.3,308.7,1569,33.9,93,11.399999999999977,5569.949527035095,3152.7,0,0.0036404426947292596,CONTINUE OPERATION,CONTINUE OPERATION,CONTINUE OPERATION
528,M,297.5,309.5,1553,42.4,60,12.0,6895.502659315261,2544.0,0,0.0036970759629314383,CONTINUE OPERATION,CONTINUE OPERATION,CONTINUE OPERATION
2539,L,299.1,308.8,1413,42.1,86,9.699999999999989,6229.495488729737,3620.6,0,0.003639775139033788,CONTINUE OPERATION,CONTINUE OPERATION,CONTINUE OPERATION
4360,L,302.1,310.1,1543,35.8,164,8.0,5784.656440956933,5871.2,0,0.003665103677490755,CONTINUE OPERATION,CONTINUE OPERATION,CONTINUE OPERATION
6202,L,301.0,310.9,1296,54.9,69,9.899999999999977,7450.852464665841,3788.1,0,0.004466693311474387,CONTINUE OPERATION,CONTINUE OPERATION,CONTINUE OPERATION
4060,M,302.0,310.9,1352,55.5,59,8.899999999999977,7857.751545158791,3274.5,0,0.013009251965091234,CONTINUE OPERATION,CONTINUE OPERATION,CONTINUE OPERATION
1586,M,298.3,308.4,1486,44.2,196,10.099999999999966,6878.119179965398,8663.2,0,0.00366572777984006,CONTINUE OPERATION,CONTINUE OPERATION,CONTINUE OPERATION
283,L,298.2,308.2,1469,43.0,88,10.0,6614.832771643549,3784.0,0,0.003950137901230201,CONTINUE OPERATION,CONTINUE OPERATION,CONTINUE OPERATION
8054,L,300.4,311.8,1405,47.9,58,11.400000000000034,7047.587159675543,2778.2,0,0.0038584379757893223,CONTINUE OPERATION,CONTINUE OPERATION,CONTINUE OPERATION
5207,M,303.8,312.7,1488,41.3,175,8.899999999999977,6435.489719025619,7227.499999999999,0,0.003647073937598922,CONTINUE OPERATION,CONTINUE OPERATION,CONTINUE OPERATION
1753,L,298.2,307.5,1470,51.3,180,9.300000000000011,7897.021453328662,9234.0,0,0.0039897619882710185,CONTINUE OPERATION,CONTINUE OPERATION,CONTINUE OPERATION
5126,L,304.3,313.5,1802,25.4,170,9.199999999999989,4793.106967630923,4318.0,0,0.0038365728168167058,CONTINUE OPERATION,CONTINUE OPERATION,CONTINUE OPERATION
7051,L,300.6,310.4,1556,37.7,122,9.799999999999955,6142.986499025386,4599.400000000001,0,0.003693415012749217,CONTINUE OPERATION,CONTINUE OPERATION,CONTINUE OPERATION
8979,M,296.9,307.5,1332,51.1,121,10.600000000000023,7127.771076170666,6183.1,0,0.0036852626757154366,CONTINUE OPERATION,CONTINUE OPERATION,CONTINUE OPERATION
7697,L,300.5,311.4,1400,45.1,29,10.899999999999977,6612.005338255317,1307.9,0,0.0038100616226264066,CONTINUE OPERATION,CONTINUE OPERATION,CONTINUE OPERATION
76,L,298.8,308.9,1461,47.9,206,10.099999999999966,7328.487430808518,9867.4,0,0.006292634869396699,CONTINUE OPERATION,PERFORM MAINTENANCE,CONTINUE OPERATION
8339,M,298.8,309.7,1499,40.3,154,10.899999999999977,6326.08899085211,6206.2,0,0.003639864083070806,CONTINUE OPERATION,CONTINUE OPERATION,CONTINUE OPERATION
2248,M,299.3,308.5,1304,60.6,8,9.199999999999989,8275.206376967802,484.8,0,0.004299022390677307,CONTINUE OPERATION,CONTINUE OPERATION,CONTINUE OPERATION
1686,H,297.9,307.3,1663,28.7,7,9.400000000000034,4998.074944326633,200.9,0,0.00415685488551823,CONTINUE OPERATION,CONTINUE OPERATION,CONTINUE OPERATION
6952,L,300.8,311.3,1498,40.2,73,10.5,6306.181765403864,2934.6000000000004,0,0.003638926025097612,CONTINUE OPERATION,CONTINUE OPERATION,CONTINUE OPERATION
9954,M,298.1,307.9,1446,42.8,121,9.799999999999955,6480.979980649599,5178.799999999999,0,0.003889807351203909,CONTINUE OPERATION,CONTINUE OPERATION,CONTINUE OPERATION
5728,M,302.4,311.9,1422,46.4,194,9.5,6909.493218599247,9001.6,0,0.003925775574814665,CONTINUE OPERATION,CONTINUE OPERATION,CONTINUE OPERATION
9191,M,297.9,309.0,1970,21.6,37,11.100000000000023,4456.035019851763,799.2,0,0.003640100013952964,CONTINUE OPERATION,CONTINUE OPERATION,CONTINUE OPERATION
